{   "properties": {     "connectionReferences": {       "shared_commondataserviceforapps_1": {         "runtimeSource": "embedded",         "connection": {           "connectionReferenceLogicalName": "admin_InnovationBacklogCDSCurrent"         },         "api": {           "name": "shared_commondataserviceforapps"         }       }     },     "definition": {       "$schema": "https://schema.management.azure.com/providers/Microsoft.Logic/schemas/2016-06-01/workflowdefinition.json#",       "contentVersion": "1.0.0.0",       "parameters": {         "$connections": {           "defaultValue": {},           "type": "Object"         },         "$authentication": {           "defaultValue": {},           "type": "SecureObject"         }       },       "triggers": {         "manual": {           "metadata": {             "operationMetadataId": "ae43da82-7f9b-4e71-840e-03d927575b22"           },           "type": "Request",           "kind": "Button",           "inputs": {             "schema": {               "type": "object",               "properties": {},               "required": []             }           }         }       },       "actions": {         "Starter_PainPoints": {           "runAfter": {},           "metadata": {             "operationMetadataId": "458cf437-2f50-49df-aff8-e67731fea6be"           },           "type": "InitializeVariable",           "inputs": {             "variables": [               {                 "name": "PPs",                 "type": "array",                 "value": [                   "Disparate Data / Processes across Team",                   "Pen and Paper Forms",                   "Time Consuming Manual Work",                   "People not enrolled in process",                   "Processing Delays",                   "Error Prone",                   "Data Loss",                   "Use a 3rd Party Tool",                   "Does not support Mobile Work"                 ]               }             ]           }         },         "Add_Pain_Points": {           "actions": {             "Apply_to_each": {               "foreach": "@variables('PPs')",               "actions": {                 "See_if_already_exists": {                   "runAfter": {},                   "metadata": {                     "operationMetadataId": "0f9848d9-9e83-4464-a2c1-f35ff9046ac3"                   },                   "type": "OpenApiConnection",                   "inputs": {                     "host": {                       "connectionName": "shared_commondataserviceforapps_1",                       "operationId": "ListRecords",                       "apiId": "/providers/Microsoft.PowerApps/apis/shared_commondataserviceforapps"                     },                     "parameters": {                       "entityName": "admin_innovationbacklogpainpointses",                       "$select": "admin_name",                       "$filter": "admin_name eq  '@{items('Apply_to_each')}'"                     },                     "authentication": "@parameters('$authentication')"                   }                 },                 "only_add_if_not_already_there": {                   "actions": {},                   "runAfter": {                     "See_if_already_exists": [                       "Succeeded"                     ]                   },                   "else": {                     "actions": {                       "Create_a_new_record": {                         "runAfter": {},                         "metadata": {                           "operationMetadataId": "2947a412-39e7-4677-8a00-4281e56234f4"                         },                         "type": "OpenApiConnection",                         "inputs": {                           "host": {                             "connectionName": "shared_commondataserviceforapps_1",                             "operationId": "CreateRecord",                             "apiId": "/providers/Microsoft.PowerApps/apis/shared_commondataserviceforapps"                           },                           "parameters": {                             "entityName": "admin_innovationbacklogpainpointses",                             "item/admin_name": "@items('Apply_to_each')",                             "item/admin_displayname": "@items('Apply_to_each')"                           },                           "authentication": "@parameters('$authentication')"                         }                       }                     }                   },                   "expression": {                     "greater": [                       "@length(outputs('See_if_already_exists')?['body/value'])",                       0                     ]                   },                   "metadata": {                     "operationMetadataId": "d6db95b1-0cd7-4cef-9fde-c060346340f5"                   },                   "type": "If"                 }               },               "runAfter": {},               "metadata": {                 "operationMetadataId": "2efb4bb7-5b95-400d-9a45-c8691d1c4d1f"               },               "type": "Foreach"             }           },           "runAfter": {             "Initialize_var_PPGUID": [               "Succeeded"             ]           },           "metadata": {             "operationMetadataId": "ef7270cd-c3cb-4f60-ba5c-48bd1d530f32"           },           "type": "Scope"         },         "Add_data_loss_pain_points": {           "actions": {             "Get_Record_-_Data_Loss": {               "runAfter": {},               "metadata": {                 "operationMetadataId": "c868cab7-37bc-4b1a-ada7-724d7399c67b"               },               "type": "OpenApiConnection",               "inputs": {                 "host": {                   "connectionName": "shared_commondataserviceforapps_1",                   "operationId": "ListRecords",                   "apiId": "/providers/Microsoft.PowerApps/apis/shared_commondataserviceforapps"                 },                 "parameters": {                   "entityName": "admin_innovationbacklogpainpointses",                   "$filter": "admin_name eq 'Data Loss'"                 },                 "authentication": "@parameters('$authentication')"               }             },             "Get_GUID_-_Data_Loss": {               "runAfter": {                 "Get_Record_-_Data_Loss": [                   "Succeeded"                 ]               },               "metadata": {                 "operationMetadataId": "b51b9c6a-cb75-4216-89f8-98da15f64d5f"               },               "type": "SetVariable",               "inputs": {                 "name": "PPGuid",                 "value": "@{first(outputs('Get_Record_-_Data_Loss')?['body/value'])?['admin_innovationbacklogpainpointsid']}"               }             },             "See_if_already_exists_-_Time_Spent_Retriving_Data": {               "runAfter": {                 "Get_GUID_-_Data_Loss": [                   "Succeeded"                 ]               },               "metadata": {                 "operationMetadataId": "62c505aa-289f-4d23-ba85-e1cd405c8276"               },               "type": "OpenApiConnection",               "inputs": {                 "host": {                   "connectionName": "shared_commondataserviceforapps_1",                   "operationId": "ListRecords",                   "apiId": "/providers/Microsoft.PowerApps/apis/shared_commondataserviceforapps"                 },                 "parameters": {                   "entityName": "admin_innovationbacklogpainpointsmeasureses",                   "$select": "admin_name",                   "$filter": "admin_name eq  'Time Spent Retriving Data'"                 },                 "authentication": "@parameters('$authentication')"               }             },             "only_add_if_not_already_there_-_Time_Spent_Retriving_Data": {               "actions": {},               "runAfter": {                 "See_if_already_exists_-_Time_Spent_Retriving_Data": [                   "Succeeded"                 ]               },               "else": {                 "actions": {                   "Add_Time_Spent_Retriving_Data": {                     "runAfter": {},                     "metadata": {                       "operationMetadataId": "c2cd3e85-4c05-45fc-8e70-6a3927471aa3"                     },                     "type": "OpenApiConnection",                     "inputs": {                       "host": {                         "connectionName": "shared_commondataserviceforapps_1",                         "operationId": "CreateRecord",                         "apiId": "/providers/Microsoft.PowerApps/apis/shared_commondataserviceforapps"                       },                       "parameters": {                         "entityName": "admin_innovationbacklogpainpointsmeasureses",                         "item/admin_name": "Time Spent Retriving Data",                         "item/admin_defaultdisplayname": "Time Spent Retriving Data",                         "item/admin_defaultmeasuretype": 597910000,                         "item/admin_DefaultPainPoints@odata.bind": "admin_innovationbacklogpainpointses(@{variables('PPGUID')})"                       },                       "authentication": "@parameters('$authentication')"                     }                   }                 }               },               "expression": {                 "greater": [                   "@length(outputs('See_if_already_exists_-_Time_Spent_Retriving_Data')?['body/value'])",                   0                 ]               },               "metadata": {                 "operationMetadataId": "6c57caef-474c-4a4e-8bc6-31618872bd80"               },               "type": "If"             },             "See_if_already_exists_-_Money_Lost_due_to_Data_Loss": {               "runAfter": {                 "only_add_if_not_already_there_-_Time_Spent_Retriving_Data": [                   "Succeeded"                 ]               },               "metadata": {                 "operationMetadataId": "68070e79-7867-4129-9492-24342cdf2933"               },               "type": "OpenApiConnection",               "inputs": {                 "host": {                   "connectionName": "shared_commondataserviceforapps_1",                   "operationId": "ListRecords",                   "apiId": "/providers/Microsoft.PowerApps/apis/shared_commondataserviceforapps"                 },                 "parameters": {                   "entityName": "admin_innovationbacklogpainpointsmeasureses",                   "$select": "admin_name",                   "$filter": "admin_name eq 'Money Lost due to Data Loss'"                 },                 "authentication": "@parameters('$authentication')"               }             },             "only_add_if_not_already_there_-_Money_Lost_due_to_Data_Loss": {               "actions": {},               "runAfter": {                 "See_if_already_exists_-_Money_Lost_due_to_Data_Loss": [                   "Succeeded"                 ]               },               "else": {                 "actions": {                   "Add_Money_Lost_due_to_Data_Loss": {                     "runAfter": {},                     "metadata": {                       "operationMetadataId": "2f6a96a9-3ba2-45c6-bf71-b93af5f49bef"                     },                     "type": "OpenApiConnection",                     "inputs": {                       "host": {                         "connectionName": "shared_commondataserviceforapps_1",                         "operationId": "CreateRecord",                         "apiId": "/providers/Microsoft.PowerApps/apis/shared_commondataserviceforapps"                       },                       "parameters": {                         "entityName": "admin_innovationbacklogpainpointsmeasureses",                         "item/admin_name": "Money Lost due to Data Loss",                         "item/admin_defaultdisplayname": "Money Lost due to Data Loss",                         "item/admin_defaultmeasuretype": 597910001,                         "item/admin_DefaultPainPoints@odata.bind": "admin_innovationbacklogpainpointses(@{variables('PPGUID')})"                       },                       "authentication": "@parameters('$authentication')"                     }                   }                 }               },               "expression": {                 "greater": [                   "@length(outputs('See_if_already_exists_-_Money_Lost_due_to_Data_Loss')?['body/value'])",                   0                 ]               },               "metadata": {                 "operationMetadataId": "b59d8cd1-0ad6-4f33-8b20-e03860d58da3"               },               "type": "If"             }           },           "runAfter": {             "Add_Pain_Points": [               "Succeeded"             ]           },           "metadata": {             "operationMetadataId": "5abd437b-eb38-43d7-af98-16fbd6e5df12"           },           "type": "Scope"         },         "Initialize_var_PPGUID": {           "runAfter": {             "Starter_PainPoints": [               "Succeeded"             ]           },           "metadata": {             "operationMetadataId": "1eb60da5-aa8b-486d-915c-f5658fac2b40"           },           "type": "InitializeVariable",           "inputs": {             "variables": [               {                 "name": "PPGUID",                 "type": "string"               }             ]           }         },         "Add_Disparate_Data_Processes_across_Team": {           "actions": {             "Get_Record_-_Disparate_Data_Processes_across_Team": {               "runAfter": {},               "metadata": {                 "operationMetadataId": "538153b4-53bd-4012-af15-fb71e7d54738"               },               "type": "OpenApiConnection",               "inputs": {                 "host": {                   "connectionName": "shared_commondataserviceforapps_1",                   "operationId": "ListRecords",                   "apiId": "/providers/Microsoft.PowerApps/apis/shared_commondataserviceforapps"                 },                 "parameters": {                   "entityName": "admin_innovationbacklogpainpointses",                   "$filter": "admin_name eq 'Disparate Data / Processes across Team'"                 },                 "authentication": "@parameters('$authentication')"               }             },             "Get_GUID_-_Disparate_Data_Processes_across_Team": {               "runAfter": {                 "Get_Record_-_Disparate_Data_Processes_across_Team": [                   "Succeeded"                 ]               },               "metadata": {                 "operationMetadataId": "54fae1da-9650-40df-99ad-7a46b49fcc4a"               },               "type": "SetVariable",               "inputs": {                 "name": "PPGuid",                 "value": "@{first(outputs('Get_Record_-_Disparate_Data_Processes_across_Team')?['body/value'])?['admin_innovationbacklogpainpointsid']}"               }             },             "See_if_already_exists_-_Time_Spent_Training": {               "runAfter": {                 "Get_GUID_-_Disparate_Data_Processes_across_Team": [                   "Succeeded"                 ]               },               "metadata": {                 "operationMetadataId": "45fb4c81-4167-48ed-9e59-e25fd57d5382"               },               "type": "OpenApiConnection",               "inputs": {                 "host": {                   "connectionName": "shared_commondataserviceforapps_1",                   "operationId": "ListRecords",                   "apiId": "/providers/Microsoft.PowerApps/apis/shared_commondataserviceforapps"                 },                 "parameters": {                   "entityName": "admin_innovationbacklogpainpointsmeasureses",                   "$select": "admin_name",                   "$filter": "admin_name eq  'Time Spent Training'"                 },                 "authentication": "@parameters('$authentication')"               }             },             "only_add_if_not_already_there_-_Time_Spent_Training": {               "actions": {},               "runAfter": {                 "See_if_already_exists_-_Time_Spent_Training": [                   "Succeeded"                 ]               },               "else": {                 "actions": {                   "Add_Time_Spent_Training": {                     "runAfter": {},                     "metadata": {                       "operationMetadataId": "59a8259d-2276-43f8-b921-01805fcc5bf7"                     },                     "type": "OpenApiConnection",                     "inputs": {                       "host": {                         "connectionName": "shared_commondataserviceforapps_1",                         "operationId": "CreateRecord",                         "apiId": "/providers/Microsoft.PowerApps/apis/shared_commondataserviceforapps"                       },                       "parameters": {                         "entityName": "admin_innovationbacklogpainpointsmeasureses",                         "item/admin_name": "Time Spent Training",                         "item/admin_defaultdisplayname": "Time Spent Training",                         "item/admin_defaultmeasuretype": 597910000,                         "item/admin_DefaultPainPoints@odata.bind": "admin_innovationbacklogpainpointses(@{variables('PPGUID')})"                       },                       "authentication": "@parameters('$authentication')"                     }                   }                 }               },               "expression": {                 "greater": [                   "@length(outputs('See_if_already_exists_-_Time_Spent_Training')?['body/value'])",                   0                 ]               },               "metadata": {                 "operationMetadataId": "7a03f3e2-29c8-4f6b-8ed2-99e80010fba8"               },               "type": "If"             },             "See_if_already_exists_-_Time_Spent_Compiling_Data": {               "runAfter": {                 "only_add_if_not_already_there_-_Time_Spent_Training": [                   "Succeeded"                 ]               },               "metadata": {                 "operationMetadataId": "911577fa-804b-4b7f-b096-a049691091c7"               },               "type": "OpenApiConnection",               "inputs": {                 "host": {                   "connectionName": "shared_commondataserviceforapps_1",                   "operationId": "ListRecords",                   "apiId": "/providers/Microsoft.PowerApps/apis/shared_commondataserviceforapps"                 },                 "parameters": {                   "entityName": "admin_innovationbacklogpainpointsmeasureses",                   "$select": "admin_name",                   "$filter": "admin_name eq 'Time Spent Compiling Data'"                 },                 "authentication": "@parameters('$authentication')"               }             },             "only_add_if_not_already_there_-_Time_Spent_Compiling_Data": {               "actions": {},               "runAfter": {                 "See_if_already_exists_-_Time_Spent_Compiling_Data": [                   "Succeeded"                 ]               },               "else": {                 "actions": {                   "Add_Time_Spent_Compiling_Data": {                     "runAfter": {},                     "metadata": {                       "operationMetadataId": "34c530b4-84c2-4b56-9254-a9fd2fdcd9df"                     },                     "type": "OpenApiConnection",                     "inputs": {                       "host": {                         "connectionName": "shared_commondataserviceforapps_1",                         "operationId": "CreateRecord",                         "apiId": "/providers/Microsoft.PowerApps/apis/shared_commondataserviceforapps"                       },                       "parameters": {                         "entityName": "admin_innovationbacklogpainpointsmeasureses",                         "item/admin_name": "Time Spent Compiling Data",                         "item/admin_defaultdisplayname": "Time Spent Compiling Data",                         "item/admin_defaultmeasuretype": 597910000,                         "item/admin_DefaultPainPoints@odata.bind": "admin_innovationbacklogpainpointses(@{variables('PPGUID')})"                       },                       "authentication": "@parameters('$authentication')"                     }                   }                 }               },               "expression": {                 "greater": [                   "@length(outputs('See_if_already_exists_-_Time_Spent_Compiling_Data')?['body/value'])",                   0                 ]               },               "metadata": {                 "operationMetadataId": "2c65dd4a-fa18-47a9-aca4-0d3522d05810"               },               "type": "If"             }           },           "runAfter": {             "Add_data_loss_pain_points": [               "Succeeded"             ]           },           "metadata": {             "operationMetadataId": "22c91220-6e3a-4651-b9a8-6885680d7b39"           },           "type": "Scope"         },         "Add_Does_not_support_Mobile_Work_": {           "actions": {             "Get_Record_-_Does_not_support_Mobile_Work": {               "runAfter": {},               "metadata": {                 "operationMetadataId": "21f3238d-87d4-4109-a452-b6b290d6e6de"               },               "type": "OpenApiConnection",               "inputs": {                 "host": {                   "connectionName": "shared_commondataserviceforapps_1",                   "operationId": "ListRecords",                   "apiId": "/providers/Microsoft.PowerApps/apis/shared_commondataserviceforapps"                 },                 "parameters": {                   "entityName": "admin_innovationbacklogpainpointses",                   "$filter": "admin_name eq 'Does not support Mobile Work'"                 },                 "authentication": "@parameters('$authentication')"               }             },             "Get_GUID_-_Does_not_support_Mobile_Work_": {               "runAfter": {                 "Get_Record_-_Does_not_support_Mobile_Work": [                   "Succeeded"                 ]               },               "metadata": {                 "operationMetadataId": "80fab47b-6144-48a3-ac84-bf53cf84b957"               },               "type": "SetVariable",               "inputs": {                 "name": "PPGuid",                 "value": "@{first(outputs('Get_Record_-_Does_not_support_Mobile_Work')?['body/value'])?['admin_innovationbacklogpainpointsid']}"               }             },             "See_if_already_exists_-_Time_spent_digitizing_later": {               "runAfter": {                 "Get_GUID_-_Does_not_support_Mobile_Work_": [                   "Succeeded"                 ]               },               "metadata": {                 "operationMetadataId": "82850de6-e74d-4f15-952a-d2b5fe0e980e"               },               "type": "OpenApiConnection",               "inputs": {                 "host": {                   "connectionName": "shared_commondataserviceforapps_1",                   "operationId": "ListRecords",                   "apiId": "/providers/Microsoft.PowerApps/apis/shared_commondataserviceforapps"                 },                 "parameters": {                   "entityName": "admin_innovationbacklogpainpointsmeasureses",                   "$select": "admin_name",                   "$filter": "admin_name eq  'Time spent digitizing later'"                 },                 "authentication": "@parameters('$authentication')"               }             },             "only_add_if_not_already_there_-_Time_spent_digitizing_later": {               "actions": {},               "runAfter": {                 "See_if_already_exists_-_Time_spent_digitizing_later": [                   "Succeeded"                 ]               },               "else": {                 "actions": {                   "Add_Time_spent_digitizing_later": {                     "runAfter": {},                     "metadata": {                       "operationMetadataId": "3d30b754-03eb-478f-9a08-df6f5c8f40b4"                     },                     "type": "OpenApiConnection",                     "inputs": {                       "host": {                         "connectionName": "shared_commondataserviceforapps_1",                         "operationId": "CreateRecord",                         "apiId": "/providers/Microsoft.PowerApps/apis/shared_commondataserviceforapps"                       },                       "parameters": {                         "entityName": "admin_innovationbacklogpainpointsmeasureses",                         "item/admin_name": "Time spent digitizing later",                         "item/admin_defaultdisplayname": "Time spent digitizing later",                         "item/admin_defaultmeasuretype": 597910000,                         "item/admin_DefaultPainPoints@odata.bind": "admin_innovationbacklogpainpointses(@{variables('PPGUID')})"                       },                       "authentication": "@parameters('$authentication')"                     }                   }                 }               },               "expression": {                 "greater": [                   "@length(outputs('See_if_already_exists_-_Time_spent_digitizing_later')?['body/value'])",                   0                 ]               },               "metadata": {                 "operationMetadataId": "11c381bd-dd9e-4588-a7ba-a0705c4a4abc"               },               "type": "If"             },             "See_if_already_exists_-_Missed_Cases": {               "runAfter": {                 "only_add_if_not_already_there_-_Time_spent_digitizing_later": [                   "Succeeded"                 ]               },               "metadata": {                 "operationMetadataId": "6e052d6b-b524-4bc2-8422-70ea1e801c3d"               },               "type": "OpenApiConnection",               "inputs": {                 "host": {                   "connectionName": "shared_commondataserviceforapps_1",                   "operationId": "ListRecords",                   "apiId": "/providers/Microsoft.PowerApps/apis/shared_commondataserviceforapps"                 },                 "parameters": {                   "entityName": "admin_innovationbacklogpainpointsmeasureses",                   "$select": "admin_name",                   "$filter": "admin_name eq 'Missed Cases'"                 },                 "authentication": "@parameters('$authentication')"               }             },             "only_add_if_not_already_there_-_Missed_Cases": {               "actions": {},               "runAfter": {                 "See_if_already_exists_-_Missed_Cases": [                   "Succeeded"                 ]               },               "else": {                 "actions": {                   "Add_Missed_Cases": {                     "runAfter": {},                     "metadata": {                       "operationMetadataId": "8815fbc5-d474-437d-a11c-f6c680a0ed6c"                     },                     "type": "OpenApiConnection",                     "inputs": {                       "host": {                         "connectionName": "shared_commondataserviceforapps_1",                         "operationId": "CreateRecord",                         "apiId": "/providers/Microsoft.PowerApps/apis/shared_commondataserviceforapps"                       },                       "parameters": {                         "entityName": "admin_innovationbacklogpainpointsmeasureses",                         "item/admin_name": "Missed Cases",                         "item/admin_defaultdisplayname": "Missed Cases",                         "item/admin_defaultmeasuretype": 597910002,                         "item/admin_defaultnumberofwhat": "Instances",                         "item/admin_DefaultPainPoints@odata.bind": "admin_innovationbacklogpainpointses(@{variables('PPGUID')})"                       },                       "authentication": "@parameters('$authentication')"                     }                   }                 }               },               "expression": {                 "greater": [                   "@length(outputs('See_if_already_exists_-_Missed_Cases')?['body/value'])",                   0                 ]               },               "metadata": {                 "operationMetadataId": "d261d6dd-0fbc-419a-8cab-eaed5fdaa6d8"               },               "type": "If"             }           },           "runAfter": {             "Add_Disparate_Data_Processes_across_Team": [               "Succeeded"             ]           },           "metadata": {             "operationMetadataId": "74421b62-e83b-484b-ba59-748dd9e49e06"           },           "type": "Scope"         },         "Add_Error_Prone": {           "actions": {             "Get_Record_-_Error_Prone": {               "runAfter": {},               "metadata": {                 "operationMetadataId": "3d5077f3-52b2-4292-87bd-39a7a7abc735"               },               "type": "OpenApiConnection",               "inputs": {                 "host": {                   "connectionName": "shared_commondataserviceforapps_1",                   "operationId": "ListRecords",                   "apiId": "/providers/Microsoft.PowerApps/apis/shared_commondataserviceforapps"                 },                 "parameters": {                   "entityName": "admin_innovationbacklogpainpointses",                   "$filter": "admin_name eq 'Error Prone'"                 },                 "authentication": "@parameters('$authentication')"               }             },             "Get_GUID_-_Error_Prone": {               "runAfter": {                 "Get_Record_-_Error_Prone": [                   "Succeeded"                 ]               },               "metadata": {                 "operationMetadataId": "6773d6a5-2ec6-4092-8963-3288d6b68163"               },               "type": "SetVariable",               "inputs": {                 "name": "PPGuid",                 "value": "@{first(outputs('Get_Record_-_Error_Prone')?['body/value'])?['admin_innovationbacklogpainpointsid']}"               }             },             "See_if_already_exists_-_Number_of_Errors": {               "runAfter": {                 "Get_GUID_-_Error_Prone": [                   "Succeeded"                 ]               },               "metadata": {                 "operationMetadataId": "c309d76d-965a-4edb-95fa-87e1ccf80162"               },               "type": "OpenApiConnection",               "inputs": {                 "host": {                   "connectionName": "shared_commondataserviceforapps_1",                   "operationId": "ListRecords",                   "apiId": "/providers/Microsoft.PowerApps/apis/shared_commondataserviceforapps"                 },                 "parameters": {                   "entityName": "admin_innovationbacklogpainpointsmeasureses",                   "$select": "admin_name",                   "$filter": "admin_name eq  'Number of Errors'"                 },                 "authentication": "@parameters('$authentication')"               }             },             "only_add_if_not_already_there_-_Number_of_Errors": {               "actions": {},               "runAfter": {                 "See_if_already_exists_-_Number_of_Errors": [                   "Succeeded"                 ]               },               "else": {                 "actions": {                   "Add_Number_of_Errors": {                     "runAfter": {},                     "metadata": {                       "operationMetadataId": "8fc51534-15ba-4c35-95e7-e4c58e3f6d1c"                     },                     "type": "OpenApiConnection",                     "inputs": {                       "host": {                         "connectionName": "shared_commondataserviceforapps_1",                         "operationId": "CreateRecord",                         "apiId": "/providers/Microsoft.PowerApps/apis/shared_commondataserviceforapps"                       },                       "parameters": {                         "entityName": "admin_innovationbacklogpainpointsmeasureses",                         "item/admin_name": "Number of Errors",                         "item/admin_defaultdisplayname": "Number of Errors",                         "item/admin_defaultmeasuretype": 597910002,                         "item/admin_defaultnumberofwhat": "Errors",                         "item/admin_DefaultPainPoints@odata.bind": "admin_innovationbacklogpainpointses(@{variables('PPGUID')})"                       },                       "authentication": "@parameters('$authentication')"                     }                   }                 }               },               "expression": {                 "greater": [                   "@length(outputs('See_if_already_exists_-_Number_of_Errors')?['body/value'])",                   0                 ]               },               "metadata": {                 "operationMetadataId": "2dc6c0c5-6fa8-4c3a-8f88-b9a7ca95dbac"               },               "type": "If"             },             "See_if_already_exists_-_Time_Spent_Fixing_Errors": {               "runAfter": {                 "only_add_if_not_already_there_-_Number_of_Errors": [                   "Succeeded"                 ]               },               "metadata": {                 "operationMetadataId": "d7ca14f0-7035-4143-96f0-af85d5103724"               },               "type": "OpenApiConnection",               "inputs": {                 "host": {                   "connectionName": "shared_commondataserviceforapps_1",                   "operationId": "ListRecords",                   "apiId": "/providers/Microsoft.PowerApps/apis/shared_commondataserviceforapps"                 },                 "parameters": {                   "entityName": "admin_innovationbacklogpainpointsmeasureses",                   "$select": "admin_name",                   "$filter": "admin_name eq 'Time Spent Fixing Errors'"                 },                 "authentication": "@parameters('$authentication')"               }             },             "only_add_if_not_already_there_-_Time_Spent_Fixing_Errors": {               "actions": {},               "runAfter": {                 "See_if_already_exists_-_Time_Spent_Fixing_Errors": [                   "Succeeded"                 ]               },               "else": {                 "actions": {                   "Add_Time_Spent_Fixing_Errors": {                     "runAfter": {},                     "metadata": {                       "operationMetadataId": "314e8d7e-17b8-4dbc-860a-775baddb59b2"                     },                     "type": "OpenApiConnection",                     "inputs": {                       "host": {                         "connectionName": "shared_commondataserviceforapps_1",                         "operationId": "CreateRecord",                         "apiId": "/providers/Microsoft.PowerApps/apis/shared_commondataserviceforapps"                       },                       "parameters": {                         "entityName": "admin_innovationbacklogpainpointsmeasureses",                         "item/admin_name": "Time Spent Fixing Errors",                         "item/admin_defaultdisplayname": "Time Spent Fixing Errors",                         "item/admin_defaultmeasuretype": 597910000,                         "item/admin_DefaultPainPoints@odata.bind": "admin_innovationbacklogpainpointses(@{variables('PPGUID')})"                       },                       "authentication": "@parameters('$authentication')"                     }                   }                 }               },               "expression": {                 "greater": [                   "@length(outputs('See_if_already_exists_-_Time_Spent_Fixing_Errors')?['body/value'])",                   0                 ]               },               "metadata": {                 "operationMetadataId": "a21be27c-3e91-499d-97aa-b0eddadd484d"               },               "type": "If"             },             "See_if_already_exists_-_Cost_to_fix_errors": {               "runAfter": {                 "only_add_if_not_already_there_-_Time_Spent_Fixing_Errors": [                   "Succeeded"                 ]               },               "metadata": {                 "operationMetadataId": "adcb0d96-78d6-4396-a3b8-c8ae920623ce"               },               "type": "OpenApiConnection",               "inputs": {                 "host": {                   "connectionName": "shared_commondataserviceforapps_1",                   "operationId": "ListRecords",                   "apiId": "/providers/Microsoft.PowerApps/apis/shared_commondataserviceforapps"                 },                 "parameters": {                   "entityName": "admin_innovationbacklogpainpointsmeasureses",                   "$select": "admin_name",                   "$filter": "admin_name eq 'Cost to fix errors'"                 },                 "authentication": "@parameters('$authentication')"               }             },             "only_add_if_not_already_there_-_Cost_to_fix_errors": {               "actions": {},               "runAfter": {                 "See_if_already_exists_-_Cost_to_fix_errors": [                   "Succeeded"                 ]               },               "else": {                 "actions": {                   "Add_Cost_to_fix_errors": {                     "runAfter": {},                     "metadata": {                       "operationMetadataId": "ecd5ac36-c3b3-41d9-a384-dbdc64f97044"                     },                     "type": "OpenApiConnection",                     "inputs": {                       "host": {                         "connectionName": "shared_commondataserviceforapps_1",                         "operationId": "CreateRecord",                         "apiId": "/providers/Microsoft.PowerApps/apis/shared_commondataserviceforapps"                       },                       "parameters": {                         "entityName": "admin_innovationbacklogpainpointsmeasureses",                         "item/admin_name": "Cost to fix errors",                         "item/admin_defaultdisplayname": "Cost to fix errors",                         "item/admin_defaultmeasuretype": 597910001,                         "item/admin_DefaultPainPoints@odata.bind": "admin_innovationbacklogpainpointses(@{variables('PPGUID')})"                       },                       "authentication": "@parameters('$authentication')"                     }                   }                 }               },               "expression": {                 "greater": [                   "@length(outputs('See_if_already_exists_-_Cost_to_fix_errors')?['body/value'])",                   0                 ]               },               "metadata": {                 "operationMetadataId": "f8f6a103-0cb3-48c8-bd91-1232263537d9"               },               "type": "If"             }           },           "runAfter": {             "Add_Does_not_support_Mobile_Work_": [               "Succeeded"             ]           },           "metadata": {             "operationMetadataId": "2714c33f-f22e-420c-9ab6-269900ca80d0"           },           "type": "Scope"         },         "Add_Pen_and_Paper_Forms": {           "actions": {             "Get_Record_-_Pen_and_Paper_Forms": {               "runAfter": {},               "metadata": {                 "operationMetadataId": "3305af9b-8bea-4da3-a107-110de6b4fe15"               },               "type": "OpenApiConnection",               "inputs": {                 "host": {                   "connectionName": "shared_commondataserviceforapps_1",                   "operationId": "ListRecords",                   "apiId": "/providers/Microsoft.PowerApps/apis/shared_commondataserviceforapps"                 },                 "parameters": {                   "entityName": "admin_innovationbacklogpainpointses",                   "$filter": "admin_name eq 'Pen and Paper Forms'"                 },                 "authentication": "@parameters('$authentication')"               }             },             "Get_GUID_-_Pen_and_Paper_Forms": {               "runAfter": {                 "Get_Record_-_Pen_and_Paper_Forms": [                   "Succeeded"                 ]               },               "metadata": {                 "operationMetadataId": "3b5fd2f5-4edc-4c4a-a420-f8215e37a2e1"               },               "type": "SetVariable",               "inputs": {                 "name": "PPGuid",                 "value": "@{first(outputs('Get_Record_-_Pen_and_Paper_Forms')?['body/value'])?['admin_innovationbacklogpainpointsid']}"               }             },             "See_if_already_exists_-_Data_Loss": {               "runAfter": {                 "Get_GUID_-_Pen_and_Paper_Forms": [                   "Succeeded"                 ]               },               "metadata": {                 "operationMetadataId": "f8c619a7-7059-4416-87ce-2142dcfe7c9c"               },               "type": "OpenApiConnection",               "inputs": {                 "host": {                   "connectionName": "shared_commondataserviceforapps_1",                   "operationId": "ListRecords",                   "apiId": "/providers/Microsoft.PowerApps/apis/shared_commondataserviceforapps"                 },                 "parameters": {                   "entityName": "admin_innovationbacklogpainpointsmeasureses",                   "$select": "admin_name",                   "$filter": "admin_name eq  'Data Loss'"                 },                 "authentication": "@parameters('$authentication')"               }             },             "only_add_if_not_already_there_-_Data_Loss": {               "actions": {},               "runAfter": {                 "See_if_already_exists_-_Data_Loss": [                   "Succeeded"                 ]               },               "else": {                 "actions": {                   "Add_Data_Loss": {                     "runAfter": {},                     "metadata": {                       "operationMetadataId": "24318ca9-4744-4bed-8404-6719c342607d"                     },                     "type": "OpenApiConnection",                     "inputs": {                       "host": {                         "connectionName": "shared_commondataserviceforapps_1",                         "operationId": "CreateRecord",                         "apiId": "/providers/Microsoft.PowerApps/apis/shared_commondataserviceforapps"                       },                       "parameters": {                         "entityName": "admin_innovationbacklogpainpointsmeasureses",                         "item/admin_name": "Data Loss",                         "item/admin_defaultdisplayname": "Data Loss",                         "item/admin_defaultmeasuretype": 597910002,                         "item/admin_defaultnumberofwhat": "Forms",                         "item/admin_DefaultPainPoints@odata.bind": "admin_innovationbacklogpainpointses(@{variables('PPGUID')})"                       },                       "authentication": "@parameters('$authentication')"                     }                   }                 }               },               "expression": {                 "greater": [                   "@length(outputs('See_if_already_exists_-_Data_Loss')?['body/value'])",                   0                 ]               },               "metadata": {                 "operationMetadataId": "ac82ac44-e183-472a-afe9-a258babd4d15"               },               "type": "If"             },             "See_if_already_exists_-_Trees_Saved": {               "runAfter": {                 "only_add_if_not_already_there_-_Data_Loss": [                   "Succeeded"                 ]               },               "metadata": {                 "operationMetadataId": "58354615-4fc1-4e18-9db2-fae66b9014ee"               },               "type": "OpenApiConnection",               "inputs": {                 "host": {                   "connectionName": "shared_commondataserviceforapps_1",                   "operationId": "ListRecords",                   "apiId": "/providers/Microsoft.PowerApps/apis/shared_commondataserviceforapps"                 },                 "parameters": {                   "entityName": "admin_innovationbacklogpainpointsmeasureses",                   "$select": "admin_name",                   "$filter": "admin_name eq 'Trees Saved'"                 },                 "authentication": "@parameters('$authentication')"               }             },             "only_add_if_not_already_there_-_Trees_Saved": {               "actions": {},               "runAfter": {                 "See_if_already_exists_-_Trees_Saved": [                   "Succeeded"                 ]               },               "else": {                 "actions": {                   "Add_Trees_Saved": {                     "runAfter": {},                     "metadata": {                       "operationMetadataId": "b75fac75-1884-4dda-8eb8-d3faa1624850"                     },                     "type": "OpenApiConnection",                     "inputs": {                       "host": {                         "connectionName": "shared_commondataserviceforapps_1",                         "operationId": "CreateRecord",                         "apiId": "/providers/Microsoft.PowerApps/apis/shared_commondataserviceforapps"                       },                       "parameters": {                         "entityName": "admin_innovationbacklogpainpointsmeasureses",                         "item/admin_name": "Trees Saved",                         "item/admin_defaultdisplayname": "Trees Saved",                         "item/admin_defaultmeasuretype": 597910002,                         "item/admin_defaultnumberofwhat": "Trees",                         "item/admin_DefaultPainPoints@odata.bind": "admin_innovationbacklogpainpointses(@{variables('PPGUID')})"                       },                       "authentication": "@parameters('$authentication')"                     }                   }                 }               },               "expression": {                 "greater": [                   "@length(outputs('See_if_already_exists_-_Trees_Saved')?['body/value'])",                   0                 ]               },               "metadata": {                 "operationMetadataId": "99ed5a86-11ea-4c31-9c11-edbecf979c4d"               },               "type": "If"             },             "See_if_already_exists_-_Time_Saved_Transferring_to_Digital": {               "runAfter": {                 "only_add_if_not_already_there_-_Trees_Saved": [                   "Succeeded"                 ]               },               "metadata": {                 "operationMetadataId": "614dd106-cc2b-4758-bfcd-e9bb56fb64f0"               },               "type": "OpenApiConnection",               "inputs": {                 "host": {                   "connectionName": "shared_commondataserviceforapps_1",                   "operationId": "ListRecords",                   "apiId": "/providers/Microsoft.PowerApps/apis/shared_commondataserviceforapps"                 },                 "parameters": {                   "entityName": "admin_innovationbacklogpainpointsmeasureses",                   "$select": "admin_name",                   "$filter": "admin_name eq 'Time Saved Transferring to Digital'"                 },                 "authentication": "@parameters('$authentication')"               }             },             "only_add_if_not_already_there_-_Time_Saved_Transferring_to_Digital": {               "actions": {},               "runAfter": {                 "See_if_already_exists_-_Time_Saved_Transferring_to_Digital": [                   "Succeeded"                 ]               },               "else": {                 "actions": {                   "Add_Time_Saved_Transferring_to_Digital": {                     "runAfter": {},                     "metadata": {                       "operationMetadataId": "98c038e4-1f03-4f6e-8804-2263fd9f568b"                     },                     "type": "OpenApiConnection",                     "inputs": {                       "host": {                         "connectionName": "shared_commondataserviceforapps_1",                         "operationId": "CreateRecord",                         "apiId": "/providers/Microsoft.PowerApps/apis/shared_commondataserviceforapps"                       },                       "parameters": {                         "entityName": "admin_innovationbacklogpainpointsmeasureses",                         "item/admin_name": "Time Saved Transferring to Digital",                         "item/admin_defaultdisplayname": "Time Saved Transferring to Digital",                         "item/admin_defaultmeasuretype": 597910000,                         "item/admin_DefaultPainPoints@odata.bind": "admin_innovationbacklogpainpointses(@{variables('PPGUID')})"                       },                       "authentication": "@parameters('$authentication')"                     }                   }                 }               },               "expression": {                 "greater": [                   "@length(outputs('See_if_already_exists_-_Time_Saved_Transferring_to_Digital')?['body/value'])",                   0                 ]               },               "metadata": {                 "operationMetadataId": "0221652e-2dad-426e-a652-e20834942e89"               },               "type": "If"             }           },           "runAfter": {             "Add_Error_Prone": [               "Succeeded"             ]           },           "metadata": {             "operationMetadataId": "cd7bf414-7718-4e49-8d0b-715ccb10cf3a"           },           "type": "Scope"         },         "Add_People_not_enrolled_in_process": {           "actions": {             "Get_Record_-_People_not_enrolled_in_process": {               "runAfter": {},               "metadata": {                 "operationMetadataId": "60a804c8-0f14-4d1b-9371-837362b5991a"               },               "type": "OpenApiConnection",               "inputs": {                 "host": {                   "connectionName": "shared_commondataserviceforapps_1",                   "operationId": "ListRecords",                   "apiId": "/providers/Microsoft.PowerApps/apis/shared_commondataserviceforapps"                 },                 "parameters": {                   "entityName": "admin_innovationbacklogpainpointses",                   "$filter": "admin_name eq 'People not enrolled in process'"                 },                 "authentication": "@parameters('$authentication')"               }             },             "Get_GUID_-_People_not_enrolled_in_process": {               "runAfter": {                 "Get_Record_-_People_not_enrolled_in_process": [                   "Succeeded"                 ]               },               "metadata": {                 "operationMetadataId": "a40379bd-a0d2-46aa-a8bf-ea74e68a4a2a"               },               "type": "SetVariable",               "inputs": {                 "name": "PPGuid",                 "value": "@{first(outputs('Get_Record_-_People_not_enrolled_in_process')?['body/value'])?['admin_innovationbacklogpainpointsid']}"               }             },             "See_if_already_exists_-_Time_Spent_Chasing_People": {               "runAfter": {                 "Get_GUID_-_People_not_enrolled_in_process": [                   "Succeeded"                 ]               },               "metadata": {                 "operationMetadataId": "6ea7efc8-60cd-4289-bd4c-e0efafabe38c"               },               "type": "OpenApiConnection",               "inputs": {                 "host": {                   "connectionName": "shared_commondataserviceforapps_1",                   "operationId": "ListRecords",                   "apiId": "/providers/Microsoft.PowerApps/apis/shared_commondataserviceforapps"                 },                 "parameters": {                   "entityName": "admin_innovationbacklogpainpointsmeasureses",                   "$select": "admin_name",                   "$filter": "admin_name eq  'Time Spent Chasing People'"                 },                 "authentication": "@parameters('$authentication')"               }             },             "only_add_if_not_already_there_-_Time_Spent_Chasing_People": {               "actions": {},               "runAfter": {                 "See_if_already_exists_-_Time_Spent_Chasing_People": [                   "Succeeded"                 ]               },               "else": {                 "actions": {                   "Add_Time_Spent_Chasing_People": {                     "runAfter": {},                     "metadata": {                       "operationMetadataId": "fa8d9993-e672-4eee-8aa9-c47780fc8aef"                     },                     "type": "OpenApiConnection",                     "inputs": {                       "host": {                         "connectionName": "shared_commondataserviceforapps_1",                         "operationId": "CreateRecord",                         "apiId": "/providers/Microsoft.PowerApps/apis/shared_commondataserviceforapps"                       },                       "parameters": {                         "entityName": "admin_innovationbacklogpainpointsmeasureses",                         "item/admin_name": "Time Spent Chasing People",                         "item/admin_defaultdisplayname": "Time Spent Chasing People",                         "item/admin_defaultmeasuretype": 597910000,                         "item/admin_DefaultPainPoints@odata.bind": "admin_innovationbacklogpainpointses(@{variables('PPGUID')})"                       },                       "authentication": "@parameters('$authentication')"                     }                   }                 }               },               "expression": {                 "greater": [                   "@length(outputs('See_if_already_exists_-_Time_Spent_Chasing_People')?['body/value'])",                   0                 ]               },               "metadata": {                 "operationMetadataId": "9120c534-cce4-4b9d-876e-005e07494286"               },               "type": "If"             },             "See_if_already_exists_-_Low_Quality_Work": {               "runAfter": {                 "only_add_if_not_already_there_-_Time_Spent_Chasing_People": [                   "Succeeded"                 ]               },               "metadata": {                 "operationMetadataId": "571ca622-5827-405a-be15-1932d079a6ec"               },               "type": "OpenApiConnection",               "inputs": {                 "host": {                   "connectionName": "shared_commondataserviceforapps_1",                   "operationId": "ListRecords",                   "apiId": "/providers/Microsoft.PowerApps/apis/shared_commondataserviceforapps"                 },                 "parameters": {                   "entityName": "admin_innovationbacklogpainpointsmeasureses",                   "$select": "admin_name",                   "$filter": "admin_name eq 'Low Quality Work'"                 },                 "authentication": "@parameters('$authentication')"               }             },             "only_add_if_not_already_there_-_Low_Quality_Work": {               "actions": {},               "runAfter": {                 "See_if_already_exists_-_Low_Quality_Work": [                   "Succeeded"                 ]               },               "else": {                 "actions": {                   "Add_Low_Quality_Work": {                     "runAfter": {},                     "metadata": {                       "operationMetadataId": "aafb1ce7-c7bd-46d8-b89f-7a3e93cc79f2"                     },                     "type": "OpenApiConnection",                     "inputs": {                       "host": {                         "connectionName": "shared_commondataserviceforapps_1",                         "operationId": "CreateRecord",                         "apiId": "/providers/Microsoft.PowerApps/apis/shared_commondataserviceforapps"                       },                       "parameters": {                         "entityName": "admin_innovationbacklogpainpointsmeasureses",                         "item/admin_name": "Low Quality Work",                         "item/admin_defaultdisplayname": "Low Quality Work",                         "item/admin_defaultmeasuretype": 597910003,                         "item/admin_DefaultPainPoints@odata.bind": "admin_innovationbacklogpainpointses(@{variables('PPGUID')})"                       },                       "authentication": "@parameters('$authentication')"                     }                   }                 }               },               "expression": {                 "greater": [                   "@length(outputs('See_if_already_exists_-_Low_Quality_Work')?['body/value'])",                   0                 ]               },               "metadata": {                 "operationMetadataId": "1545b526-50e1-415d-af0d-8cb80e9625b0"               },               "type": "If"             }           },           "runAfter": {             "Add_Pen_and_Paper_Forms": [               "Succeeded"             ]           },           "metadata": {             "operationMetadataId": "df660253-15fe-4dc3-adba-68260543cd5f"           },           "type": "Scope"         },         "Add_Processing_Delays": {           "actions": {             "Get_Record_-_Processing_Delays": {               "runAfter": {},               "metadata": {                 "operationMetadataId": "109a0e5a-2231-4a6e-8490-97eab9a9096e"               },               "type": "OpenApiConnection",               "inputs": {                 "host": {                   "connectionName": "shared_commondataserviceforapps_1",                   "operationId": "ListRecords",                   "apiId": "/providers/Microsoft.PowerApps/apis/shared_commondataserviceforapps"                 },                 "parameters": {                   "entityName": "admin_innovationbacklogpainpointses",                   "$filter": "admin_name eq 'Processing Delays'"                 },                 "authentication": "@parameters('$authentication')"               }             },             "Get_GUID_-_Processing_Delays": {               "runAfter": {                 "Get_Record_-_Processing_Delays": [                   "Succeeded"                 ]               },               "metadata": {                 "operationMetadataId": "e23c4022-f0bc-49a6-bfb2-4a59897e5935"               },               "type": "SetVariable",               "inputs": {                 "name": "PPGuid",                 "value": "@{first(outputs('Get_Record_-_Processing_Delays')?['body/value'])?['admin_innovationbacklogpainpointsid']}"               }             },             "See_if_already_exists_-_Accumulation_of_Fines": {               "runAfter": {                 "Get_GUID_-_Processing_Delays": [                   "Succeeded"                 ]               },               "metadata": {                 "operationMetadataId": "0a3709a7-5043-4e5d-8ed3-a092b41d82fc"               },               "type": "OpenApiConnection",               "inputs": {                 "host": {                   "connectionName": "shared_commondataserviceforapps_1",                   "operationId": "ListRecords",                   "apiId": "/providers/Microsoft.PowerApps/apis/shared_commondataserviceforapps"                 },                 "parameters": {                   "entityName": "admin_innovationbacklogpainpointsmeasureses",                   "$select": "admin_name",                   "$filter": "admin_name eq  'Accumulation of Fines'"                 },                 "authentication": "@parameters('$authentication')"               }             },             "only_add_if_not_already_there_-_Accumulation_of_Fines": {               "actions": {},               "runAfter": {                 "See_if_already_exists_-_Accumulation_of_Fines": [                   "Succeeded"                 ]               },               "else": {                 "actions": {                   "Add_Accumulation_of_Fines": {                     "runAfter": {},                     "metadata": {                       "operationMetadataId": "0f189ebf-45d9-4ee5-a3d5-de278ad863dc"                     },                     "type": "OpenApiConnection",                     "inputs": {                       "host": {                         "connectionName": "shared_commondataserviceforapps_1",                         "operationId": "CreateRecord",                         "apiId": "/providers/Microsoft.PowerApps/apis/shared_commondataserviceforapps"                       },                       "parameters": {                         "entityName": "admin_innovationbacklogpainpointsmeasureses",                         "item/admin_name": "Accumulation of Fines",                         "item/admin_defaultdisplayname": "Accumulation of Fines",                         "item/admin_defaultmeasuretype": 597910001,                         "item/admin_DefaultPainPoints@odata.bind": "admin_innovationbacklogpainpointses(@{variables('PPGUID')})"                       },                       "authentication": "@parameters('$authentication')"                     }                   }                 }               },               "expression": {                 "greater": [                   "@length(outputs('See_if_already_exists_-_Accumulation_of_Fines')?['body/value'])",                   0                 ]               },               "metadata": {                 "operationMetadataId": "f1d11e93-5e41-43ce-a6ce-e0e9a9d35ef4"               },               "type": "If"             },             "See_if_already_exists_-_Loss_of_Customers": {               "runAfter": {                 "only_add_if_not_already_there_-_Accumulation_of_Fines": [                   "Succeeded"                 ]               },               "metadata": {                 "operationMetadataId": "bc712245-4237-4037-8545-cfcea69671ef"               },               "type": "OpenApiConnection",               "inputs": {                 "host": {                   "connectionName": "shared_commondataserviceforapps_1",                   "operationId": "ListRecords",                   "apiId": "/providers/Microsoft.PowerApps/apis/shared_commondataserviceforapps"                 },                 "parameters": {                   "entityName": "admin_innovationbacklogpainpointsmeasureses",                   "$select": "admin_name",                   "$filter": "admin_name eq 'Loss of Customers'"                 },                 "authentication": "@parameters('$authentication')"               }             },             "only_add_if_not_already_there_-_Loss_of_Customers": {               "actions": {},               "runAfter": {                 "See_if_already_exists_-_Loss_of_Customers": [                   "Succeeded"                 ]               },               "else": {                 "actions": {                   "Add_Loss_of_Customers": {                     "runAfter": {},                     "metadata": {                       "operationMetadataId": "458d846f-4491-4f8b-be06-56713219b48b"                     },                     "type": "OpenApiConnection",                     "inputs": {                       "host": {                         "connectionName": "shared_commondataserviceforapps_1",                         "operationId": "CreateRecord",                         "apiId": "/providers/Microsoft.PowerApps/apis/shared_commondataserviceforapps"                       },                       "parameters": {                         "entityName": "admin_innovationbacklogpainpointsmeasureses",                         "item/admin_name": "Loss of Customers",                         "item/admin_defaultdisplayname": "Loss of Customers",                         "item/admin_defaultmeasuretype": 597910002,                         "item/admin_defaultnumberofwhat": "Customers",                         "item/admin_DefaultPainPoints@odata.bind": "admin_innovationbacklogpainpointses(@{variables('PPGUID')})"                       },                       "authentication": "@parameters('$authentication')"                     }                   }                 }               },               "expression": {                 "greater": [                   "@length(outputs('See_if_already_exists_-_Loss_of_Customers')?['body/value'])",                   0                 ]               },               "metadata": {                 "operationMetadataId": "a705dda4-7dc3-4b51-9fa6-6315447814b8"               },               "type": "If"             },             "See_if_already_exists_-_Loss_of_Sales": {               "runAfter": {                 "only_add_if_not_already_there_-_Loss_of_Customers": [                   "Succeeded"                 ]               },               "metadata": {                 "operationMetadataId": "e0edd504-c740-4ed3-90ed-161e116c3307"               },               "type": "OpenApiConnection",               "inputs": {                 "host": {                   "connectionName": "shared_commondataserviceforapps_1",                   "operationId": "ListRecords",                   "apiId": "/providers/Microsoft.PowerApps/apis/shared_commondataserviceforapps"                 },                 "parameters": {                   "entityName": "admin_innovationbacklogpainpointsmeasureses",                   "$select": "admin_name",                   "$filter": "admin_name eq 'Loss of Sales'"                 },                 "authentication": "@parameters('$authentication')"               }             },             "only_add_if_not_already_there_-_Loss_of_Sales": {               "actions": {},               "runAfter": {                 "See_if_already_exists_-_Loss_of_Sales": [                   "Succeeded"                 ]               },               "else": {                 "actions": {                   "Add_Loss_of_Sales": {                     "runAfter": {},                     "metadata": {                       "operationMetadataId": "08997ecd-38eb-44f5-a0f4-8dd53dde26ff"                     },                     "type": "OpenApiConnection",                     "inputs": {                       "host": {                         "connectionName": "shared_commondataserviceforapps_1",                         "operationId": "CreateRecord",                         "apiId": "/providers/Microsoft.PowerApps/apis/shared_commondataserviceforapps"                       },                       "parameters": {                         "entityName": "admin_innovationbacklogpainpointsmeasureses",                         "item/admin_name": "Loss of Sales",                         "item/admin_defaultdisplayname": "Loss of Sales",                         "item/admin_defaultmeasuretype": 597910002,                         "item/admin_defaultnumberofwhat": "Sales",                         "item/admin_DefaultPainPoints@odata.bind": "admin_innovationbacklogpainpointses(@{variables('PPGUID')})"                       },                       "authentication": "@parameters('$authentication')"                     }                   }                 }               },               "expression": {                 "greater": [                   "@length(outputs('See_if_already_exists_-_Loss_of_Sales')?['body/value'])",                   0                 ]               },               "metadata": {                 "operationMetadataId": "962e2c0d-893f-4f92-9585-e6c5e0bf81ea"               },               "type": "If"             }           },           "runAfter": {             "Add_People_not_enrolled_in_process": [               "Succeeded"             ]           },           "metadata": {             "operationMetadataId": "9e327e8d-3f27-41c1-bc3b-69279f06e386"           },           "type": "Scope"         },         "Add_Time_Consuming_Manual_Work": {           "actions": {             "Get_Record_-_Time_Consuming_Manual_Work": {               "runAfter": {},               "metadata": {                 "operationMetadataId": "5d9a5091-b52f-42cb-b0aa-bc7a2636642b"               },               "type": "OpenApiConnection",               "inputs": {                 "host": {                   "connectionName": "shared_commondataserviceforapps_1",                   "operationId": "ListRecords",                   "apiId": "/providers/Microsoft.PowerApps/apis/shared_commondataserviceforapps"                 },                 "parameters": {                   "entityName": "admin_innovationbacklogpainpointses",                   "$filter": "admin_name eq 'Time Consuming Manual Work'"                 },                 "authentication": "@parameters('$authentication')"               }             },             "Get_GUID_-_Time_Consuming_Manual_Work": {               "runAfter": {                 "Get_Record_-_Time_Consuming_Manual_Work": [                   "Succeeded"                 ]               },               "metadata": {                 "operationMetadataId": "8338f7b3-2bf9-41b7-aaea-d6da5374bee3"               },               "type": "SetVariable",               "inputs": {                 "name": "PPGuid",                 "value": "@{first(outputs('Get_Record_-_Time_Consuming_Manual_Work')?['body/value'])?['admin_innovationbacklogpainpointsid']}"               }             },             "See_if_already_exists_-_Employee_Attrition": {               "runAfter": {                 "Get_GUID_-_Time_Consuming_Manual_Work": [                   "Succeeded"                 ]               },               "metadata": {                 "operationMetadataId": "effb8855-6993-418b-b06b-406d58d5b78a"               },               "type": "OpenApiConnection",               "inputs": {                 "host": {                   "connectionName": "shared_commondataserviceforapps_1",                   "operationId": "ListRecords",                   "apiId": "/providers/Microsoft.PowerApps/apis/shared_commondataserviceforapps"                 },                 "parameters": {                   "entityName": "admin_innovationbacklogpainpointsmeasureses",                   "$select": "admin_name",                   "$filter": "admin_name eq  'Employee Attrition'"                 },                 "authentication": "@parameters('$authentication')"               }             },             "only_add_if_not_already_there_-_Employee_Attrition": {               "actions": {},               "runAfter": {                 "See_if_already_exists_-_Employee_Attrition": [                   "Succeeded"                 ]               },               "else": {                 "actions": {                   "Add_Employee_Attrition": {                     "runAfter": {},                     "metadata": {                       "operationMetadataId": "b9877daa-d72c-48e4-86b2-1c442102a96c"                     },                     "type": "OpenApiConnection",                     "inputs": {                       "host": {                         "connectionName": "shared_commondataserviceforapps_1",                         "operationId": "CreateRecord",                         "apiId": "/providers/Microsoft.PowerApps/apis/shared_commondataserviceforapps"                       },                       "parameters": {                         "entityName": "admin_innovationbacklogpainpointsmeasureses",                         "item/admin_name": "Employee Attrition",                         "item/admin_defaultdisplayname": "Employee Attrition",                         "item/admin_defaultmeasuretype": 597910002,                         "item/admin_defaultnumberofwhat": "Employees",                         "item/admin_DefaultPainPoints@odata.bind": "admin_innovationbacklogpainpointses(@{variables('PPGUID')})"                       },                       "authentication": "@parameters('$authentication')"                     }                   }                 }               },               "expression": {                 "greater": [                   "@length(outputs('See_if_already_exists_-_Employee_Attrition')?['body/value'])",                   0                 ]               },               "metadata": {                 "operationMetadataId": "4f921631-0e1f-44a1-b8b7-b2c8d3ad61a4"               },               "type": "If"             },             "See_if_already_exists_-_Time_Spent_on_Manual_Work": {               "runAfter": {                 "only_add_if_not_already_there_-_Employee_Attrition": [                   "Succeeded"                 ]               },               "metadata": {                 "operationMetadataId": "7abfcb79-2e3d-4f63-bbf0-440b8b0c3f84"               },               "type": "OpenApiConnection",               "inputs": {                 "host": {                   "connectionName": "shared_commondataserviceforapps_1",                   "operationId": "ListRecords",                   "apiId": "/providers/Microsoft.PowerApps/apis/shared_commondataserviceforapps"                 },                 "parameters": {                   "entityName": "admin_innovationbacklogpainpointsmeasureses",                   "$select": "admin_name",                   "$filter": "admin_name eq 'Time Spent on Manual Work'"                 },                 "authentication": "@parameters('$authentication')"               }             },             "only_add_if_not_already_there_-_Time_Spent_on_Manual_Work": {               "actions": {},               "runAfter": {                 "See_if_already_exists_-_Time_Spent_on_Manual_Work": [                   "Succeeded"                 ]               },               "else": {                 "actions": {                   "Add_Time_Spent_on_Manual_Work": {                     "runAfter": {},                     "metadata": {                       "operationMetadataId": "5366ac3a-9d07-4885-b35f-3d6abf6077ac"                     },                     "type": "OpenApiConnection",                     "inputs": {                       "host": {                         "connectionName": "shared_commondataserviceforapps_1",                         "operationId": "CreateRecord",                         "apiId": "/providers/Microsoft.PowerApps/apis/shared_commondataserviceforapps"                       },                       "parameters": {                         "entityName": "admin_innovationbacklogpainpointsmeasureses",                         "item/admin_name": "Time Spent on Manual Work",                         "item/admin_defaultdisplayname": "Time Spent on Manual Work",                         "item/admin_defaultmeasuretype": 597910000,                         "item/admin_DefaultPainPoints@odata.bind": "admin_innovationbacklogpainpointses(@{variables('PPGUID')})"                       },                       "authentication": "@parameters('$authentication')"                     }                   }                 }               },               "expression": {                 "greater": [                   "@length(outputs('See_if_already_exists_-_Time_Spent_on_Manual_Work')?['body/value'])",                   0                 ]               },               "metadata": {                 "operationMetadataId": "90a6cf65-f868-4b9f-881f-f4d71bd35cf5"               },               "type": "If"             }           },           "runAfter": {             "Add_Processing_Delays": [               "Succeeded"             ]           },           "metadata": {             "operationMetadataId": "669da1ca-35d3-492b-aa22-6e7f89d7c572"           },           "type": "Scope"         },         "Add_Use_a_3rd_Party_Tool": {           "actions": {             "Get_Record_-_Use_a_3rd_Party_Tool": {               "runAfter": {},               "metadata": {                 "operationMetadataId": "6857864f-c7c4-47df-9f9f-38f1c9f7d323"               },               "type": "OpenApiConnection",               "inputs": {                 "host": {                   "connectionName": "shared_commondataserviceforapps_1",                   "operationId": "ListRecords",                   "apiId": "/providers/Microsoft.PowerApps/apis/shared_commondataserviceforapps"                 },                 "parameters": {                   "entityName": "admin_innovationbacklogpainpointses",                   "$filter": "admin_name eq 'Use a 3rd Party Tool'"                 },                 "authentication": "@parameters('$authentication')"               }             },             "Get_GUID_-_Use_a_3rd_Party_Tool": {               "runAfter": {                 "Get_Record_-_Use_a_3rd_Party_Tool": [                   "Succeeded"                 ]               },               "metadata": {                 "operationMetadataId": "0e28a157-ec8f-4e48-85e6-6c2e937b79a8"               },               "type": "SetVariable",               "inputs": {                 "name": "PPGuid",                 "value": "@{first(outputs('Get_Record_-_Use_a_3rd_Party_Tool')?['body/value'])?['admin_innovationbacklogpainpointsid']}"               }             },             "See_if_already_exists_-_License_Fees": {               "runAfter": {                 "Get_GUID_-_Use_a_3rd_Party_Tool": [                   "Succeeded"                 ]               },               "metadata": {                 "operationMetadataId": "963947ea-08d4-4334-abbd-2392e8aac74d"               },               "type": "OpenApiConnection",               "inputs": {                 "host": {                   "connectionName": "shared_commondataserviceforapps_1",                   "operationId": "ListRecords",                   "apiId": "/providers/Microsoft.PowerApps/apis/shared_commondataserviceforapps"                 },                 "parameters": {                   "entityName": "admin_innovationbacklogpainpointsmeasureses",                   "$select": "admin_name",                   "$filter": "admin_name eq  'License Fees'"                 },                 "authentication": "@parameters('$authentication')"               }             },             "only_add_if_not_already_there_-_License_Fees": {               "actions": {},               "runAfter": {                 "See_if_already_exists_-_License_Fees": [                   "Succeeded"                 ]               },               "else": {                 "actions": {                   "Add_License_Fees": {                     "runAfter": {},                     "metadata": {                       "operationMetadataId": "22e6601d-7d18-46e2-b564-ea9fd0dcb58d"                     },                     "type": "OpenApiConnection",                     "inputs": {                       "host": {                         "connectionName": "shared_commondataserviceforapps_1",                         "operationId": "CreateRecord",                         "apiId": "/providers/Microsoft.PowerApps/apis/shared_commondataserviceforapps"                       },                       "parameters": {                         "entityName": "admin_innovationbacklogpainpointsmeasureses",                         "item/admin_name": "License Fees",                         "item/admin_defaultdisplayname": "License Fees",                         "item/admin_defaultmeasuretype": 597910001,                         "item/admin_DefaultPainPoints@odata.bind": "admin_innovationbacklogpainpointses(@{variables('PPGUID')})"                       },                       "authentication": "@parameters('$authentication')"                     }                   }                 }               },               "expression": {                 "greater": [                   "@length(outputs('See_if_already_exists_-_License_Fees')?['body/value'])",                   0                 ]               },               "metadata": {                 "operationMetadataId": "8b285c20-cd77-4c6e-9a9b-c8d2a16a8ed8"               },               "type": "If"             },             "See_if_already_exists_-_Time_Modifying": {               "runAfter": {                 "only_add_if_not_already_there_-_License_Fees": [                   "Succeeded"                 ]               },               "metadata": {                 "operationMetadataId": "acd52afc-0035-4b5d-9f6f-b556982349c4"               },               "type": "OpenApiConnection",               "inputs": {                 "host": {                   "connectionName": "shared_commondataserviceforapps_1",                   "operationId": "ListRecords",                   "apiId": "/providers/Microsoft.PowerApps/apis/shared_commondataserviceforapps"                 },                 "parameters": {                   "entityName": "admin_innovationbacklogpainpointsmeasureses",                   "$select": "admin_name",                   "$filter": "admin_name eq 'Time Modifying'"                 },                 "authentication": "@parameters('$authentication')"               }             },             "only_add_if_not_already_there_-_Time_Modifying": {               "actions": {},               "runAfter": {                 "See_if_already_exists_-_Time_Modifying": [                   "Succeeded"                 ]               },               "else": {                 "actions": {                   "Add_Time_Modifying": {                     "runAfter": {},                     "metadata": {                       "operationMetadataId": "431ce3eb-a83f-4e32-845a-d8611fa1c0fe"                     },                     "type": "OpenApiConnection",                     "inputs": {                       "host": {                         "connectionName": "shared_commondataserviceforapps_1",                         "operationId": "CreateRecord",                         "apiId": "/providers/Microsoft.PowerApps/apis/shared_commondataserviceforapps"                       },                       "parameters": {                         "entityName": "admin_innovationbacklogpainpointsmeasureses",                         "item/admin_name": "Time Modifying",                         "item/admin_defaultdisplayname": "Time Modifying",                         "item/admin_defaultmeasuretype": 597910000,                         "item/admin_DefaultPainPoints@odata.bind": "admin_innovationbacklogpainpointses(@{variables('PPGUID')})"                       },                       "authentication": "@parameters('$authentication')"                     }                   }                 }               },               "expression": {                 "greater": [                   "@length(outputs('See_if_already_exists_-_Time_Modifying')?['body/value'])",                   0                 ]               },               "metadata": {                 "operationMetadataId": "792a67c0-203c-4603-8ece-945d8b96f7d3"               },               "type": "If"             }           },           "runAfter": {             "Add_Time_Consuming_Manual_Work": [               "Succeeded"             ]           },           "metadata": {             "operationMetadataId": "9562d0ca-27d2-4383-85fe-b9ad21cfa6d3"           },           "type": "Scope"         }       },       "outputs": {}     }   },   "schemaVersion": "1.0.0.0" }
