{   "properties": {     "connectionReferences": {       "shared_powerplatformforadmins_1": {         "runtimeSource": "invoker",         "connection": {           "connectionReferenceLogicalName": "admin_InnovationBacklogPowerPlatform"         },         "api": {           "name": "shared_powerplatformforadmins"         }       },       "shared_powerappsforappmakers_1": {         "runtimeSource": "invoker",         "connection": {           "connectionReferenceLogicalName": "admin_InnovationBacklogPowerAppsforMakers"         },         "api": {           "name": "shared_powerappsforappmakers"         }       },       "shared_commondataserviceforapps_1": {         "runtimeSource": "embedded",         "connection": {           "connectionReferenceLogicalName": "admin_InnovationBacklogCDSCurrent"         },         "api": {           "name": "shared_commondataserviceforapps"         }       }     },     "definition": {       "$schema": "https://schema.management.azure.com/providers/Microsoft.Logic/schemas/2016-06-01/workflowdefinition.json#",       "contentVersion": "1.0.0.0",       "parameters": {         "$connections": {           "defaultValue": {},           "type": "Object"         },         "$authentication": {           "defaultValue": {},           "type": "SecureObject"         }       },       "triggers": {         "manual": {           "metadata": {             "operationMetadataId": "213f7553-f2d5-4741-8ae7-2f889d1db78b"           },           "type": "Request",           "kind": "Button",           "inputs": {             "schema": {               "type": "object",               "properties": {},               "required": []             }           }         }       },       "actions": {         "Initialize_varEnvtNameForConnectors": {           "runAfter": {},           "metadata": {             "operationMetadataId": "d069e55d-ac63-47e4-b946-e06ca67c3de1"           },           "type": "InitializeVariable",           "inputs": {             "variables": [               {                 "name": "varEnvtNameForConnectors",                 "type": "string"               }             ]           }         },         "Get_Default_Environments_Connectors": {           "actions": {             "List_Environments_as_Admin": {               "runAfter": {},               "metadata": {                 "operationMetadataId": "ae57ebae-310d-426d-984a-1317bad87d8b"               },               "type": "OpenApiConnection",               "inputs": {                 "host": {                   "connectionName": "shared_powerplatformforadmins_1",                   "operationId": "Get-AdminEnvironment",                   "apiId": "/providers/Microsoft.PowerApps/apis/shared_powerplatformforadmins"                 },                 "parameters": {                   "api-version": "2020-09-01"                 },                 "authentication": {                   "type": "Raw",                   "value": "@json(decodeBase64(triggerOutputs().headers['X-MS-APIM-Tokens']))['$ConnectionKey']"                 }               },               "runtimeConfiguration": {                 "paginationPolicy": {                   "minimumItemCount": 5000                 }               }             },             "Filter_to_Default": {               "runAfter": {                 "List_Environments_as_Admin": [                   "Succeeded"                 ]               },               "metadata": {                 "operationMetadataId": "613a470c-3bed-46ad-b872-e03ee508dee8"               },               "type": "Query",               "inputs": {                 "from": "@outputs('List_Environments_as_Admin')?['body/value']",                 "where": "@equals(item()?['properties/environmentSku'], 'Default')"               }             },             "Get_Default_Envt_if_have_Permissions,_else_get_first_envt": {               "actions": {                 "Set_to_default": {                   "runAfter": {},                   "metadata": {                     "operationMetadataId": "7d7fa5f9-e328-46ad-9e31-f58a98244537"                   },                   "type": "SetVariable",                   "inputs": {                     "name": "varEnvtNameForConnectors",                     "value": "@{first(body('Filter_to_Default'))?['name']}"                   }                 }               },               "runAfter": {                 "Filter_to_Default": [                   "Succeeded"                 ]               },               "else": {                 "actions": {                   "Set_to_first": {                     "runAfter": {},                     "metadata": {                       "operationMetadataId": "d7ee4503-2f45-44cd-87d8-411db8f59cb4"                     },                     "type": "SetVariable",                     "inputs": {                       "name": "varEnvtNameForConnectors",                       "value": "@{first(outputs('List_Environments_as_Admin')?['body/value'])?['name']}"                     }                   }                 }               },               "expression": {                 "greater": [                   "@length(body('Filter_to_Default'))",                   0                 ]               },               "metadata": {                 "operationMetadataId": "b33f7c44-acf3-4a2a-8816-d42006175c3c"               },               "type": "If"             },             "Get_Environment_as_Admin": {               "runAfter": {                 "Get_Default_Envt_if_have_Permissions,_else_get_first_envt": [                   "Succeeded"                 ]               },               "metadata": {                 "operationMetadataId": "9347de39-6358-4b42-93da-c10a4b09f772"               },               "type": "OpenApiConnection",               "inputs": {                 "host": {                   "connectionName": "shared_powerplatformforadmins_1",                   "operationId": "GetSingleEnvironment",                   "apiId": "/providers/Microsoft.PowerApps/apis/shared_powerplatformforadmins"                 },                 "parameters": {                   "environment": "@variables('varEnvtNameForConnectors')",                   "api-version": "2018-10-01"                 },                 "authentication": {                   "type": "Raw",                   "value": "@json(decodeBase64(triggerOutputs().headers['X-MS-APIM-Tokens']))['$ConnectionKey']"                 },                 "retryPolicy": {                   "type": "exponential",                   "count": 10,                   "interval": "PT10S"                 }               }             },             "Get_Connectors": {               "runAfter": {                 "Get_Environment_as_Admin": [                   "Succeeded"                 ]               },               "metadata": {                 "operationMetadataId": "d48abd9c-296f-46fc-a213-74ec360c22b0"               },               "type": "OpenApiConnection",               "inputs": {                 "host": {                   "connectionName": "shared_powerappsforappmakers_1",                   "operationId": "Get-Connectors",                   "apiId": "/providers/Microsoft.PowerApps/apis/shared_powerappsforappmakers"                 },                 "parameters": {                   "showApisWithToS": "true",                   "$filter": "environment eq '@{body('Get_Environment_as_Admin')?['name']}'",                   "api-version": "2016-11-01",                   "$top": 250                 },                 "authentication": {                   "type": "Raw",                   "value": "@json(decodeBase64(triggerOutputs().headers['X-MS-APIM-Tokens']))['$ConnectionKey']"                 }               },               "runtimeConfiguration": {                 "paginationPolicy": {                   "minimumItemCount": 5000                 }               }             }           },           "runAfter": {             "Initialize_varEnvtNameForConnectors": [               "Succeeded"             ]           },           "metadata": {             "operationMetadataId": "eec6d2d3-5c35-4438-bfcb-23d58f051555"           },           "type": "Scope"         },         "Add_Connector_if_new,_else_update": {           "actions": {             "For_each_connector_from_the_default_environment": {               "foreach": "@outputs('Get_Connectors')?['body/value']",               "actions": {                 "Get_it_as_Tool_from_CoE": {                   "runAfter": {},                   "metadata": {                     "operationMetadataId": "a69b896e-a2dc-4995-ad7e-4de8bac6fed1"                   },                   "type": "OpenApiConnection",                   "inputs": {                     "host": {                       "connectionName": "shared_commondataserviceforapps_1",                       "operationId": "ListRecords",                       "apiId": "/providers/Microsoft.PowerApps/apis/shared_commondataserviceforapps"                     },                     "parameters": {                       "entityName": "admin_innovationbacklogtools",                       "$filter": "admin_id eq '@{items('For_each_connector_from_the_default_environment')?['id']}'"                     },                     "authentication": {                       "type": "Raw",                       "value": "@json(decodeBase64(triggerOutputs().headers['X-MS-APIM-Tokens']))['$ConnectionKey']"                     }                   },                   "runtimeConfiguration": {                     "paginationPolicy": {                       "minimumItemCount": 5000                     }                   }                 },                 "If_it_exists,_update,_else_insert": {                   "actions": {                     "For_each_tool_returns_-_which_will_be_one": {                       "foreach": "@outputs('Get_it_as_Tool_from_CoE')?['body/value']",                       "actions": {                         "Update_Tool": {                           "runAfter": {},                           "metadata": {                             "operationMetadataId": "1c61cb4a-daa2-4893-ab22-46f70fcb19d3"                           },                           "type": "OpenApiConnection",                           "inputs": {                             "host": {                               "connectionName": "shared_commondataserviceforapps_1",                               "operationId": "UpdateRecord",                               "apiId": "/providers/Microsoft.PowerApps/apis/shared_commondataserviceforapps"                             },                             "parameters": {                               "entityName": "admin_innovationbacklogtools",                               "recordId": "@items('For_each_tool_returns_-_which_will_be_one')?['admin_innovationbacklogtoolid']",                               "item/admin_name": "@items('For_each_connector_from_the_default_environment')?['name']",                               "item/admin_conntype": "@items('For_each_connector_from_the_default_environment')?['type']",                               "item/admin_description": "@items('For_each_connector_from_the_default_environment')?['properties/connectionParameters/token/uiDefinition/description']",                               "item/admin_displayname": "@items('For_each_connector_from_the_default_environment')?['properties']?['displayName']",                               "item/admin_icon": "@items('For_each_connector_from_the_default_environment')?['properties']?['iconUri']",                               "item/admin_iconbrandcolor": "@items('For_each_connector_from_the_default_environment')?['properties']?['iconBrandColor']",                               "item/admin_id": "@items('For_each_connector_from_the_default_environment')?['id']",                               "item/admin_iscustomsoftwareconnector": "@items('For_each_connector_from_the_default_environment')?['properties']?['isCustomApi']",                               "item/admin_publisher": "@items('For_each_connector_from_the_default_environment')?['properties']?['publisher']"                             },                             "authentication": {                               "type": "Raw",                               "value": "@json(decodeBase64(triggerOutputs().headers['X-MS-APIM-Tokens']))['$ConnectionKey']"                             },                             "retryPolicy": {                               "type": "exponential",                               "count": 10,                               "interval": "PT10S"                             }                           }                         }                       },                       "runAfter": {},                       "metadata": {                         "operationMetadataId": "d7e00e39-8035-47f2-9ce0-1e032a65c1f0"                       },                       "type": "Foreach"                     }                   },                   "runAfter": {                     "Get_it_as_Tool_from_CoE": [                       "Succeeded"                     ]                   },                   "else": {                     "actions": {                       "Insert_Tool": {                         "runAfter": {},                         "metadata": {                           "operationMetadataId": "30480075-64fa-4fa6-9175-0cd64782c681"                         },                         "type": "OpenApiConnection",                         "inputs": {                           "host": {                             "connectionName": "shared_commondataserviceforapps_1",                             "operationId": "CreateRecord",                             "apiId": "/providers/Microsoft.PowerApps/apis/shared_commondataserviceforapps"                           },                           "parameters": {                             "entityName": "admin_innovationbacklogtools",                             "item/admin_name": "@items('For_each_connector_from_the_default_environment')?['name']",                             "item/admin_conntype": "@items('For_each_connector_from_the_default_environment')?['type']",                             "item/admin_description": "@items('For_each_connector_from_the_default_environment')?['properties/connectionParameters/token/uiDefinition/description']",                             "item/admin_displayname": "@items('For_each_connector_from_the_default_environment')?['properties']?['displayName']",                             "item/admin_icon": "@items('For_each_connector_from_the_default_environment')?['properties']?['iconUri']",                             "item/admin_iconbrandcolor": "@items('For_each_connector_from_the_default_environment')?['properties']?['iconBrandColor']",                             "item/admin_id": "@items('For_each_connector_from_the_default_environment')?['id']",                             "item/admin_iscustomsoftwareconnector": "@items('For_each_connector_from_the_default_environment')?['properties']?['isCustomApi']",                             "item/admin_publisher": "@items('For_each_connector_from_the_default_environment')?['properties']?['publisher']"                           },                           "authentication": {                             "type": "Raw",                             "value": "@json(decodeBase64(triggerOutputs().headers['X-MS-APIM-Tokens']))['$ConnectionKey']"                           },                           "retryPolicy": {                             "type": "exponential",                             "count": 10,                             "interval": "PT10S"                           }                         }                       }                     }                   },                   "expression": {                     "greater": [                       "@length(body('Get_it_as_Tool_from_CoE')?['value'])",                       0                     ]                   },                   "metadata": {                     "operationMetadataId": "91da1b52-69b5-454c-ba74-b1f60c3c444f"                   },                   "type": "If"                 }               },               "runAfter": {},               "metadata": {                 "operationMetadataId": "4d8bf23e-feaa-4370-ba5b-8b54efab704a"               },               "type": "Foreach"             }           },           "runAfter": {             "Get_Default_Environments_Connectors": [               "Succeeded"             ]           },           "metadata": {             "operationMetadataId": "4b9de8e6-5743-4679-93aa-a8941affa8fe"           },           "type": "Scope"         },         "Delete_what_will_seem_like_Dupes_to_non-PP_users": {           "actions": {             "shared_excelonlinebusiness": {               "runAfter": {},               "metadata": {                 "operationMetadataId": "e1d1dc86-da8e-455b-83c3-76ad5cb02186"               },               "type": "OpenApiConnection",               "inputs": {                 "host": {                   "connectionName": "shared_commondataserviceforapps_1",                   "operationId": "ListRecords",                   "apiId": "/providers/Microsoft.PowerApps/apis/shared_commondataserviceforapps"                 },                 "parameters": {                   "entityName": "admin_innovationbacklogtools",                   "$select": "admin_innovationbacklogtoolid",                   "$filter": "admin_id eq '/providers/Microsoft.PowerApps/apis/shared_excelonlinebusiness'"                 },                 "authentication": {                   "type": "Raw",                   "value": "@json(decodeBase64(triggerOutputs().headers['X-MS-APIM-Tokens']))['$ConnectionKey']"                 }               },               "runtimeConfiguration": {                 "paginationPolicy": {                   "minimumItemCount": 5000                 }               }             },             "shared_excelonline": {               "runAfter": {                 "Apply_to_each_shared_excelonlinebusiness": [                   "Succeeded"                 ]               },               "metadata": {                 "operationMetadataId": "d4c0f10a-4865-4e98-b085-1c244575ad5c"               },               "type": "OpenApiConnection",               "inputs": {                 "host": {                   "connectionName": "shared_commondataserviceforapps_1",                   "operationId": "ListRecords",                   "apiId": "/providers/Microsoft.PowerApps/apis/shared_commondataserviceforapps"                 },                 "parameters": {                   "entityName": "admin_innovationbacklogtools",                   "$select": "admin_innovationbacklogtoolid",                   "$filter": "admin_id eq '/providers/Microsoft.PowerApps/apis/shared_excelonline'"                 },                 "authentication": {                   "type": "Raw",                   "value": "@json(decodeBase64(triggerOutputs().headers['X-MS-APIM-Tokens']))['$ConnectionKey']"                 }               },               "runtimeConfiguration": {                 "paginationPolicy": {                   "minimumItemCount": 5000                 }               }             },             "shared_iotcentral": {               "runAfter": {                 "Apply_to_each_shared_excelonline": [                   "Succeeded"                 ]               },               "metadata": {                 "operationMetadataId": "87fb46b9-9bb9-4f9f-a009-c5f4f35b52de"               },               "type": "OpenApiConnection",               "inputs": {                 "host": {                   "connectionName": "shared_commondataserviceforapps_1",                   "operationId": "ListRecords",                   "apiId": "/providers/Microsoft.PowerApps/apis/shared_commondataserviceforapps"                 },                 "parameters": {                   "entityName": "admin_innovationbacklogtools",                   "$select": "admin_innovationbacklogtoolid",                   "$filter": "admin_id eq '/providers/Microsoft.PowerApps/apis/shared_iotcentral'"                 },                 "authentication": {                   "type": "Raw",                   "value": "@json(decodeBase64(triggerOutputs().headers['X-MS-APIM-Tokens']))['$ConnectionKey']"                 }               },               "runtimeConfiguration": {                 "paginationPolicy": {                   "minimumItemCount": 5000                 }               }             },             "shared_basecamp2": {               "runAfter": {                 "Apply_to_each_shared_iotcentral": [                   "Succeeded"                 ]               },               "metadata": {                 "operationMetadataId": "3e762abf-cfa3-4d6b-b5bd-85dd35059d1c"               },               "type": "OpenApiConnection",               "inputs": {                 "host": {                   "connectionName": "shared_commondataserviceforapps_1",                   "operationId": "ListRecords",                   "apiId": "/providers/Microsoft.PowerApps/apis/shared_commondataserviceforapps"                 },                 "parameters": {                   "entityName": "admin_innovationbacklogtools",                   "$select": "admin_innovationbacklogtoolid",                   "$filter": "admin_id eq '/providers/Microsoft.PowerApps/apis/shared_basecamp2'"                 },                 "authentication": {                   "type": "Raw",                   "value": "@json(decodeBase64(triggerOutputs().headers['X-MS-APIM-Tokens']))['$ConnectionKey']"                 }               },               "runtimeConfiguration": {                 "paginationPolicy": {                   "minimumItemCount": 5000                 }               }             },             "shared_outlook": {               "runAfter": {                 "Apply_to_each_shared_basecamp2": [                   "Succeeded"                 ]               },               "metadata": {                 "operationMetadataId": "e2578ccc-09c8-4fbf-aeb5-bf66c4776bc4"               },               "type": "OpenApiConnection",               "inputs": {                 "host": {                   "connectionName": "shared_commondataserviceforapps_1",                   "operationId": "ListRecords",                   "apiId": "/providers/Microsoft.PowerApps/apis/shared_commondataserviceforapps"                 },                 "parameters": {                   "entityName": "admin_innovationbacklogtools",                   "$select": "admin_innovationbacklogtoolid",                   "$filter": "admin_id eq '/providers/Microsoft.PowerApps/apis/shared_outlook'"                 },                 "authentication": {                   "type": "Raw",                   "value": "@json(decodeBase64(triggerOutputs().headers['X-MS-APIM-Tokens']))['$ConnectionKey']"                 }               },               "runtimeConfiguration": {                 "paginationPolicy": {                   "minimumItemCount": 5000                 }               }             },             "Apply_to_each_shared_excelonlinebusiness": {               "foreach": "@outputs('shared_excelonlinebusiness')?['body/value']",               "actions": {                 "Delete_excelonlinebusiness": {                   "runAfter": {},                   "metadata": {                     "operationMetadataId": "369aea0b-c115-44da-a56d-0ff8707ca686"                   },                   "type": "OpenApiConnection",                   "inputs": {                     "host": {                       "connectionName": "shared_commondataserviceforapps_1",                       "operationId": "DeleteRecord",                       "apiId": "/providers/Microsoft.PowerApps/apis/shared_commondataserviceforapps"                     },                     "parameters": {                       "entityName": "admin_innovationbacklogtools",                       "recordId": "@items('Apply_to_each_shared_excelonlinebusiness')?['admin_innovationbacklogtoolid']"                     },                     "authentication": {                       "type": "Raw",                       "value": "@json(decodeBase64(triggerOutputs().headers['X-MS-APIM-Tokens']))['$ConnectionKey']"                     },                     "retryPolicy": {                       "type": "exponential",                       "count": 10,                       "interval": "PT10S"                     }                   }                 }               },               "runAfter": {                 "shared_excelonlinebusiness": [                   "Succeeded"                 ]               },               "metadata": {                 "operationMetadataId": "580553f8-da6a-4a5d-a085-183ff05ab015"               },               "type": "Foreach"             },             "Apply_to_each_shared_excelonline": {               "foreach": "@outputs('shared_excelonline')?['body/value']",               "actions": {                 "Delete_excelonline": {                   "runAfter": {},                   "metadata": {                     "operationMetadataId": "507a8175-4168-46a6-a10e-b97c55f01e47"                   },                   "type": "OpenApiConnection",                   "inputs": {                     "host": {                       "connectionName": "shared_commondataserviceforapps_1",                       "operationId": "DeleteRecord",                       "apiId": "/providers/Microsoft.PowerApps/apis/shared_commondataserviceforapps"                     },                     "parameters": {                       "entityName": "admin_innovationbacklogtools",                       "recordId": "@items('Apply_to_each_shared_excelonline')?['admin_innovationbacklogtoolid']"                     },                     "authentication": {                       "type": "Raw",                       "value": "@json(decodeBase64(triggerOutputs().headers['X-MS-APIM-Tokens']))['$ConnectionKey']"                     },                     "retryPolicy": {                       "type": "exponential",                       "count": 10,                       "interval": "PT10S"                     }                   }                 }               },               "runAfter": {                 "shared_excelonline": [                   "Succeeded"                 ]               },               "metadata": {                 "operationMetadataId": "b603ea7a-9c06-42cb-af07-a3f465bdf532"               },               "type": "Foreach"             },             "Apply_to_each_shared_iotcentral": {               "foreach": "@outputs('shared_iotcentral')?['body/value']",               "actions": {                 "Delete_iotcentral": {                   "runAfter": {},                   "metadata": {                     "operationMetadataId": "8aede9d7-4687-49dc-9de5-9fad8433c92f"                   },                   "type": "OpenApiConnection",                   "inputs": {                     "host": {                       "connectionName": "shared_commondataserviceforapps_1",                       "operationId": "DeleteRecord",                       "apiId": "/providers/Microsoft.PowerApps/apis/shared_commondataserviceforapps"                     },                     "parameters": {                       "entityName": "admin_innovationbacklogtools",                       "recordId": "@items('Apply_to_each_shared_iotcentral')?['admin_innovationbacklogtoolid']"                     },                     "authentication": {                       "type": "Raw",                       "value": "@json(decodeBase64(triggerOutputs().headers['X-MS-APIM-Tokens']))['$ConnectionKey']"                     },                     "retryPolicy": {                       "type": "exponential",                       "count": 10,                       "interval": "PT10S"                     }                   }                 }               },               "runAfter": {                 "shared_iotcentral": [                   "Succeeded"                 ]               },               "metadata": {                 "operationMetadataId": "eb0fdb15-84d4-4767-9d66-db6debf329bb"               },               "type": "Foreach"             },             "Apply_to_each_shared_basecamp2": {               "foreach": "@outputs('shared_basecamp2')?['body/value']",               "actions": {                 "Delete_basecamp2": {                   "runAfter": {},                   "metadata": {                     "operationMetadataId": "b58d8725-66a0-44fd-bf6d-bf674a5b5067"                   },                   "type": "OpenApiConnection",                   "inputs": {                     "host": {                       "connectionName": "shared_commondataserviceforapps_1",                       "operationId": "DeleteRecord",                       "apiId": "/providers/Microsoft.PowerApps/apis/shared_commondataserviceforapps"                     },                     "parameters": {                       "entityName": "admin_innovationbacklogtools",                       "recordId": "@items('Apply_to_each_shared_basecamp2')?['admin_innovationbacklogtoolid']"                     },                     "authentication": {                       "type": "Raw",                       "value": "@json(decodeBase64(triggerOutputs().headers['X-MS-APIM-Tokens']))['$ConnectionKey']"                     },                     "retryPolicy": {                       "type": "exponential",                       "count": 10,                       "interval": "PT10S"                     }                   }                 }               },               "runAfter": {                 "shared_basecamp2": [                   "Succeeded"                 ]               },               "metadata": {                 "operationMetadataId": "b3551422-2d01-4655-a4fe-1d4d7a4e1659"               },               "type": "Foreach"             },             "Apply_to_each_shared_outlook": {               "foreach": "@outputs('shared_outlook')?['body/value']",               "actions": {                 "Delete_outlook": {                   "runAfter": {},                   "metadata": {                     "operationMetadataId": "dbffa4b7-ffe5-4f38-a8a5-49cbe7f9b32b"                   },                   "type": "OpenApiConnection",                   "inputs": {                     "host": {                       "connectionName": "shared_commondataserviceforapps_1",                       "operationId": "DeleteRecord",                       "apiId": "/providers/Microsoft.PowerApps/apis/shared_commondataserviceforapps"                     },                     "parameters": {                       "entityName": "admin_innovationbacklogtools",                       "recordId": "@items('Apply_to_each_shared_outlook')?['admin_innovationbacklogtoolid']"                     },                     "authentication": {                       "type": "Raw",                       "value": "@json(decodeBase64(triggerOutputs().headers['X-MS-APIM-Tokens']))['$ConnectionKey']"                     },                     "retryPolicy": {                       "type": "exponential",                       "count": 10,                       "interval": "PT10S"                     }                   }                 }               },               "runAfter": {                 "shared_outlook": [                   "Succeeded"                 ]               },               "metadata": {                 "operationMetadataId": "f5be6c15-e0b2-40f7-a684-d8d3e6825907"               },               "type": "Foreach"             }           },           "runAfter": {             "Add_Connector_if_new,_else_update": [               "Succeeded"             ]           },           "metadata": {             "operationMetadataId": "97004dbd-9179-400c-afe8-e6675c5200b3"           },           "type": "Scope"         },         "Add_common_non-software": {           "actions": {             "See_if_already_exists_-_Brain": {               "runAfter": {},               "metadata": {                 "operationMetadataId": "aa074541-7bc4-4747-b25f-101169a910aa"               },               "type": "OpenApiConnection",               "inputs": {                 "host": {                   "connectionName": "shared_commondataserviceforapps_1",                   "operationId": "ListRecords",                   "apiId": "/providers/Microsoft.PowerApps/apis/shared_commondataserviceforapps"                 },                 "parameters": {                   "entityName": "admin_innovationbacklogtools",                   "$select": "admin_name",                   "$filter": "admin_name eq  'Brain'"                 },                 "authentication": {                   "type": "Raw",                   "value": "@json(decodeBase64(triggerOutputs().headers['X-MS-APIM-Tokens']))['$ConnectionKey']"                 }               },               "runtimeConfiguration": {                 "paginationPolicy": {                   "minimumItemCount": 5000                 }               }             },             "only_add_if_not_already_there_-_Brain": {               "actions": {},               "runAfter": {                 "See_if_already_exists_-_Brain": [                   "Succeeded"                 ]               },               "else": {                 "actions": {                   "Add_Brain": {                     "runAfter": {},                     "metadata": {                       "operationMetadataId": "39b78694-4a0c-4ec5-9bab-300ee5d1651a"                     },                     "type": "OpenApiConnection",                     "inputs": {                       "host": {                         "connectionName": "shared_commondataserviceforapps_1",                         "operationId": "CreateRecord",                         "apiId": "/providers/Microsoft.PowerApps/apis/shared_commondataserviceforapps"                       },                       "parameters": {                         "entityName": "admin_innovationbacklogtools",                         "item/admin_name": "Brain",                         "item/admin_description": "Human Decision Making",                         "item/admin_displayname": "Brain",                         "item/admin_id": "/nonsoftware/brain",                         "item/admin_iscustomsoftwareconnector": false,                         "item/admin_mostcommonlyused": false,                         "item/admin_tooltype": 597910001                       },                       "authentication": {                         "type": "Raw",                         "value": "@json(decodeBase64(triggerOutputs().headers['X-MS-APIM-Tokens']))['$ConnectionKey']"                       },                       "retryPolicy": {                         "type": "exponential",                         "count": 10,                         "interval": "PT10S"                       }                     }                   }                 }               },               "expression": {                 "greater": [                   "@length(outputs('See_if_already_exists_-_Brain')?['body/value'])",                   0                 ]               },               "metadata": {                 "operationMetadataId": "20c2f23f-3605-4046-abbc-b8116f612ef4"               },               "type": "If"             },             "See_if_already_exists_-_Camera": {               "runAfter": {                 "only_add_if_not_already_there_-_Brain": [                   "Succeeded"                 ]               },               "metadata": {                 "operationMetadataId": "c0869947-92f3-4400-807e-12bb3ba6b1ab"               },               "type": "OpenApiConnection",               "inputs": {                 "host": {                   "connectionName": "shared_commondataserviceforapps_1",                   "operationId": "ListRecords",                   "apiId": "/providers/Microsoft.PowerApps/apis/shared_commondataserviceforapps"                 },                 "parameters": {                   "entityName": "admin_innovationbacklogtools",                   "$select": "admin_name",                   "$filter": "admin_name eq  'Camera'"                 },                 "authentication": {                   "type": "Raw",                   "value": "@json(decodeBase64(triggerOutputs().headers['X-MS-APIM-Tokens']))['$ConnectionKey']"                 }               },               "runtimeConfiguration": {                 "paginationPolicy": {                   "minimumItemCount": 5000                 }               }             },             "See_if_already_exists_-_Computer_Hardware": {               "runAfter": {                 "only_add_if_not_already_there_-_Camera": [                   "Succeeded"                 ]               },               "metadata": {                 "operationMetadataId": "1c8d874f-0b5b-41e6-a5ad-2614dc82d269"               },               "type": "OpenApiConnection",               "inputs": {                 "host": {                   "connectionName": "shared_commondataserviceforapps_1",                   "operationId": "ListRecords",                   "apiId": "/providers/Microsoft.PowerApps/apis/shared_commondataserviceforapps"                 },                 "parameters": {                   "entityName": "admin_innovationbacklogtools",                   "$select": "admin_name",                   "$filter": "admin_name eq  'Computer Hardware'"                 },                 "authentication": {                   "type": "Raw",                   "value": "@json(decodeBase64(triggerOutputs().headers['X-MS-APIM-Tokens']))['$ConnectionKey']"                 }               },               "runtimeConfiguration": {                 "paginationPolicy": {                   "minimumItemCount": 5000                 }               }             },             "See_if_already_exists_-_Field_Inspection": {               "runAfter": {                 "only_add_if_not_already_there_-_Computer_Hardware": [                   "Succeeded"                 ]               },               "metadata": {                 "operationMetadataId": "79772b4b-0cb2-4056-994b-0e8763b490e3"               },               "type": "OpenApiConnection",               "inputs": {                 "host": {                   "connectionName": "shared_commondataserviceforapps_1",                   "operationId": "ListRecords",                   "apiId": "/providers/Microsoft.PowerApps/apis/shared_commondataserviceforapps"                 },                 "parameters": {                   "entityName": "admin_innovationbacklogtools",                   "$select": "admin_name",                   "$filter": "admin_name eq  'Field Inspection'"                 },                 "authentication": {                   "type": "Raw",                   "value": "@json(decodeBase64(triggerOutputs().headers['X-MS-APIM-Tokens']))['$ConnectionKey']"                 }               },               "runtimeConfiguration": {                 "paginationPolicy": {                   "minimumItemCount": 5000                 }               }             },             "See_if_already_exists_-_Herding_Cats": {               "runAfter": {                 "only_add_if_not_already_there_-_Field_Inspection": [                   "Succeeded"                 ]               },               "metadata": {                 "operationMetadataId": "c497f3f7-3e53-40d1-849a-f66ad62dc18c"               },               "type": "OpenApiConnection",               "inputs": {                 "host": {                   "connectionName": "shared_commondataserviceforapps_1",                   "operationId": "ListRecords",                   "apiId": "/providers/Microsoft.PowerApps/apis/shared_commondataserviceforapps"                 },                 "parameters": {                   "entityName": "admin_innovationbacklogtools",                   "$select": "admin_name",                   "$filter": "admin_name eq  'Herding Cats'"                 },                 "authentication": {                   "type": "Raw",                   "value": "@json(decodeBase64(triggerOutputs().headers['X-MS-APIM-Tokens']))['$ConnectionKey']"                 }               },               "runtimeConfiguration": {                 "paginationPolicy": {                   "minimumItemCount": 5000                 }               }             },             "See_if_already_exists_-_Meeting": {               "runAfter": {                 "only_add_if_not_already_there_-_Herding_Cats": [                   "Succeeded"                 ]               },               "metadata": {                 "operationMetadataId": "90c3ca85-3b85-4641-92a9-b3a9e2af8524"               },               "type": "OpenApiConnection",               "inputs": {                 "host": {                   "connectionName": "shared_commondataserviceforapps_1",                   "operationId": "ListRecords",                   "apiId": "/providers/Microsoft.PowerApps/apis/shared_commondataserviceforapps"                 },                 "parameters": {                   "entityName": "admin_innovationbacklogtools",                   "$select": "admin_name",                   "$filter": "admin_name eq  'Meeting'"                 },                 "authentication": {                   "type": "Raw",                   "value": "@json(decodeBase64(triggerOutputs().headers['X-MS-APIM-Tokens']))['$ConnectionKey']"                 }               },               "runtimeConfiguration": {                 "paginationPolicy": {                   "minimumItemCount": 5000                 }               }             },             "See_if_already_exists_-_Pen_and_Paper": {               "runAfter": {                 "only_add_if_not_already_there_-_Meeting": [                   "Succeeded"                 ]               },               "metadata": {                 "operationMetadataId": "d0b3e36c-e86b-419b-9900-1187a8e208e7"               },               "type": "OpenApiConnection",               "inputs": {                 "host": {                   "connectionName": "shared_commondataserviceforapps_1",                   "operationId": "ListRecords",                   "apiId": "/providers/Microsoft.PowerApps/apis/shared_commondataserviceforapps"                 },                 "parameters": {                   "entityName": "admin_innovationbacklogtools",                   "$select": "admin_name",                   "$filter": "admin_name eq  'Pen and Paper'"                 },                 "authentication": {                   "type": "Raw",                   "value": "@json(decodeBase64(triggerOutputs().headers['X-MS-APIM-Tokens']))['$ConnectionKey']"                 }               },               "runtimeConfiguration": {                 "paginationPolicy": {                   "minimumItemCount": 5000                 }               }             },             "See_if_already_exists_-_Printer": {               "runAfter": {                 "only_add_if_not_already_there_-_Pen_and_Paper": [                   "Succeeded"                 ]               },               "metadata": {                 "operationMetadataId": "03d38998-32ef-44f7-8f1e-1db859896356"               },               "type": "OpenApiConnection",               "inputs": {                 "host": {                   "connectionName": "shared_commondataserviceforapps_1",                   "operationId": "ListRecords",                   "apiId": "/providers/Microsoft.PowerApps/apis/shared_commondataserviceforapps"                 },                 "parameters": {                   "entityName": "admin_innovationbacklogtools",                   "$select": "admin_name",                   "$filter": "admin_name eq  'Printer'"                 },                 "authentication": {                   "type": "Raw",                   "value": "@json(decodeBase64(triggerOutputs().headers['X-MS-APIM-Tokens']))['$ConnectionKey']"                 }               },               "runtimeConfiguration": {                 "paginationPolicy": {                   "minimumItemCount": 5000                 }               }             },             "See_if_already_exists_-_Whiteboard": {               "runAfter": {                 "only_add_if_not_already_there_-_Printer": [                   "Succeeded"                 ]               },               "metadata": {                 "operationMetadataId": "8d582cd6-e881-4f99-845d-89a9ffeb4062"               },               "type": "OpenApiConnection",               "inputs": {                 "host": {                   "connectionName": "shared_commondataserviceforapps_1",                   "operationId": "ListRecords",                   "apiId": "/providers/Microsoft.PowerApps/apis/shared_commondataserviceforapps"                 },                 "parameters": {                   "entityName": "admin_innovationbacklogtools",                   "$select": "admin_name",                   "$filter": "admin_name eq  'Whiteboard'"                 },                 "authentication": {                   "type": "Raw",                   "value": "@json(decodeBase64(triggerOutputs().headers['X-MS-APIM-Tokens']))['$ConnectionKey']"                 }               },               "runtimeConfiguration": {                 "paginationPolicy": {                   "minimumItemCount": 5000                 }               }             },             "only_add_if_not_already_there_-_Camera": {               "actions": {},               "runAfter": {                 "See_if_already_exists_-_Camera": [                   "Succeeded"                 ]               },               "else": {                 "actions": {                   "Add_Camera": {                     "runAfter": {},                     "metadata": {                       "operationMetadataId": "440d8c10-46c1-47bd-8ef8-20687a4d232e"                     },                     "type": "OpenApiConnection",                     "inputs": {                       "host": {                         "connectionName": "shared_commondataserviceforapps_1",                         "operationId": "CreateRecord",                         "apiId": "/providers/Microsoft.PowerApps/apis/shared_commondataserviceforapps"                       },                       "parameters": {                         "entityName": "admin_innovationbacklogtools",                         "item/admin_name": "Camera",                         "item/admin_displayname": "Camera",                         "item/admin_id": "/nonsoftware/Camera",                         "item/admin_iscustomsoftwareconnector": false,                         "item/admin_mostcommonlyused": true,                         "item/admin_tooltype": 597910001                       },                       "authentication": {                         "type": "Raw",                         "value": "@json(decodeBase64(triggerOutputs().headers['X-MS-APIM-Tokens']))['$ConnectionKey']"                       },                       "retryPolicy": {                         "type": "exponential",                         "count": 10,                         "interval": "PT10S"                       }                     }                   }                 }               },               "expression": {                 "greater": [                   "@length(outputs('See_if_already_exists_-_Camera')?['body/value'])",                   0                 ]               },               "metadata": {                 "operationMetadataId": "1a2b76f6-6068-4361-b7df-f82c591e447c"               },               "type": "If"             },             "only_add_if_not_already_there_-_Computer_Hardware": {               "actions": {},               "runAfter": {                 "See_if_already_exists_-_Computer_Hardware": [                   "Succeeded"                 ]               },               "else": {                 "actions": {                   "Add_Computer_Hardware": {                     "runAfter": {},                     "metadata": {                       "operationMetadataId": "73c9f48b-b87b-4a2f-9a42-e783918e1439"                     },                     "type": "OpenApiConnection",                     "inputs": {                       "host": {                         "connectionName": "shared_commondataserviceforapps_1",                         "operationId": "CreateRecord",                         "apiId": "/providers/Microsoft.PowerApps/apis/shared_commondataserviceforapps"                       },                       "parameters": {                         "entityName": "admin_innovationbacklogtools",                         "item/admin_name": "Computer Hardware",                         "item/admin_description": "working with the computer hardware itself",                         "item/admin_displayname": "Computer Hardware",                         "item/admin_id": "/nonsoftware/Computer Hardware",                         "item/admin_iscustomsoftwareconnector": false,                         "item/admin_mostcommonlyused": false,                         "item/admin_tooltype": 597910001                       },                       "authentication": {                         "type": "Raw",                         "value": "@json(decodeBase64(triggerOutputs().headers['X-MS-APIM-Tokens']))['$ConnectionKey']"                       },                       "retryPolicy": {                         "type": "exponential",                         "count": 10,                         "interval": "PT10S"                       }                     }                   }                 }               },               "expression": {                 "greater": [                   "@length(outputs('See_if_already_exists_-_Computer_Hardware')?['body/value'])",                   0                 ]               },               "metadata": {                 "operationMetadataId": "ba079ce8-6757-42ac-b4ab-a99cbdf16ef4"               },               "type": "If"             },             "only_add_if_not_already_there_-_Field_Inspection": {               "actions": {},               "runAfter": {                 "See_if_already_exists_-_Field_Inspection": [                   "Succeeded"                 ]               },               "else": {                 "actions": {                   "Add_Field_Inspection": {                     "runAfter": {},                     "metadata": {                       "operationMetadataId": "d831d02f-18d4-4c6e-a383-f7a7b8174ba6"                     },                     "type": "OpenApiConnection",                     "inputs": {                       "host": {                         "connectionName": "shared_commondataserviceforapps_1",                         "operationId": "CreateRecord",                         "apiId": "/providers/Microsoft.PowerApps/apis/shared_commondataserviceforapps"                       },                       "parameters": {                         "entityName": "admin_innovationbacklogtools",                         "item/admin_name": "Field Inspection",                         "item/admin_displayname": "Field Inspection",                         "item/admin_id": "/nonsoftware/Field Inspection",                         "item/admin_iscustomsoftwareconnector": false,                         "item/admin_mostcommonlyused": false,                         "item/admin_tooltype": 597910001                       },                       "authentication": {                         "type": "Raw",                         "value": "@json(decodeBase64(triggerOutputs().headers['X-MS-APIM-Tokens']))['$ConnectionKey']"                       },                       "retryPolicy": {                         "type": "exponential",                         "count": 10,                         "interval": "PT10S"                       }                     }                   }                 }               },               "expression": {                 "greater": [                   "@length(outputs('See_if_already_exists_-_Field_Inspection')?['body/value'])",                   0                 ]               },               "metadata": {                 "operationMetadataId": "20aac3f0-d8c9-4052-ad2d-563e748d3980"               },               "type": "If"             },             "only_add_if_not_already_there_-_Herding_Cats": {               "actions": {},               "runAfter": {                 "See_if_already_exists_-_Herding_Cats": [                   "Succeeded"                 ]               },               "else": {                 "actions": {                   "Add_Herding_Cats": {                     "runAfter": {},                     "metadata": {                       "operationMetadataId": "d46ccbe7-795c-4e4a-bf33-6dc4f39d86af"                     },                     "type": "OpenApiConnection",                     "inputs": {                       "host": {                         "connectionName": "shared_commondataserviceforapps_1",                         "operationId": "CreateRecord",                         "apiId": "/providers/Microsoft.PowerApps/apis/shared_commondataserviceforapps"                       },                       "parameters": {                         "entityName": "admin_innovationbacklogtools",                         "item/admin_name": "Herding Cats",                         "item/admin_description": "Chasing people to get them to do the thing.",                         "item/admin_displayname": "Herding Cats",                         "item/admin_id": "/nonsoftware/Herding Cats",                         "item/admin_iscustomsoftwareconnector": false,                         "item/admin_mostcommonlyused": false,                         "item/admin_tooltype": 597910001                       },                       "authentication": {                         "type": "Raw",                         "value": "@json(decodeBase64(triggerOutputs().headers['X-MS-APIM-Tokens']))['$ConnectionKey']"                       },                       "retryPolicy": {                         "type": "exponential",                         "count": 10,                         "interval": "PT10S"                       }                     }                   }                 }               },               "expression": {                 "greater": [                   "@length(outputs('See_if_already_exists_-_Herding_Cats')?['body/value'])",                   0                 ]               },               "metadata": {                 "operationMetadataId": "148e69e7-5ea5-4405-8db9-79ec998e5021"               },               "type": "If"             },             "only_add_if_not_already_there_-_Meeting": {               "actions": {},               "runAfter": {                 "See_if_already_exists_-_Meeting": [                   "Succeeded"                 ]               },               "else": {                 "actions": {                   "Add_Meeting": {                     "runAfter": {},                     "metadata": {                       "operationMetadataId": "a8e5b419-079e-43df-9a89-28cadc5e332a"                     },                     "type": "OpenApiConnection",                     "inputs": {                       "host": {                         "connectionName": "shared_commondataserviceforapps_1",                         "operationId": "CreateRecord",                         "apiId": "/providers/Microsoft.PowerApps/apis/shared_commondataserviceforapps"                       },                       "parameters": {                         "entityName": "admin_innovationbacklogtools",                         "item/admin_name": "Meeting",                         "item/admin_displayname": "Meeting",                         "item/admin_id": "/nonsoftware/Meeting",                         "item/admin_iscustomsoftwareconnector": false,                         "item/admin_mostcommonlyused": true,                         "item/admin_tooltype": 597910001                       },                       "authentication": {                         "type": "Raw",                         "value": "@json(decodeBase64(triggerOutputs().headers['X-MS-APIM-Tokens']))['$ConnectionKey']"                       },                       "retryPolicy": {                         "type": "exponential",                         "count": 10,                         "interval": "PT10S"                       }                     }                   }                 }               },               "expression": {                 "greater": [                   "@length(outputs('See_if_already_exists_-_Meeting')?['body/value'])",                   0                 ]               },               "metadata": {                 "operationMetadataId": "cc6f8fa8-49ff-4665-a0e5-4db6338f0be5"               },               "type": "If"             },             "only_add_if_not_already_there_-_Pen_and_Paper": {               "actions": {},               "runAfter": {                 "See_if_already_exists_-_Pen_and_Paper": [                   "Succeeded"                 ]               },               "else": {                 "actions": {                   "Add_Pen_and_Paper": {                     "runAfter": {},                     "metadata": {                       "operationMetadataId": "7b9e8a37-149a-47ac-8ffa-0e116841f528"                     },                     "type": "OpenApiConnection",                     "inputs": {                       "host": {                         "connectionName": "shared_commondataserviceforapps_1",                         "operationId": "CreateRecord",                         "apiId": "/providers/Microsoft.PowerApps/apis/shared_commondataserviceforapps"                       },                       "parameters": {                         "entityName": "admin_innovationbacklogtools",                         "item/admin_name": "Pen and Paper",                         "item/admin_displayname": "Pen and Paper",                         "item/admin_id": "/nonsoftware/Pen and Paper",                         "item/admin_iscustomsoftwareconnector": false,                         "item/admin_mostcommonlyused": true,                         "item/admin_tooltype": 597910001                       },                       "authentication": {                         "type": "Raw",                         "value": "@json(decodeBase64(triggerOutputs().headers['X-MS-APIM-Tokens']))['$ConnectionKey']"                       },                       "retryPolicy": {                         "type": "exponential",                         "count": 10,                         "interval": "PT10S"                       }                     }                   }                 }               },               "expression": {                 "greater": [                   "@length(outputs('See_if_already_exists_-_Pen_and_Paper')?['body/value'])",                   0                 ]               },               "metadata": {                 "operationMetadataId": "df531675-22b7-494b-9f44-1c9168dfead1"               },               "type": "If"             },             "only_add_if_not_already_there_-_Printer": {               "actions": {},               "runAfter": {                 "See_if_already_exists_-_Printer": [                   "Succeeded"                 ]               },               "else": {                 "actions": {                   "Add_Printer": {                     "runAfter": {},                     "metadata": {                       "operationMetadataId": "d65d3acc-4508-4bea-9745-9628814cfc62"                     },                     "type": "OpenApiConnection",                     "inputs": {                       "host": {                         "connectionName": "shared_commondataserviceforapps_1",                         "operationId": "CreateRecord",                         "apiId": "/providers/Microsoft.PowerApps/apis/shared_commondataserviceforapps"                       },                       "parameters": {                         "entityName": "admin_innovationbacklogtools",                         "item/admin_name": "Printer",                         "item/admin_displayname": "Printer",                         "item/admin_id": "/nonsoftware/Printer",                         "item/admin_iscustomsoftwareconnector": false,                         "item/admin_mostcommonlyused": false,                         "item/admin_tooltype": 597910001                       },                       "authentication": {                         "type": "Raw",                         "value": "@json(decodeBase64(triggerOutputs().headers['X-MS-APIM-Tokens']))['$ConnectionKey']"                       },                       "retryPolicy": {                         "type": "exponential",                         "count": 10,                         "interval": "PT10S"                       }                     }                   }                 }               },               "expression": {                 "greater": [                   "@length(outputs('See_if_already_exists_-_Printer')?['body/value'])",                   0                 ]               },               "metadata": {                 "operationMetadataId": "7b6d4260-2909-430b-9345-279fc40c30c3"               },               "type": "If"             },             "only_add_if_not_already_there_-_Whiteboard": {               "actions": {},               "runAfter": {                 "See_if_already_exists_-_Whiteboard": [                   "Succeeded"                 ]               },               "else": {                 "actions": {                   "Add_Whiteboard": {                     "runAfter": {},                     "metadata": {                       "operationMetadataId": "fc605b9f-acf0-4fce-a404-8ecd4d864a58"                     },                     "type": "OpenApiConnection",                     "inputs": {                       "host": {                         "connectionName": "shared_commondataserviceforapps_1",                         "operationId": "CreateRecord",                         "apiId": "/providers/Microsoft.PowerApps/apis/shared_commondataserviceforapps"                       },                       "parameters": {                         "entityName": "admin_innovationbacklogtools",                         "item/admin_name": "Whiteboard",                         "item/admin_description": "Using a physical whiteboard to brainstorm, take notes, track, etc",                         "item/admin_displayname": "Whiteboard",                         "item/admin_id": "/nonsoftware/Whiteboard",                         "item/admin_iscustomsoftwareconnector": false,                         "item/admin_mostcommonlyused": false,                         "item/admin_tooltype": 597910001                       },                       "authentication": {                         "type": "Raw",                         "value": "@json(decodeBase64(triggerOutputs().headers['X-MS-APIM-Tokens']))['$ConnectionKey']"                       },                       "retryPolicy": {                         "type": "exponential",                         "count": 10,                         "interval": "PT10S"                       }                     }                   }                 }               },               "expression": {                 "greater": [                   "@length(outputs('See_if_already_exists_-_Whiteboard')?['body/value'])",                   0                 ]               },               "metadata": {                 "operationMetadataId": "bd1d58fc-37fc-4fcd-aa31-26104596b4f2"               },               "type": "If"             }           },           "runAfter": {             "Delete_what_will_seem_like_Dupes_to_non-PP_users": [               "Succeeded"             ]           },           "metadata": {             "operationMetadataId": "42790652-d684-400f-a1b6-3adc948de6bc"           },           "type": "Scope"         },         "Update_Most_Common": {           "actions": {             "Get_Connector_-_O365": {               "runAfter": {},               "metadata": {                 "operationMetadataId": "cd66c23c-ff57-47a3-babe-bfa0e8729a17"               },               "type": "OpenApiConnection",               "inputs": {                 "host": {                   "connectionName": "shared_commondataserviceforapps_1",                   "operationId": "ListRecords",                   "apiId": "/providers/Microsoft.PowerApps/apis/shared_commondataserviceforapps"                 },                 "parameters": {                   "entityName": "admin_innovationbacklogtools",                   "$select": "admin_name",                   "$filter": "admin_name eq  'shared_office365'"                 },                 "authentication": {                   "type": "Raw",                   "value": "@json(decodeBase64(triggerOutputs().headers['X-MS-APIM-Tokens']))['$ConnectionKey']"                 }               },               "runtimeConfiguration": {                 "paginationPolicy": {                   "minimumItemCount": 5000                 }               }             },             "Get_Connector_-_SPO": {               "runAfter": {                 "Mark_Common_-_Herding_Cats": [                   "Succeeded",                   "Failed"                 ]               },               "metadata": {                 "operationMetadataId": "53b79da3-159f-4b3e-9d73-5d3dd20a74a8"               },               "type": "OpenApiConnection",               "inputs": {                 "host": {                   "connectionName": "shared_commondataserviceforapps_1",                   "operationId": "ListRecords",                   "apiId": "/providers/Microsoft.PowerApps/apis/shared_commondataserviceforapps"                 },                 "parameters": {                   "entityName": "admin_innovationbacklogtools",                   "$select": "admin_name",                   "$filter": "admin_name eq  'shared_sharepointonline'"                 },                 "authentication": {                   "type": "Raw",                   "value": "@json(decodeBase64(triggerOutputs().headers['X-MS-APIM-Tokens']))['$ConnectionKey']"                 }               },               "runtimeConfiguration": {                 "paginationPolicy": {                   "minimumItemCount": 5000                 }               }             },             "Get_Connector_-_XL": {               "runAfter": {                 "Mark_Common_-_SPO": [                   "Succeeded",                   "Failed"                 ]               },               "metadata": {                 "operationMetadataId": "5c6a70bb-01f9-4e74-a708-beb862742965"               },               "type": "OpenApiConnection",               "inputs": {                 "host": {                   "connectionName": "shared_commondataserviceforapps_1",                   "operationId": "ListRecords",                   "apiId": "/providers/Microsoft.PowerApps/apis/shared_commondataserviceforapps"                 },                 "parameters": {                   "entityName": "admin_innovationbacklogtools",                   "$select": "admin_name",                   "$filter": "admin_name eq  'shared_excel'"                 },                 "authentication": {                   "type": "Raw",                   "value": "@json(decodeBase64(triggerOutputs().headers['X-MS-APIM-Tokens']))['$ConnectionKey']"                 }               },               "runtimeConfiguration": {                 "paginationPolicy": {                   "minimumItemCount": 5000                 }               }             },             "Get_Connector_-_ODB": {               "runAfter": {                 "Mark_Common_-_XL": [                   "Succeeded",                   "Failed"                 ]               },               "metadata": {                 "operationMetadataId": "d8cd9c8f-87c2-4438-a087-c2690085b9bc"               },               "type": "OpenApiConnection",               "inputs": {                 "host": {                   "connectionName": "shared_commondataserviceforapps_1",                   "operationId": "ListRecords",                   "apiId": "/providers/Microsoft.PowerApps/apis/shared_commondataserviceforapps"                 },                 "parameters": {                   "entityName": "admin_innovationbacklogtools",                   "$select": "admin_name",                   "$filter": "admin_name eq  'shared_onedriveforbusiness'"                 },                 "authentication": {                   "type": "Raw",                   "value": "@json(decodeBase64(triggerOutputs().headers['X-MS-APIM-Tokens']))['$ConnectionKey']"                 }               },               "runtimeConfiguration": {                 "paginationPolicy": {                   "minimumItemCount": 5000                 }               }             },             "Get_Connector_-_PBI": {               "runAfter": {                 "Mark_Common_-_ODB": [                   "Succeeded",                   "Failed"                 ]               },               "metadata": {                 "operationMetadataId": "2849bffc-6b24-4999-b62a-66c1173ec831"               },               "type": "OpenApiConnection",               "inputs": {                 "host": {                   "connectionName": "shared_commondataserviceforapps_1",                   "operationId": "ListRecords",                   "apiId": "/providers/Microsoft.PowerApps/apis/shared_commondataserviceforapps"                 },                 "parameters": {                   "entityName": "admin_innovationbacklogtools",                   "$select": "admin_name",                   "$filter": "admin_name eq  'shared_powerbi'"                 },                 "authentication": {                   "type": "Raw",                   "value": "@json(decodeBase64(triggerOutputs().headers['X-MS-APIM-Tokens']))['$ConnectionKey']"                 }               },               "runtimeConfiguration": {                 "paginationPolicy": {                   "minimumItemCount": 5000                 }               }             },             "Get_Connector_-_SQL": {               "runAfter": {                 "Mark_Common_-_PBI": [                   "Succeeded",                   "Failed"                 ]               },               "metadata": {                 "operationMetadataId": "f018a43d-e956-4dc9-a46d-23c7f7f7e85d"               },               "type": "OpenApiConnection",               "inputs": {                 "host": {                   "connectionName": "shared_commondataserviceforapps_1",                   "operationId": "ListRecords",                   "apiId": "/providers/Microsoft.PowerApps/apis/shared_commondataserviceforapps"                 },                 "parameters": {                   "entityName": "admin_innovationbacklogtools",                   "$select": "admin_name",                   "$filter": "admin_name eq  'shared_sql'"                 },                 "authentication": {                   "type": "Raw",                   "value": "@json(decodeBase64(triggerOutputs().headers['X-MS-APIM-Tokens']))['$ConnectionKey']"                 }               },               "runtimeConfiguration": {                 "paginationPolicy": {                   "minimumItemCount": 5000                 }               }             },             "Get_Connector_-_Herding_Cats": {               "runAfter": {                 "Mark_Common_-_O365": [                   "Succeeded",                   "Failed"                 ]               },               "metadata": {                 "operationMetadataId": "8370dfa8-4f66-4c4e-bad6-5267156e32a9"               },               "type": "OpenApiConnection",               "inputs": {                 "host": {                   "connectionName": "shared_commondataserviceforapps_1",                   "operationId": "ListRecords",                   "apiId": "/providers/Microsoft.PowerApps/apis/shared_commondataserviceforapps"                 },                 "parameters": {                   "entityName": "admin_innovationbacklogtools",                   "$select": "admin_name",                   "$filter": "admin_name eq  'Herding Cats'"                 },                 "authentication": {                   "type": "Raw",                   "value": "@json(decodeBase64(triggerOutputs().headers['X-MS-APIM-Tokens']))['$ConnectionKey']"                 }               },               "runtimeConfiguration": {                 "paginationPolicy": {                   "minimumItemCount": 5000                 }               }             },             "Mark_Common_-_O365": {               "runAfter": {                 "Get_Connector_-_O365": [                   "Succeeded"                 ]               },               "metadata": {                 "operationMetadataId": "10cd5e8e-cd21-446e-bb8f-8f81286ce9b6"               },               "type": "OpenApiConnection",               "inputs": {                 "host": {                   "connectionName": "shared_commondataserviceforapps_1",                   "operationId": "UpdateRecord",                   "apiId": "/providers/Microsoft.PowerApps/apis/shared_commondataserviceforapps"                 },                 "parameters": {                   "entityName": "admin_innovationbacklogtools",                   "recordId": "@first(outputs('Get_Connector_-_O365')?['body/value'])?['admin_innovationbacklogtoolid']",                   "item/admin_mostcommonlyused": true                 },                 "authentication": {                   "type": "Raw",                   "value": "@json(decodeBase64(triggerOutputs().headers['X-MS-APIM-Tokens']))['$ConnectionKey']"                 },                 "retryPolicy": {                   "type": "exponential",                   "count": 10,                   "interval": "PT10S"                 }               }             },             "Mark_Common_-_Herding_Cats": {               "runAfter": {                 "Get_Connector_-_Herding_Cats": [                   "Succeeded"                 ]               },               "metadata": {                 "operationMetadataId": "2fd97227-6dfe-4781-beab-a35ab76534b3"               },               "type": "OpenApiConnection",               "inputs": {                 "host": {                   "connectionName": "shared_commondataserviceforapps_1",                   "operationId": "UpdateRecord",                   "apiId": "/providers/Microsoft.PowerApps/apis/shared_commondataserviceforapps"                 },                 "parameters": {                   "entityName": "admin_innovationbacklogtools",                   "recordId": "@first(outputs('Get_Connector_-_Herding_Cats')?['body/value'])?['admin_innovationbacklogtoolid']",                   "item/admin_mostcommonlyused": true                 },                 "authentication": {                   "type": "Raw",                   "value": "@json(decodeBase64(triggerOutputs().headers['X-MS-APIM-Tokens']))['$ConnectionKey']"                 },                 "retryPolicy": {                   "type": "exponential",                   "count": 10,                   "interval": "PT10S"                 }               }             },             "Mark_Common_-_SPO": {               "runAfter": {                 "Get_Connector_-_SPO": [                   "Succeeded"                 ]               },               "metadata": {                 "operationMetadataId": "b78909c1-b429-4130-919f-7bef88fd6359"               },               "type": "OpenApiConnection",               "inputs": {                 "host": {                   "connectionName": "shared_commondataserviceforapps_1",                   "operationId": "UpdateRecord",                   "apiId": "/providers/Microsoft.PowerApps/apis/shared_commondataserviceforapps"                 },                 "parameters": {                   "entityName": "admin_innovationbacklogtools",                   "recordId": "@first(outputs('Get_Connector_-_SPO')?['body/value'])?['admin_innovationbacklogtoolid']",                   "item/admin_mostcommonlyused": true                 },                 "authentication": {                   "type": "Raw",                   "value": "@json(decodeBase64(triggerOutputs().headers['X-MS-APIM-Tokens']))['$ConnectionKey']"                 },                 "retryPolicy": {                   "type": "exponential",                   "count": 10,                   "interval": "PT10S"                 }               }             },             "Mark_Common_-_XL": {               "runAfter": {                 "Get_Connector_-_XL": [                   "Succeeded"                 ]               },               "metadata": {                 "operationMetadataId": "626af474-29b3-49ff-a585-e4b60ef5fe42"               },               "type": "OpenApiConnection",               "inputs": {                 "host": {                   "connectionName": "shared_commondataserviceforapps_1",                   "operationId": "UpdateRecord",                   "apiId": "/providers/Microsoft.PowerApps/apis/shared_commondataserviceforapps"                 },                 "parameters": {                   "entityName": "admin_innovationbacklogtools",                   "recordId": "@first(outputs('Get_Connector_-_XL')?['body/value'])?['admin_innovationbacklogtoolid']",                   "item/admin_mostcommonlyused": true                 },                 "authentication": {                   "type": "Raw",                   "value": "@json(decodeBase64(triggerOutputs().headers['X-MS-APIM-Tokens']))['$ConnectionKey']"                 },                 "retryPolicy": {                   "type": "exponential",                   "count": 10,                   "interval": "PT10S"                 }               }             },             "Mark_Common_-_ODB": {               "runAfter": {                 "Get_Connector_-_ODB": [                   "Succeeded"                 ]               },               "metadata": {                 "operationMetadataId": "10de556e-897b-4ecc-8638-6557de573449"               },               "type": "OpenApiConnection",               "inputs": {                 "host": {                   "connectionName": "shared_commondataserviceforapps_1",                   "operationId": "UpdateRecord",                   "apiId": "/providers/Microsoft.PowerApps/apis/shared_commondataserviceforapps"                 },                 "parameters": {                   "entityName": "admin_innovationbacklogtools",                   "recordId": "@first(outputs('Get_Connector_-_ODB')?['body/value'])?['admin_innovationbacklogtoolid']",                   "item/admin_mostcommonlyused": true                 },                 "authentication": {                   "type": "Raw",                   "value": "@json(decodeBase64(triggerOutputs().headers['X-MS-APIM-Tokens']))['$ConnectionKey']"                 },                 "retryPolicy": {                   "type": "exponential",                   "count": 10,                   "interval": "PT10S"                 }               }             },             "Mark_Common_-_PBI": {               "runAfter": {                 "Get_Connector_-_PBI": [                   "Succeeded"                 ]               },               "metadata": {                 "operationMetadataId": "04133472-4edd-4b1c-b768-ca358c430c6e"               },               "type": "OpenApiConnection",               "inputs": {                 "host": {                   "connectionName": "shared_commondataserviceforapps_1",                   "operationId": "UpdateRecord",                   "apiId": "/providers/Microsoft.PowerApps/apis/shared_commondataserviceforapps"                 },                 "parameters": {                   "entityName": "admin_innovationbacklogtools",                   "recordId": "@first(outputs('Get_Connector_-_PBI')?['body/value'])?['admin_innovationbacklogtoolid']",                   "item/admin_mostcommonlyused": true                 },                 "authentication": {                   "type": "Raw",                   "value": "@json(decodeBase64(triggerOutputs().headers['X-MS-APIM-Tokens']))['$ConnectionKey']"                 },                 "retryPolicy": {                   "type": "exponential",                   "count": 10,                   "interval": "PT10S"                 }               }             },             "Mark_Common_-_SQL": {               "runAfter": {                 "Get_Connector_-_SQL": [                   "Succeeded"                 ]               },               "metadata": {                 "operationMetadataId": "36d5bd75-50e4-4a66-969d-2afc40167e25"               },               "type": "OpenApiConnection",               "inputs": {                 "host": {                   "connectionName": "shared_commondataserviceforapps_1",                   "operationId": "UpdateRecord",                   "apiId": "/providers/Microsoft.PowerApps/apis/shared_commondataserviceforapps"                 },                 "parameters": {                   "entityName": "admin_innovationbacklogtools",                   "recordId": "@first(outputs('Get_Connector_-_SQL')?['body/value'])?['admin_innovationbacklogtoolid']",                   "item/admin_mostcommonlyused": true                 },                 "authentication": {                   "type": "Raw",                   "value": "@json(decodeBase64(triggerOutputs().headers['X-MS-APIM-Tokens']))['$ConnectionKey']"                 },                 "retryPolicy": {                   "type": "exponential",                   "count": 10,                   "interval": "PT10S"                 }               }             }           },           "runAfter": {             "Add_common_non-software": [               "Succeeded"             ]           },           "metadata": {             "operationMetadataId": "7528c94f-dee4-4b47-8190-ba3469ed2dc5"           },           "type": "Scope",           "description": "For now this scope is static, but over time it will start to read those tools actually used most commonly in your organization"         }       },       "outputs": {}     }   },   "schemaVersion": "1.0.0.0" }
