{
  "properties": {
    "connectionReferences": {
      "shared_powerplatformforadmins": {
        "runtimeSource": "embedded",
        "connection": {
          "connectionReferenceLogicalName": "admin_CoECorePowerPlatformforAdminsEnvRequest"
        },
        "api": {
          "name": "shared_powerplatformforadmins"
        }
      },
      "shared_commondataserviceforapps_1": {
        "runtimeSource": "embedded",
        "connection": {
          "connectionReferenceLogicalName": "admin_CoECoreDataverseEnvRequest"
        },
        "api": {
          "name": "shared_commondataserviceforapps"
        }
      },
      "shared_commondataserviceforapps": {
        "runtimeSource": "embedded",
        "connection": {
          "connectionReferenceLogicalName": "admin_CoECoreDataverseEnvRequest"
        },
        "api": {
          "name": "shared_commondataserviceforapps"
        }
      }
    },
    "definition": {
      "$schema": "https://schema.management.azure.com/providers/Microsoft.Logic/schemas/2016-06-01/workflowdefinition.json#",
      "contentVersion": "1.0.0.0",
      "parameters": {
        "$connections": {
          "defaultValue": {},
          "type": "Object"
        },
        "$authentication": {
          "defaultValue": {},
          "type": "SecureObject"
        },
        "Admin eMail Preferred Language (admin_AdmineMailPreferredLanguage)": {
          "defaultValue": "fr-FR",
          "type": "String",
          "metadata": {
            "schemaName": "admin_AdmineMailPreferredLanguage",
            "description": "The preferred language for the emails sent to the admin email alias, which is specified in theAdmin eMail environment variable. Default is en-US"
          }
        },
        "ProductionEnvironment (admin_ProductionEnvironment)": {
          "defaultValue": false,
          "type": "Bool",
          "metadata": {
            "schemaName": "admin_ProductionEnvironment",
            "description": "Yes by default. Set to No if you are creating a dev type envt. This will allow some flows to set target users to the admin instead of resource owners"
          }
        },
        "Admin eMail (admin_AdminMail)": {
          "defaultValue": "adelev@pplatform.onmicrosoft.com",
          "type": "String",
          "metadata": {
            "schemaName": "admin_AdminMail",
            "description": "CoE Admin eMail. Email address used in flows to send notifications to admins; this should be either your email address or a distribution list"
          }
        }
      },
      "triggers": {
        "Recurrence": {
          "recurrence": {
            "frequency": "Day",
            "interval": 1,
            "timeZone": "UTC",
            "schedule": {
              "hours": [
                "0"
              ]
            }
          },
          "metadata": {
            "operationMetadataId": "7b041820-a906-4583-b452-be7cde530791"
          },
          "type": "Recurrence"
        }
      },
      "actions": {
        "Initialize_variable_-_varEmailList": {
          "runAfter": {
            "Initialize_emailGUID": [
              "Succeeded"
            ]
          },
          "metadata": {
            "operationMetadataId": "fa5225fe-95e4-49a9-8ce8-648709cba70e"
          },
          "type": "InitializeVariable",
          "inputs": {
            "variables": [
              {
                "name": "varEmailList",
                "type": "string"
              }
            ]
          }
        },
        "Initialize_emailGUID": {
          "runAfter": {},
          "metadata": {
            "operationMetadataId": "dad8eca6-7937-47c0-aa57-f2d48dd1c5a2"
          },
          "type": "InitializeVariable",
          "inputs": {
            "variables": [
              {
                "name": "emailGUID",
                "type": "string"
              }
            ]
          }
        },
        "Delete_Expired_Environments": {
          "actions": {
            "Apply_to_each_Expired_Request": {
              "foreach": "@variables('arrExpiredRequests')",
              "actions": {
                "Compose": {
                  "runAfter": {},
                  "metadata": {
                    "operationMetadataId": "d91963fc-724d-4b5b-9496-2ba84d3c6bc8"
                  },
                  "type": "Compose",
                  "inputs": "@items('Apply_to_each_Expired_Request')?['coe_envname']"
                },
                "If_Environment_is_linked": {
                  "actions": {
                    "Delete_expired_Environment": {
                      "runAfter": {},
                      "metadata": {
                        "operationMetadataId": "e1ad22c1-05e9-4dcc-81dd-75b70142d893"
                      },
                      "type": "OpenApiConnection",
                      "inputs": {
                        "host": {
                          "connectionName": "shared_powerplatformforadmins",
                          "operationId": "Remove-AdminEnvironment",
                          "apiId": "/providers/Microsoft.PowerApps/apis/shared_powerplatformforadmins"
                        },
                        "parameters": {
                          "environment": "@items('Apply_to_each_Expired_Request')?['coe_environment']",
                          "api-version": "2018-10-01"
                        },
                        "authentication": "@parameters('$authentication')"
                      }
                    }
                  },
                  "runAfter": {
                    "Compose": [
                      "Succeeded"
                    ]
                  },
                  "else": {
                    "actions": {
                      "Environment_record_was_not_linked_to_this_request": {
                        "runAfter": {},
                        "metadata": {
                          "operationMetadataId": "cc7073a0-0c8a-4a27-b8be-5835b9c57b03"
                        },
                        "type": "Compose",
                        "inputs": "Environment record was not linked to this request"
                      }
                    }
                  },
                  "expression": {
                    "and": [
                      {
                        "not": {
                          "equals": [
                            "@items('Apply_to_each_Expired_Request')?['coe_environment']",
                            "@null"
                          ]
                        }
                      },
                      {
                        "greater": [
                          "@length(items('Apply_to_each_Expired_Request')?['coe_environment'])",
                          0
                        ]
                      }
                    ]
                  },
                  "metadata": {
                    "operationMetadataId": "ddc997b2-2af0-4f82-a05d-5ed6eb751c79"
                  },
                  "type": "If",
                  "description": "Check if coe_environment is not null or length is greater than 0"
                },
                "Update_a_row_-_Close_expired_Request": {
                  "runAfter": {
                    "If_Environment_is_linked": [
                      "Succeeded"
                    ]
                  },
                  "metadata": {
                    "operationMetadataId": "649bc185-5950-43b3-bacc-aed15cc9726d"
                  },
                  "type": "OpenApiConnection",
                  "inputs": {
                    "host": {
                      "connectionName": "shared_commondataserviceforapps_1",
                      "operationId": "UpdateRecord",
                      "apiId": "/providers/Microsoft.PowerApps/apis/shared_commondataserviceforapps"
                    },
                    "parameters": {
                      "entityName": "coe_environmentcreationrequests",
                      "recordId": "@items('Apply_to_each_Expired_Request')?['coe_environmentcreationrequestid']",
                      "item/coe_requeststatus": 181330002,
                      "item/statecode": 1
                    },
                    "authentication": "@parameters('$authentication')"
                  }
                }
              },
              "runAfter": {},
              "metadata": {
                "operationMetadataId": "17567ddc-3209-4b3b-8f0f-c3b73a8e5097"
              },
              "type": "Foreach"
            }
          },
          "runAfter": {
            "Update_Live_Environment_Creation_Request_records": [
              "Succeeded"
            ]
          },
          "metadata": {
            "operationMetadataId": "b44f53d8-dfb5-48b5-bd14-687574fd7e0f"
          },
          "type": "Scope",
          "description": "Deletes the expired environments and changes the status of the associated Request to inactive"
        },
        "Initialize_arrExpiredRequests": {
          "runAfter": {
            "Initialize_arrExpiringRequests": [
              "Succeeded"
            ]
          },
          "metadata": {
            "operationMetadataId": "fab6f6a7-72f2-4a9c-821a-4bfc52e2bf0b"
          },
          "type": "InitializeVariable",
          "inputs": {
            "variables": [
              {
                "name": "arrExpiredRequests",
                "type": "array"
              }
            ]
          }
        },
        "Initialize_arrManuallyDeletedEnvironments_array": {
          "runAfter": {
            "Initialize_arrLiveEnvironmentRequests": [
              "Succeeded"
            ]
          },
          "metadata": {
            "operationMetadataId": "ba231bd6-4b19-468a-8f85-b8957612d9b3"
          },
          "type": "InitializeVariable",
          "inputs": {
            "variables": [
              {
                "name": "arrManuallyDeletedEnvironments",
                "type": "array"
              }
            ]
          }
        },
        "Get_Environments_and_Environment_Creation_Request_rows": {
          "actions": {
            "List_Environments_as_Admin": {
              "runAfter": {},
              "metadata": {
                "operationMetadataId": "9cf5193c-130e-4711-9035-b5fea402862c"
              },
              "type": "OpenApiConnection",
              "inputs": {
                "host": {
                  "connectionName": "shared_powerplatformforadmins",
                  "operationId": "Get-AdminEnvironment",
                  "apiId": "/providers/Microsoft.PowerApps/apis/shared_powerplatformforadmins"
                },
                "parameters": {
                  "api-version": "2018-10-01"
                },
                "authentication": "@parameters('$authentication')"
              }
            },
            "Filter_array_-_Active_Environment_Creation_Requests_with_an_Expiration_Date": {
              "runAfter": {
                "Apply_to_each_Request": [
                  "Succeeded"
                ]
              },
              "metadata": {
                "operationMetadataId": "c4f92b5c-f11e-4db1-b48d-f3a74f41dce0"
              },
              "type": "Query",
              "inputs": {
                "from": "@variables('arrRequestsWithEmailList')",
                "where": "@greater(length(item()?['coe_expirationdate']), 0)"
              }
            },
            "Filter_array_-_Environment_Creation_Requests_expiring_within_1_month": {
              "runAfter": {
                "Set_variable": [
                  "Succeeded"
                ]
              },
              "metadata": {
                "operationMetadataId": "3e9d42b2-1101-46d6-bb16-a13b84c80658"
              },
              "type": "Query",
              "inputs": {
                "from": "@body('Filter_array_-_Active_Environment_Creation_Requests_with_an_Expiration_Date')",
                "where": "@lessOrEquals(item()?['coe_expirationdate'], body('Get_future_time_-_1_month'))"
              },
              "description": "Includes already expired"
            },
            "Get_future_time_-_1_month": {
              "runAfter": {
                "List_rows_-_Active_Environment_Creation_Requests": [
                  "Succeeded"
                ]
              },
              "metadata": {
                "operationMetadataId": "351a4c42-ba97-4cfb-832d-ece26decf0e3"
              },
              "type": "Expression",
              "kind": "GetFutureTime",
              "inputs": {
                "interval": 1,
                "timeUnit": "Month"
              }
            },
            "Filter_array_-_Expired_Requests": {
              "runAfter": {
                "Filter_array_-_Environment_Creation_Requests_expiring_within_1_month": [
                  "Succeeded"
                ]
              },
              "metadata": {
                "operationMetadataId": "b837f7e5-f1d3-4cbd-b942-3196c95f77c0"
              },
              "type": "Query",
              "inputs": {
                "from": "@body('Filter_array_-_Environment_Creation_Requests_expiring_within_1_month')",
                "where": "@lessOrEquals(item()?['coe_expirationdate'], utcNow())"
              },
              "description": "Environment Requests that have already expired (date is past/less than today)"
            },
            "Set_arrExpiredRequests": {
              "runAfter": {
                "Filter_array_-_Expired_Requests": [
                  "Succeeded"
                ]
              },
              "metadata": {
                "operationMetadataId": "0ee31a9e-29cd-49fb-ba6d-645dfe01c01f"
              },
              "type": "SetVariable",
              "inputs": {
                "name": "arrExpiredRequests",
                "value": "@body('Filter_array_-_Expired_Requests')"
              }
            },
            "Filter_array_-_Requests_expiring_soon": {
              "runAfter": {
                "Filter_array_-_Environment_Creation_Requests_expiring_within_1_month": [
                  "Succeeded"
                ]
              },
              "metadata": {
                "operationMetadataId": "9b561830-d65d-4895-b483-8f70ca723b7b"
              },
              "type": "Query",
              "inputs": {
                "from": "@body('Filter_array_-_Environment_Creation_Requests_expiring_within_1_month')",
                "where": "@greater(item()?['coe_expirationdate'], utcNow())"
              },
              "description": "Environment Requests that have already expired (date is past/less than today)"
            },
            "Filter_array_-_Live_Environment_Creation_Requests": {
              "runAfter": {
                "Filter_array_-_Active_Environment_Creation_Requests_with_an_Expiration_Date": [
                  "Succeeded"
                ]
              },
              "metadata": {
                "operationMetadataId": "7dd669f6-888d-41a6-a57d-d6e7d44f2760"
              },
              "type": "Query",
              "inputs": {
                "from": "@body('Filter_array_-_Active_Environment_Creation_Requests_with_an_Expiration_Date')",
                "where": "@equals(item()?['coe_requeststatus'], 597910006)"
              }
            },
            "List_rows_-_Active_Environment_Creation_Requests": {
              "runAfter": {
                "List_Environments_as_Admin": [
                  "Succeeded"
                ]
              },
              "metadata": {
                "operationMetadataId": "4762499b-c65d-41db-9060-f97e4cba5527"
              },
              "type": "OpenApiConnection",
              "inputs": {
                "host": {
                  "connectionName": "shared_commondataserviceforapps",
                  "operationId": "ListRecords",
                  "apiId": "/providers/Microsoft.PowerApps/apis/shared_commondataserviceforapps"
                },
                "parameters": {
                  "entityName": "coe_environmentcreationrequests",
                  "$filter": "statuscode eq 1",
                  "$expand": "coe_EnvCreationRequest_SystemAdmins($select=admin_makerid,admin_userprincipalname)"
                },
                "authentication": "@parameters('$authentication')"
              },
              "description": "coe_requeststatus value 597910006 maps to 'Completed'",
              "runtimeConfiguration": {
                "paginationPolicy": {
                  "minimumItemCount": 5000
                }
              }
            },
            "Apply_to_each_Request": {
              "foreach": "@outputs('List_rows_-_Active_Environment_Creation_Requests')?['body/value']",
              "actions": {
                "Parse_JSON_-_Email_List": {
                  "runAfter": {},
                  "metadata": {
                    "operationMetadataId": "11f97ff3-0217-4fb8-b760-f3ce2ed79316"
                  },
                  "type": "ParseJson",
                  "inputs": {
                    "content": "@item()",
                    "schema": {
                      "type": "object",
                      "properties": {
                        "coe_EnvCreationRequest_SystemAdmins": {
                          "type": "array",
                          "items": {
                            "type": "object",
                            "properties": {
                              "@@odata.type": {
                                "type": "string"
                              },
                              "@@odata.id": {
                                "type": "string"
                              },
                              "@@odata.etag": {
                                "type": "string"
                              },
                              "@@odata.editLink": {
                                "type": "string"
                              },
                              "admin_makerid@odata.type": {
                                "type": "string"
                              },
                              "admin_makerid": {
                                "type": "string"
                              },
                              "admin_userprincipalname": {
                                "type": "string"
                              }
                            },
                            "required": [
                              "@@odata.type",
                              "@@odata.id",
                              "@@odata.etag",
                              "@@odata.editLink",
                              "admin_makerid@odata.type",
                              "admin_makerid"
                            ]
                          }
                        }
                      }
                    }
                  }
                },
                "Apply_to_each_User_Email": {
                  "foreach": "@body('Parse_JSON_-_Email_List')?['coe_EnvCreationRequest_SystemAdmins']",
                  "actions": {
                    "Add_Email_to_list_if_not_already_there": {
                      "actions": {
                        "Append_to_Email_list": {
                          "runAfter": {},
                          "metadata": {
                            "operationMetadataId": "e12108c1-c807-4258-8cd6-221026c1a61e"
                          },
                          "type": "AppendToStringVariable",
                          "inputs": {
                            "name": "varEmailList",
                            "value": "@{items('Apply_to_each_User_Email')?['admin_userprincipalname']};"
                          }
                        }
                      },
                      "runAfter": {},
                      "expression": {
                        "not": {
                          "contains": [
                            "@variables('varEmailList')",
                            "@items('Apply_to_each_User_Email')?['admin_userprincipalname']"
                          ]
                        }
                      },
                      "metadata": {
                        "operationMetadataId": "9be74a3d-35c8-4431-9e2e-6462aed51546"
                      },
                      "type": "If"
                    }
                  },
                  "runAfter": {
                    "Parse_JSON_-_Email_List": [
                      "Succeeded"
                    ]
                  },
                  "metadata": {
                    "operationMetadataId": "c42cac14-a4b0-49a5-95f4-35e5c94a76dc"
                  },
                  "type": "Foreach",
                  "runtimeConfiguration": {
                    "concurrency": {
                      "repetitions": 50
                    }
                  }
                },
                "Set_variable_-_reset_varEmailList_string_to_empty": {
                  "runAfter": {
                    "Append_to_array_variable": [
                      "Succeeded"
                    ]
                  },
                  "metadata": {
                    "operationMetadataId": "d6ab420c-cd79-46de-ac86-328be346c314"
                  },
                  "type": "SetVariable",
                  "inputs": {
                    "name": "varEmailList",
                    "value": "@{null}"
                  }
                },
                "Append_to_array_variable": {
                  "runAfter": {
                    "Apply_to_each_User_Email": [
                      "Succeeded"
                    ]
                  },
                  "metadata": {
                    "operationMetadataId": "c07bd1e3-8746-41aa-b9f3-32573f85ab70"
                  },
                  "type": "AppendToArrayVariable",
                  "inputs": {
                    "name": "arrRequestsWithEmailList",
                    "value": {
                      "coe_name": "@{items('Apply_to_each_Request')?['coe_name']}",
                      "coe_environmentcreationrequestid": "@{items('Apply_to_each_Request')?['coe_environmentcreationrequestid']}",
                      "coe_envdisplayname": "@{item()?['coe_envdisplayname']}",
                      "coe_environment_value": "@{item()?['_coe_environment_value']}",
                      "coe_requeststatus": "@{items('Apply_to_each_Request')?['coe_requeststatus']}",
                      "coe_expirationdate": "@{items('Apply_to_each_Request')?['coe_expirationdate']}",
                      "Emails": "@{variables('varEmailList')}"
                    }
                  }
                }
              },
              "runAfter": {
                "Get_future_time_-_1_month": [
                  "Succeeded"
                ]
              },
              "metadata": {
                "operationMetadataId": "f211627e-8573-47ed-adce-1ac8f9577a34"
              },
              "type": "Foreach"
            },
            "Set_variable": {
              "runAfter": {
                "Filter_array_-_Live_Environment_Creation_Requests": [
                  "Succeeded"
                ]
              },
              "metadata": {
                "operationMetadataId": "3556b94e-fb7c-408c-b665-5513b1f57d60"
              },
              "type": "SetVariable",
              "inputs": {
                "name": "arrLiveEnvironmentRequests",
                "value": "@body('Filter_array_-_Live_Environment_Creation_Requests')"
              }
            },
            "Set_variable_-_arrExpiringRequests": {
              "runAfter": {
                "Filter_array_-_Requests_expiring_soon": [
                  "Succeeded"
                ]
              },
              "metadata": {
                "operationMetadataId": "06fadb36-4e91-4427-a12b-917b57f7995b"
              },
              "type": "SetVariable",
              "inputs": {
                "name": "arrExpiringRequests",
                "value": "@body('Filter_array_-_Requests_expiring_soon')"
              }
            }
          },
          "runAfter": {
            "Initialize_arrRequestsWithEmailList_array": [
              "Succeeded"
            ]
          },
          "metadata": {
            "operationMetadataId": "276e3370-8457-41cf-9ab3-795f1e2f2cb9"
          },
          "type": "Scope"
        },
        "Initialize_arrExpiringRequests": {
          "runAfter": {
            "Initialize_variable_-_varEmailList": [
              "Succeeded"
            ]
          },
          "metadata": {
            "operationMetadataId": "3e31b0be-e365-4455-aaee-aff6b9f65f2b"
          },
          "type": "InitializeVariable",
          "inputs": {
            "variables": [
              {
                "name": "arrExpiringRequests",
                "type": "array"
              }
            ]
          }
        },
        "Initialize_arrLiveEnvironmentRequests": {
          "runAfter": {
            "Initialize_arrExpiredRequests": [
              "Succeeded"
            ]
          },
          "metadata": {
            "operationMetadataId": "082cdcfb-377c-4b55-a39c-bdf75a48fb49"
          },
          "type": "InitializeVariable",
          "inputs": {
            "variables": [
              {
                "name": "arrLiveEnvironmentRequests",
                "type": "array"
              }
            ]
          }
        },
        "Initialize_arrRequestsWithEmailList_array": {
          "runAfter": {
            "Initialize_arrManuallyDeletedEnvironments_array": [
              "Succeeded"
            ]
          },
          "metadata": {
            "operationMetadataId": "9b6a2ea6-2bea-4db6-9a4f-72f7ae785265"
          },
          "type": "InitializeVariable",
          "inputs": {
            "variables": [
              {
                "name": "arrRequestsWithEmailList",
                "type": "array"
              }
            ]
          }
        },
        "Update_Live_Environment_Creation_Request_records": {
          "actions": {
            "Apply_to_each_Live_Environment_Creation_Request_row": {
              "foreach": "@variables('arrLiveEnvironmentRequests')",
              "actions": {
                "Environment_field_is_null": {
                  "actions": {
                    "Update_a_row_-_Environment_not_linked_to_Request": {
                      "runAfter": {},
                      "metadata": {
                        "operationMetadataId": "2d20d79a-ae97-4bba-8328-1e2d5ea21c3a"
                      },
                      "type": "OpenApiConnection",
                      "inputs": {
                        "host": {
                          "connectionName": "shared_commondataserviceforapps",
                          "operationId": "UpdateRecord",
                          "apiId": "/providers/Microsoft.PowerApps/apis/shared_commondataserviceforapps"
                        },
                        "parameters": {
                          "entityName": "coe_environmentcreationrequests",
                          "recordId": "@items('Apply_to_each_Live_Environment_Creation_Request_row')?['coe_environmentcreationrequestid']",
                          "item/coe_notes": "Environment never linked",
                          "item/coe_requeststatus": 597910007,
                          "item/statecode": 1
                        },
                        "authentication": "@parameters('$authentication')"
                      },
                      "description": "Assumption: Flow failed - \"Create approved Environment\""
                    }
                  },
                  "runAfter": {},
                  "else": {
                    "actions": {
                      "Get_Environment_from_Power_Platform_response": {
                        "runAfter": {},
                        "metadata": {
                          "operationMetadataId": "af0a421a-029d-433a-9330-ff65f9e316fc"
                        },
                        "type": "Query",
                        "inputs": {
                          "from": "@outputs('List_Environments_as_Admin')?['body/value']",
                          "where": "@equals(item()?['name'], items('Apply_to_each_Live_Environment_Creation_Request_row')?['coe_environment'])"
                        },
                        "description": "Look for Environment item in response from Power Platform API, which represents the actual environment count"
                      },
                      "Environment_exists_in_Power_Platform_API": {
                        "actions": {},
                        "runAfter": {
                          "Get_Environment_from_Power_Platform_response": [
                            "Succeeded"
                          ]
                        },
                        "else": {
                          "actions": {
                            "Update_a_row_-_Environment_manually_deleted": {
                              "runAfter": {},
                              "metadata": {
                                "operationMetadataId": "2d20d79a-ae97-4bba-8328-1e2d5ea21c3a"
                              },
                              "type": "OpenApiConnection",
                              "inputs": {
                                "host": {
                                  "connectionName": "shared_commondataserviceforapps",
                                  "operationId": "UpdateRecord",
                                  "apiId": "/providers/Microsoft.PowerApps/apis/shared_commondataserviceforapps"
                                },
                                "parameters": {
                                  "entityName": "coe_environmentcreationrequests",
                                  "recordId": "@items('Apply_to_each_Live_Environment_Creation_Request_row')?['coe_environmentcreationrequestid']",
                                  "item/coe_notes": "Manually deleted",
                                  "item/coe_requeststatus": 597910001,
                                  "item/statecode": 1
                                },
                                "authentication": "@parameters('$authentication')"
                              }
                            }
                          }
                        },
                        "expression": {
                          "greater": [
                            "@length(body('Get_Environment_from_Power_Platform_response'))",
                            0
                          ]
                        },
                        "metadata": {
                          "operationMetadataId": "482cd1be-1f2c-484b-9f64-5ce1577d3202"
                        },
                        "type": "If",
                        "description": "True == Environment was not deleted manually"
                      }
                    }
                  },
                  "expression": {
                    "equals": [
                      "@item()?['coe_environment']",
                      "@null"
                    ]
                  },
                  "metadata": {
                    "operationMetadataId": "482cd1be-1f2c-484b-9f64-5ce1577d3202"
                  },
                  "type": "If"
                }
              },
              "runAfter": {},
              "metadata": {
                "operationMetadataId": "49191a20-e8ed-4144-9ca4-e180e2de0375"
              },
              "type": "Foreach"
            }
          },
          "runAfter": {
            "Get_Environments_and_Environment_Creation_Request_rows": [
              "Succeeded"
            ]
          },
          "metadata": {
            "operationMetadataId": "ddedb923-7d6f-45dc-ba47-6c59cd134567"
          },
          "type": "Scope",
          "description": "Updates the Request record if the environment has been manually deleted (as opposed to being cleaned up), and whether an environment was created and associated to the Request record successfully. "
        },
        "Send_Warning_Emails": {
          "actions": {
            "Only_send_warning_emails_on_Mondays": {
              "actions": {
                "see_if_production_envt": {
                  "actions": {
                    "Apply_to_each_Expiring_Environment_Request": {
                      "foreach": "@variables('arrExpiringRequests')",
                      "actions": {
                        "Get_Row_-_Send_email_deleted_environment": {
                          "actions": {
                            "emailGUID_to_en-US_2": {
                              "runAfter": {},
                              "metadata": {
                                "operationMetadataId": "3c46d691-0f2a-4c36-9611-c2c7de1ec33d"
                              },
                              "type": "Compose",
                              "inputs": "ae142173-2643-ec11-8c62-00224829bf00"
                            },
                            "List_emails_for_preferred_language_2": {
                              "runAfter": {
                                "emailGUID_to_en-US_2": [
                                  "Succeeded"
                                ]
                              },
                              "metadata": {
                                "operationMetadataId": "29188a43-3a3a-46da-a4f6-f162180d8254"
                              },
                              "type": "OpenApiConnection",
                              "inputs": {
                                "host": {
                                  "connectionName": "shared_commondataserviceforapps_1",
                                  "operationId": "ListRecords",
                                  "apiId": "/providers/Microsoft.PowerApps/apis/shared_commondataserviceforapps"
                                },
                                "parameters": {
                                  "entityName": "admin_customizedemails",
                                  "$select": "admin_customizedemailid",
                                  "$filter": "admin_basedon eq '@{outputs('emailGUID_to_en-US_2')}' and admin_language eq '@{parameters('Admin eMail Preferred Language (admin_AdmineMailPreferredLanguage)')}'"
                                },
                                "authentication": "@parameters('$authentication')"
                              }
                            },
                            "Set_emailGUID_to_localized_row_2": {
                              "runAfter": {
                                "List_emails_for_preferred_language_2": [
                                  "Succeeded"
                                ]
                              },
                              "metadata": {
                                "operationMetadataId": "1e1c0a09-41a6-4b3d-a558-df89f10ca738"
                              },
                              "type": "SetVariable",
                              "inputs": {
                                "name": "emailGUID",
                                "value": "@{if(greater(length(outputs('List_emails_for_preferred_language_2')?['body/value']), 0), first(body('List_emails_for_preferred_language_2')?['value'])['admin_customizedemailid'], outputs('emailGUID_to_en-US_2'))}"
                              },
                              "description": "if(greater(length(outputs('List_emails_for_preferred_language')?['body/value']),0), first(body('List_emails_for_preferred_language')?['value'])['admin_customizedemailid'], outputs('emailGUID_to_en-US'))"
                            },
                            "Get_a_row_by_ID_2": {
                              "runAfter": {
                                "Set_emailGUID_to_localized_row_2": [
                                  "Succeeded"
                                ]
                              },
                              "metadata": {
                                "operationMetadataId": "c34df6f5-d327-47a2-8e25-e33c207762e2"
                              },
                              "type": "OpenApiConnection",
                              "inputs": {
                                "host": {
                                  "connectionName": "shared_commondataserviceforapps_1",
                                  "operationId": "GetItem",
                                  "apiId": "/providers/Microsoft.PowerApps/apis/shared_commondataserviceforapps"
                                },
                                "parameters": {
                                  "entityName": "admin_customizedemails",
                                  "recordId": "@variables('emailGUID')",
                                  "$select": "admin_body, admin_cc, admin_replyto, admin_sendonbehalf, admin_subject, admin_importance"
                                },
                                "authentication": "@parameters('$authentication')"
                              }
                            }
                          },
                          "runAfter": {},
                          "metadata": {
                            "operationMetadataId": "74c8fe2a-d9bd-4ab1-a2a7-1ceffc6c9c18"
                          },
                          "type": "Scope"
                        },
                        "Send_email_deleted_environment": {
                          "runAfter": {
                            "Set_variable_-_Email_List": [
                              "Succeeded"
                            ]
                          },
                          "metadata": {
                            "operationMetadataId": "acaf353e-cf00-46d1-b457-eac85c38f49e"
                          },
                          "type": "Workflow",
                          "inputs": {
                            "host": {
                              "workflowReferenceName": "5625768c-bd3d-ec11-8c63-00224829720b"
                            },
                            "body": {
                              "email": "@variables('varEmailList')",
                              "text": "@{items('Apply_to_each_Expiring_Environment_Request')?['coe_name']} - @{outputs('Get_a_row_by_ID_2')?['body/admin_subject']}",
                              "text_1": "@{outputs('Get_a_row_by_ID_2')?['body/admin_body']}\n<span style=\"font-size: 14px\"><strong>Details</strong></span><br>\nEnvironment name: @{items('Apply_to_each_Expiring_Environment_Request')?['coe_envdisplayname']}<br>\nEnvironment Id: @{items('Apply_to_each_Expiring_Environment_Request')?['coe_environment_value']}<br>\nExpiration date: @{items('Apply_to_each_Expiring_Environment_Request')?['coe_expirationdate']}</p>",
                              "email_1": "@if(equals(outputs('Get_a_row_by_ID_2')?['body/admin_cc'], null), '', outputs('Get_a_row_by_ID_2')?['body/admin_cc'])",
                              "email_2": "@if(equals(outputs('Get_a_row_by_ID_2')?['body/admin_sendonbehalf'], null), '', outputs('Get_a_row_by_ID_2')?['body/admin_sendonbehalf'])",
                              "email_3": "@if(equals(outputs('Get_a_row_by_ID_2')?['body/admin_replyto'], null), '', outputs('Get_a_row_by_ID_2')?['body/admin_replyto'])",
                              "text_2": "@if(equals(outputs('Get_a_row_by_ID_2')?['body/admin_importance'], null), '', outputs('Get_a_row_by_ID_2')?['body/admin_importance'])"
                            }
                          },
                          "description": "aa142173-2643-ec11-8c62-00224829bf00"
                        },
                        "Set_variable_-_Email_List": {
                          "runAfter": {
                            "Get_Row_-_Send_email_deleted_environment": [
                              "Succeeded"
                            ]
                          },
                          "metadata": {
                            "operationMetadataId": "75769aaf-00d6-413a-9226-33e71d380534"
                          },
                          "type": "SetVariable",
                          "inputs": {
                            "name": "varEmailList",
                            "value": "@{items('Apply_to_each_Expiring_Environment_Request')?['Emails']}"
                          }
                        }
                      },
                      "runAfter": {},
                      "metadata": {
                        "operationMetadataId": "3dcd40e7-247d-476f-bdf3-317593409cb5"
                      },
                      "type": "Foreach"
                    }
                  },
                  "runAfter": {},
                  "else": {
                    "actions": {
                      "Apply_to_each_Expiring_Environment_Request_-_Admin": {
                        "foreach": "@variables('arrExpiringRequests')",
                        "actions": {
                          "Get_Row_-_Send_email_deleted_environment_-_admin": {
                            "actions": {
                              "emailGUID_to_en-US": {
                                "runAfter": {},
                                "metadata": {
                                  "operationMetadataId": "3c46d691-0f2a-4c36-9611-c2c7de1ec33d"
                                },
                                "type": "Compose",
                                "inputs": "ae142173-2643-ec11-8c62-00224829bf00"
                              },
                              "List_emails_for_preferred_language": {
                                "runAfter": {
                                  "emailGUID_to_en-US": [
                                    "Succeeded"
                                  ]
                                },
                                "metadata": {
                                  "operationMetadataId": "29188a43-3a3a-46da-a4f6-f162180d8254"
                                },
                                "type": "OpenApiConnection",
                                "inputs": {
                                  "host": {
                                    "connectionName": "shared_commondataserviceforapps_1",
                                    "operationId": "ListRecords",
                                    "apiId": "/providers/Microsoft.PowerApps/apis/shared_commondataserviceforapps"
                                  },
                                  "parameters": {
                                    "entityName": "admin_customizedemails",
                                    "$select": "admin_customizedemailid",
                                    "$filter": "admin_basedon eq '@{outputs('emailGUID_to_en-US')}' and admin_language eq '@{parameters('Admin eMail Preferred Language (admin_AdmineMailPreferredLanguage)')}'"
                                  },
                                  "authentication": "@parameters('$authentication')"
                                }
                              },
                              "Set_emailGUID_to_localized_row": {
                                "runAfter": {
                                  "List_emails_for_preferred_language": [
                                    "Succeeded"
                                  ]
                                },
                                "metadata": {
                                  "operationMetadataId": "1e1c0a09-41a6-4b3d-a558-df89f10ca738"
                                },
                                "type": "SetVariable",
                                "inputs": {
                                  "name": "emailGUID",
                                  "value": "@{if(greater(length(outputs('List_emails_for_preferred_language')?['body/value']), 0), first(body('List_emails_for_preferred_language')?['value'])['admin_customizedemailid'], outputs('emailGUID_to_en-US'))}"
                                },
                                "description": "if(greater(length(outputs('List_emails_for_preferred_language')?['body/value']),0), first(body('List_emails_for_preferred_language')?['value'])['admin_customizedemailid'], outputs('emailGUID_to_en-US'))"
                              },
                              "Get_a_row_by_ID": {
                                "runAfter": {
                                  "Set_emailGUID_to_localized_row": [
                                    "Succeeded"
                                  ]
                                },
                                "metadata": {
                                  "operationMetadataId": "c34df6f5-d327-47a2-8e25-e33c207762e2"
                                },
                                "type": "OpenApiConnection",
                                "inputs": {
                                  "host": {
                                    "connectionName": "shared_commondataserviceforapps_1",
                                    "operationId": "GetItem",
                                    "apiId": "/providers/Microsoft.PowerApps/apis/shared_commondataserviceforapps"
                                  },
                                  "parameters": {
                                    "entityName": "admin_customizedemails",
                                    "recordId": "@variables('emailGUID')",
                                    "$select": "admin_body, admin_cc, admin_replyto, admin_sendonbehalf, admin_subject, admin_importance"
                                  },
                                  "authentication": "@parameters('$authentication')"
                                }
                              }
                            },
                            "runAfter": {},
                            "metadata": {
                              "operationMetadataId": "74c8fe2a-d9bd-4ab1-a2a7-1ceffc6c9c18"
                            },
                            "type": "Scope"
                          },
                          "Send_email_deleted_environment_-_Admin": {
                            "runAfter": {
                              "Get_Row_-_Send_email_deleted_environment_-_admin": [
                                "Succeeded"
                              ]
                            },
                            "metadata": {
                              "operationMetadataId": "acaf353e-cf00-46d1-b457-eac85c38f49e"
                            },
                            "type": "Workflow",
                            "inputs": {
                              "host": {
                                "workflowReferenceName": "5625768c-bd3d-ec11-8c63-00224829720b"
                              },
                              "body": {
                                "email": "@parameters('Admin eMail (admin_AdminMail)')",
                                "text": "@{items('Apply_to_each_Expiring_Environment_Request_-_Admin')?['coe_name']} - @{outputs('Get_a_row_by_ID')?['body/admin_subject']}",
                                "text_1": "@{outputs('Get_a_row_by_ID')?['body/admin_body']}\n<span style=\"font-size: 14px\"><strong>Details</strong></span><br>\nEnvironment name: @{items('Apply_to_each_Expiring_Environment_Request_-_Admin')?['coe_envdisplayname']}<br>\nEnvironment Id: @{items('Apply_to_each_Expiring_Environment_Request_-_Admin')?['coe_environment_value']}<br>\nExpiration date: @{items('Apply_to_each_Expiring_Environment_Request_-_Admin')?['coe_expirationdate']}</p>",
                                "email_1": "@if(equals(outputs('Get_a_row_by_ID')?['body/admin_cc'], null), '', outputs('Get_a_row_by_ID')?['body/admin_cc'])",
                                "email_2": "@if(equals(outputs('Get_a_row_by_ID')?['body/admin_sendonbehalf'], null), '', outputs('Get_a_row_by_ID')?['body/admin_sendonbehalf'])",
                                "email_3": "@if(equals(outputs('Get_a_row_by_ID')?['body/admin_replyto'], null), '', outputs('Get_a_row_by_ID')?['body/admin_replyto'])",
                                "text_2": "@if(equals(outputs('Get_a_row_by_ID')?['body/admin_importance'], null), '', outputs('Get_a_row_by_ID')?['body/admin_importance'])"
                              }
                            },
                            "description": "aa142173-2643-ec11-8c62-00224829bf00"
                          }
                        },
                        "runAfter": {},
                        "metadata": {
                          "operationMetadataId": "3b983624-f915-45f5-8336-d0184c713df5"
                        },
                        "type": "Foreach"
                      }
                    }
                  },
                  "expression": {
                    "equals": [
                      "@parameters('ProductionEnvironment (admin_ProductionEnvironment)')",
                      "@true"
                    ]
                  },
                  "metadata": {
                    "operationMetadataId": "0f654013-ff7e-4a8b-b5bf-36aaba51250f"
                  },
                  "type": "If"
                }
              },
              "runAfter": {},
              "expression": {
                "equals": [
                  "@dayOfWeek(utcNow())",
                  1
                ]
              },
              "metadata": {
                "operationMetadataId": "f6430bc4-9dd6-4aad-b7fb-49a9ae4898b1"
              },
              "type": "If"
            },
            "Apply_to_each": {
              "foreach": "@variables('arrExpiringRequests')",
              "actions": {
                "Compose_2": {
                  "runAfter": {},
                  "metadata": {
                    "operationMetadataId": "b9ce7817-b272-49a0-b948-188911175070"
                  },
                  "type": "Compose",
                  "inputs": "@item()?['Emails']"
                }
              },
              "runAfter": {
                "Only_send_warning_emails_on_Mondays": [
                  "Succeeded"
                ]
              },
              "metadata": {
                "operationMetadataId": "3dcd40e7-247d-476f-bdf3-317593409cb5"
              },
              "type": "Foreach"
            }
          },
          "runAfter": {
            "Delete_Expired_Environments": [
              "Succeeded"
            ]
          },
          "metadata": {
            "operationMetadataId": "20a0f31e-0e02-4981-903d-29b603e6538b"
          },
          "type": "Scope"
        }
      },
      "outputs": {}
    }
  },
  "schemaVersion": "1.0.0.0"
}