{
  "properties": {
    "connectionReferences": {
      "shared_commondataserviceforapps": {
        "runtimeSource": "embedded",
        "connection": {
          "connectionReferenceLogicalName": "admin_CoECoreDataverse2"
        },
        "api": {
          "name": "shared_commondataserviceforapps"
        }
      },
      "shared_office365users": {
        "runtimeSource": "embedded",
        "connection": {
          "connectionReferenceLogicalName": "admin_CoECoreO365Users"
        },
        "api": {
          "name": "shared_office365users"
        }
      },
      "shared_webcontents": {
        "runtimeSource": "embedded",
        "connection": {
          "connectionReferenceLogicalName": "admin_CoECoreHTTPWithAzureAD"
        },
        "api": {
          "name": "shared_webcontents"
        }
      }
    },
    "definition": {
      "$schema": "https://schema.management.azure.com/providers/Microsoft.Logic/schemas/2016-06-01/workflowdefinition.json#",
      "contentVersion": "1.0.0.0",
      "parameters": {
        "$connections": {
          "defaultValue": {},
          "type": "Object"
        },
        "$authentication": {
          "defaultValue": {},
          "type": "SecureObject"
        },
        "Graph URL Environment Variable (admin_GraphURLEnvironmentVariable)": {
          "defaultValue": "https://graph.microsoft.com/",
          "type": "String",
          "metadata": {
            "schemaName": "admin_GraphURLEnvironmentVariable",
            "description": "The URL used to get graph information for your cloud. Ex https://graph.microsoft.com/"
          }
        }
      },
      "triggers": {
        "manual": {
          "metadata": {
            "operationMetadataId": "bd126d6c-a090-4ade-a7d9-1cf97d987e39"
          },
          "type": "Request",
          "kind": "Button",
          "inputs": {
            "schema": {
              "type": "object",
              "properties": {
                "text": {
                  "title": "MakerID",
                  "type": "string",
                  "x-ms-dynamically-added": true,
                  "description": "Please enter your input",
                  "x-ms-content-hint": "TEXT"
                },
                "text_1": {
                  "title": "MakerDisplayName",
                  "type": "string",
                  "x-ms-dynamically-added": true,
                  "description": "Please enter your input",
                  "x-ms-content-hint": "TEXT"
                },
                "boolean": {
                  "title": "Recheck",
                  "type": "boolean",
                  "x-ms-dynamically-added": true,
                  "description": "Please select yes or no",
                  "x-ms-content-hint": "BOOLEAN"
                }
              },
              "required": [
                "text"
              ]
            }
          }
        }
      },
      "actions": {
        "Initialize_isOrphan": {
          "runAfter": {
            "early_short_circuit": [
              "Succeeded"
            ]
          },
          "metadata": {
            "operationMetadataId": "dfd6c5fa-821e-4a60-9cab-793104b90f9f"
          },
          "type": "InitializeVariable",
          "inputs": {
            "variables": [
              {
                "name": "isOrphan",
                "type": "boolean",
                "value": "@false"
              }
            ]
          }
        },
        "Initialize_isSystem": {
          "runAfter": {
            "Initialize_isOrphan": [
              "Succeeded"
            ]
          },
          "metadata": {
            "operationMetadataId": "de142bfb-3217-41b8-a10b-1ee06ca52c31"
          },
          "type": "InitializeVariable",
          "inputs": {
            "variables": [
              {
                "name": "isSystem",
                "type": "boolean",
                "value": "@false"
              }
            ]
          }
        },
        "Initialize_Company": {
          "runAfter": {
            "Initialize_ID": [
              "Succeeded"
            ]
          },
          "metadata": {
            "operationMetadataId": "ec3fb46c-84c1-4823-baa0-b6e59ef0f55a"
          },
          "type": "InitializeVariable",
          "inputs": {
            "variables": [
              {
                "name": "Company",
                "type": "string"
              }
            ]
          }
        },
        "Initialize_Department": {
          "runAfter": {
            "Initialize_Company": [
              "Succeeded"
            ]
          },
          "metadata": {
            "operationMetadataId": "6b9f13ac-b7b3-47e3-a2d3-0ebd2e767521"
          },
          "type": "InitializeVariable",
          "inputs": {
            "variables": [
              {
                "name": "Department",
                "type": "string"
              }
            ]
          }
        },
        "Initialize_DisplayName": {
          "runAfter": {
            "Initialize_Department": [
              "Succeeded"
            ]
          },
          "metadata": {
            "operationMetadataId": "9ee5fb01-4718-43e6-b815-a6e000fcda81"
          },
          "type": "InitializeVariable",
          "inputs": {
            "variables": [
              {
                "name": "DisplayName",
                "type": "string",
                "value": "@triggerBody()?['text_1']"
              }
            ]
          }
        },
        "Initialize_City": {
          "runAfter": {
            "Initialize_DisplayName": [
              "Succeeded"
            ]
          },
          "metadata": {
            "operationMetadataId": "020388db-fa72-4b9b-8b0c-7843e9f26c78"
          },
          "type": "InitializeVariable",
          "inputs": {
            "variables": [
              {
                "name": "City",
                "type": "string"
              }
            ]
          }
        },
        "Initialize_Country": {
          "runAfter": {
            "Initialize_City": [
              "Succeeded"
            ]
          },
          "metadata": {
            "operationMetadataId": "14087afc-819d-487f-8216-8d12650d193a"
          },
          "type": "InitializeVariable",
          "inputs": {
            "variables": [
              {
                "name": "Country",
                "type": "string"
              }
            ]
          }
        },
        "Initialize_isServicePrinciple": {
          "runAfter": {
            "Initialize_isSystem": [
              "Succeeded"
            ]
          },
          "metadata": {
            "operationMetadataId": "29b7731b-bb5a-410d-9b96-ff3b2fc29edb"
          },
          "type": "InitializeVariable",
          "inputs": {
            "variables": [
              {
                "name": "isServicePrinciple",
                "type": "boolean",
                "value": "@false"
              }
            ]
          }
        },
        "Respond_to_a_PowerApp_or_flow": {
          "runAfter": {
            "If_System_exit_early": [
              "Succeeded"
            ]
          },
          "metadata": {
            "operationMetadataId": "526efde3-fecd-47c0-a2e2-94f042d55fcf"
          },
          "type": "Response",
          "kind": "PowerApp",
          "inputs": {
            "statusCode": 200,
            "body": {
              "userisorphan": "@{variables('isOrphan')}",
              "userissystem": "@{variables('isSystem')}",
              "userisserviceprinciple": "@{variables('isServicePrinciple')}",
              "usercompany": "@variables('Company')",
              "userdepartment": "@variables('Department')",
              "userdisplayname": "@variables('DisplayName')",
              "usercity": "@variables('City')",
              "usercountry": "@variables('Country')",
              "userpreferredlanguage": "@variables('preferredLanguage')",
              "userid": "@variables('ID')",
              "useremail": "@variables('Email')",
              "usermanagerid": "@variables('ManagerID')",
              "usermanagername": "@variables('ManagerName')"
            },
            "schema": {
              "type": "object",
              "properties": {
                "userisorphan": {
                  "title": "userIsOrPhan",
                  "x-ms-dynamically-added": true,
                  "type": "boolean"
                },
                "userissystem": {
                  "title": "userIsSystem",
                  "x-ms-dynamically-added": true,
                  "type": "boolean"
                },
                "userisserviceprinciple": {
                  "title": "userIsServicePrinciple",
                  "x-ms-dynamically-added": true,
                  "type": "boolean"
                },
                "usercompany": {
                  "title": "userCompany",
                  "x-ms-dynamically-added": true,
                  "type": "string"
                },
                "userdepartment": {
                  "title": "userDepartment",
                  "x-ms-dynamically-added": true,
                  "type": "string"
                },
                "userdisplayname": {
                  "title": "userDisplayName",
                  "x-ms-dynamically-added": true,
                  "type": "string"
                },
                "usercity": {
                  "title": "userCity",
                  "x-ms-dynamically-added": true,
                  "type": "string"
                },
                "usercountry": {
                  "title": "userCountry",
                  "x-ms-dynamically-added": true,
                  "type": "string"
                },
                "userpreferredlanguage": {
                  "title": "userPreferredLanguage",
                  "x-ms-dynamically-added": true,
                  "type": "string"
                },
                "userid": {
                  "title": "userID",
                  "x-ms-dynamically-added": true,
                  "type": "string"
                },
                "useremail": {
                  "title": "userEmail",
                  "x-ms-dynamically-added": true,
                  "type": "string"
                },
                "usermanagerid": {
                  "title": "userManagerID",
                  "x-ms-dynamically-added": true,
                  "type": "string"
                },
                "usermanagername": {
                  "title": "userManagerName",
                  "x-ms-dynamically-added": true,
                  "type": "string"
                }
              }
            }
          }
        },
        "Initialize_preferredLanguage": {
          "runAfter": {
            "Initialize_Country": [
              "Succeeded"
            ]
          },
          "metadata": {
            "operationMetadataId": "3a1b5600-03c3-4196-bd53-04b3d552ab7a"
          },
          "type": "InitializeVariable",
          "inputs": {
            "variables": [
              {
                "name": "preferredLanguage",
                "type": "string"
              }
            ]
          }
        },
        "Initialize_ID": {
          "runAfter": {
            "Initialize_isServicePrinciple": [
              "Succeeded"
            ]
          },
          "metadata": {
            "operationMetadataId": "31a1323b-11cb-469b-9217-106aaf5e1669"
          },
          "type": "InitializeVariable",
          "inputs": {
            "variables": [
              {
                "name": "ID",
                "type": "string",
                "value": "@triggerBody()['text']"
              }
            ]
          }
        },
        "Initialize_Email": {
          "runAfter": {
            "Initialize_preferredLanguage": [
              "Succeeded"
            ]
          },
          "metadata": {
            "operationMetadataId": "56c84c2b-1b60-40e3-b9f5-c8dec053f3f8"
          },
          "type": "InitializeVariable",
          "inputs": {
            "variables": [
              {
                "name": "Email",
                "type": "string"
              }
            ]
          }
        },
        "Initialize_ManagerID": {
          "runAfter": {
            "Initialize_hasManager": [
              "Succeeded"
            ]
          },
          "metadata": {
            "operationMetadataId": "8fb0f146-16b7-4b48-aef8-5a2b824cd659"
          },
          "type": "InitializeVariable",
          "inputs": {
            "variables": [
              {
                "name": "ManagerID",
                "type": "string"
              }
            ]
          }
        },
        "Initialize_ManagerName": {
          "runAfter": {
            "Initialize_ManagerID": [
              "Succeeded"
            ]
          },
          "metadata": {
            "operationMetadataId": "710d9973-50cc-451f-9690-a77f19b8e61f"
          },
          "type": "InitializeVariable",
          "inputs": {
            "variables": [
              {
                "name": "ManagerName",
                "type": "string"
              }
            ]
          }
        },
        "Initialize_hasManager": {
          "runAfter": {
            "Initialize_Email": [
              "Succeeded"
            ]
          },
          "metadata": {
            "operationMetadataId": "eb889d07-3800-4864-9498-f0c2b72caeef"
          },
          "type": "InitializeVariable",
          "inputs": {
            "variables": [
              {
                "name": "hasManager",
                "type": "boolean",
                "value": "@true"
              }
            ]
          }
        },
        "If_System_exit_early": {
          "actions": {
            "Get_System_User_GUID_for_ID": {
              "actions": {
                "Is_System_Maker": {
                  "actions": {
                    "Set_ID_to_System_GUID": {
                      "runAfter": {},
                      "metadata": {
                        "operationMetadataId": "0e2cd801-3c19-495a-84e7-84a0b96687b7"
                      },
                      "type": "SetVariable",
                      "inputs": {
                        "name": "ID",
                        "value": "@{first(body('List_Makers')?['value'])?['admin_makerid']}"
                      },
                      "description": "first(body('List_Makers')?['value'])?['admin_makerid']"
                    }
                  },
                  "runAfter": {
                    "List_Makers": [
                      "Succeeded"
                    ]
                  },
                  "expression": {
                    "greater": [
                      "@length(outputs('List_Makers')?['body/value'])",
                      0
                    ]
                  },
                  "metadata": {
                    "operationMetadataId": "8645a2a6-bfa1-42a0-98ce-a92b2c149cbb"
                  },
                  "type": "If",
                  "description": "length(outputs('List_Makers')?['body/value'])"
                },
                "List_Makers": {
                  "runAfter": {},
                  "metadata": {
                    "operationMetadataId": "c4cecee4-c6a1-498a-a942-0054aa58fbad"
                  },
                  "type": "OpenApiConnection",
                  "inputs": {
                    "host": {
                      "connectionName": "shared_commondataserviceforapps",
                      "operationId": "ListRecords",
                      "apiId": "/providers/Microsoft.PowerApps/apis/shared_commondataserviceforapps"
                    },
                    "parameters": {
                      "entityName": "admin_makers",
                      "$select": "admin_makerid",
                      "$filter": "admin_displayname eq 'SYSTEM'"
                    },
                    "authentication": {
                      "type": "Raw",
                      "value": "@json(decodeBase64(triggerOutputs().headers['X-MS-APIM-Tokens']))['$ConnectionKey']"
                    },
                    "retryPolicy": {
                      "type": "exponential",
                      "count": 10,
                      "interval": "PT10S"
                    }
                  },
                  "runtimeConfiguration": {
                    "paginationPolicy": {
                      "minimumItemCount": 100000
                    }
                  }
                }
              },
              "runAfter": {},
              "metadata": {
                "operationMetadataId": "de15e9bf-5a09-486f-8d39-230c345ca715"
              },
              "type": "Scope"
            },
            "Set_isSystem_true_and_exit": {
              "runAfter": {
                "Get_System_User_GUID_for_ID": [
                  "Succeeded"
                ]
              },
              "metadata": {
                "operationMetadataId": "1c012dde-9eec-4f9e-b692-93b86802a76f"
              },
              "type": "SetVariable",
              "inputs": {
                "name": "isSystem",
                "value": "@true"
              }
            }
          },
          "runAfter": {
            "Initialize_ForceRecheckOrphan": [
              "Succeeded"
            ]
          },
          "else": {
            "actions": {
              "If_MakerID_is_null_or_empty": {
                "actions": {
                  "Set_isOrphan_to_true": {
                    "runAfter": {},
                    "metadata": {
                      "operationMetadataId": "0d0b2a87-75e0-4089-94f0-4e6f84bba592"
                    },
                    "type": "SetVariable",
                    "inputs": {
                      "name": "isOrphan",
                      "value": "@true"
                    }
                  }
                },
                "runAfter": {},
                "else": {
                  "actions": {
                    "Short_Circuit_Check_-_if_maker_already_updated_today,_use_its_properties": {
                      "actions": {
                        "Set_variable_existing_value_-_isOrphan": {
                          "runAfter": {},
                          "metadata": {
                            "operationMetadataId": "237ce153-f7cc-4921-9e6d-67a1539b8c5d"
                          },
                          "type": "SetVariable",
                          "inputs": {
                            "name": "isOrphan",
                            "value": "@first(outputs('See_if_maker_exists_and_updated_already_today')?['body/value'])['admin_makerisorphaned']"
                          }
                        },
                        "Set_variable_existing_value_-_isSystem": {
                          "runAfter": {
                            "Set_variable_existing_value_-_isOrphan": [
                              "Succeeded"
                            ]
                          },
                          "metadata": {
                            "operationMetadataId": "1d4fa319-270e-4d0d-a31b-f2dc56e7a1ce"
                          },
                          "type": "SetVariable",
                          "inputs": {
                            "name": "isSystem",
                            "value": "@if(equals(triggerBody()?['text_1'], 'SYSTEM'), true, false)"
                          }
                        },
                        "Set_variable_existing_value_-_isServicePrinciple": {
                          "runAfter": {
                            "Set_variable_existing_value_-_isSystem": [
                              "Succeeded"
                            ]
                          },
                          "metadata": {
                            "operationMetadataId": "e6d92db5-8b7f-42ca-9df2-94e9bc714a7d"
                          },
                          "type": "SetVariable",
                          "inputs": {
                            "name": "isServicePrinciple",
                            "value": "@first(outputs('See_if_maker_exists_and_updated_already_today')?['body/value'])['admin_userisserviceprinciple']"
                          }
                        },
                        "Set_variable_existing_value_-_Company": {
                          "runAfter": {
                            "Set_variable_existing_value_-_isServicePrinciple": [
                              "Succeeded"
                            ]
                          },
                          "metadata": {
                            "operationMetadataId": "7027fcab-972d-4e75-9968-c69993f54d53"
                          },
                          "type": "SetVariable",
                          "inputs": {
                            "name": "Company",
                            "value": "@{first(outputs('See_if_maker_exists_and_updated_already_today')?['body/value'])['admin_company']}"
                          }
                        },
                        "Set_variable_existing_value_-_Department": {
                          "runAfter": {
                            "Set_variable_existing_value_-_Company": [
                              "Succeeded",
                              "Failed"
                            ]
                          },
                          "metadata": {
                            "operationMetadataId": "35c6b6e5-d26e-47fa-8878-b54d59ce53c7"
                          },
                          "type": "SetVariable",
                          "inputs": {
                            "name": "Department",
                            "value": "@{first(outputs('See_if_maker_exists_and_updated_already_today')?['body/value'])['admin_department']}"
                          }
                        },
                        "Set_variable_existing_value_-_DisplayName": {
                          "runAfter": {
                            "Set_variable_existing_value_-_Department": [
                              "Succeeded",
                              "Failed"
                            ]
                          },
                          "metadata": {
                            "operationMetadataId": "4229a6eb-c5de-418d-91f0-83520910e2d7"
                          },
                          "type": "SetVariable",
                          "inputs": {
                            "name": "DisplayName",
                            "value": "@{first(outputs('See_if_maker_exists_and_updated_already_today')?['body/value'])['admin_displayname']}"
                          }
                        },
                        "Set_variable_existing_value_-_City": {
                          "runAfter": {
                            "Set_variable_existing_value_-_DisplayName": [
                              "Succeeded",
                              "Failed"
                            ]
                          },
                          "metadata": {
                            "operationMetadataId": "d40572b7-3d31-480d-8416-fef85239a5a2"
                          },
                          "type": "SetVariable",
                          "inputs": {
                            "name": "City",
                            "value": "@{first(outputs('See_if_maker_exists_and_updated_already_today')?['body/value'])['admin_city']}"
                          }
                        },
                        "Set_variable_existing_value_-_Country": {
                          "runAfter": {
                            "Set_variable_existing_value_-_City": [
                              "Succeeded",
                              "Failed"
                            ]
                          },
                          "metadata": {
                            "operationMetadataId": "e654556f-ae1c-4a23-afa8-de2bbf7d8eb5"
                          },
                          "type": "SetVariable",
                          "inputs": {
                            "name": "Country",
                            "value": "@{first(outputs('See_if_maker_exists_and_updated_already_today')?['body/value'])['admin_country']}"
                          }
                        },
                        "Set_variable_existing_value_-_preferredLanguage": {
                          "runAfter": {
                            "Set_variable_existing_value_-_Country": [
                              "Succeeded",
                              "Failed"
                            ]
                          },
                          "metadata": {
                            "operationMetadataId": "db599e6d-9d75-4b49-b211-9b673522f665"
                          },
                          "type": "SetVariable",
                          "inputs": {
                            "name": "preferredLanguage",
                            "value": "@{first(outputs('See_if_maker_exists_and_updated_already_today')?['body/value'])['admin_preferredlanguage']}"
                          }
                        },
                        "Set_variable_existing_value_-_ID": {
                          "runAfter": {
                            "Set_variable_existing_value_-_preferredLanguage": [
                              "Succeeded",
                              "Failed"
                            ]
                          },
                          "metadata": {
                            "operationMetadataId": "5750369c-bec6-4349-ab2e-d6b692f6a515"
                          },
                          "type": "SetVariable",
                          "inputs": {
                            "name": "ID",
                            "value": "@{first(outputs('See_if_maker_exists_and_updated_already_today')?['body/value'])['admin_makerid']}"
                          }
                        },
                        "Set_variable_existing_value_-_Email": {
                          "runAfter": {
                            "Set_variable_existing_value_-_ID": [
                              "Succeeded",
                              "Failed"
                            ]
                          },
                          "metadata": {
                            "operationMetadataId": "380b06c4-c595-433a-ae68-7f4f78b93ad4"
                          },
                          "type": "SetVariable",
                          "inputs": {
                            "name": "Email",
                            "value": "@{first(outputs('See_if_maker_exists_and_updated_already_today')?['body/value'])['admin_userprincipalname']}"
                          }
                        },
                        "If_hasManager_get_its_display_name": {
                          "actions": {
                            "Set_variable_existing_value_-_ManagerName": {
                              "runAfter": {
                                "Set_variable_existing_value_-_ManagerName_to_blank_if_not_in_table": [
                                  "Skipped"
                                ]
                              },
                              "metadata": {
                                "operationMetadataId": "f78f78d8-7b97-405c-9ac8-224c8d32f062"
                              },
                              "type": "SetVariable",
                              "inputs": {
                                "name": "ManagerName",
                                "value": "@outputs('Get_Manager_Display_Name')?['body/admin_displayname']"
                              }
                            },
                            "Get_Manager_Display_Name": {
                              "runAfter": {},
                              "metadata": {
                                "operationMetadataId": "b917da75-5ba4-4af3-9c39-97b7211f8aad"
                              },
                              "type": "OpenApiConnection",
                              "inputs": {
                                "host": {
                                  "connectionName": "shared_commondataserviceforapps",
                                  "operationId": "GetItem",
                                  "apiId": "/providers/Microsoft.PowerApps/apis/shared_commondataserviceforapps"
                                },
                                "parameters": {
                                  "entityName": "admin_makers",
                                  "recordId": "@first(outputs('See_if_maker_exists_and_updated_already_today')?['body/value'])['admin_managerid']",
                                  "$select": "admin_displayname"
                                },
                                "authentication": {
                                  "type": "Raw",
                                  "value": "@json(decodeBase64(triggerOutputs().headers['X-MS-APIM-Tokens']))['$ConnectionKey']"
                                }
                              }
                            },
                            "Set_variable_existing_value_-_ManagerName_to_blank_if_not_in_table": {
                              "runAfter": {
                                "Get_Manager_Display_Name": [
                                  "Failed"
                                ]
                              },
                              "metadata": {
                                "operationMetadataId": "f78f78d8-7b97-405c-9ac8-224c8d32f062"
                              },
                              "type": "SetVariable",
                              "inputs": {
                                "name": "ManagerName",
                                "value": "@{''}"
                              }
                            }
                          },
                          "runAfter": {
                            "Set_hasManager_false": [
                              "Succeeded",
                              "Skipped"
                            ]
                          },
                          "expression": {
                            "equals": [
                              "@variables('hasManager')",
                              "@true"
                            ]
                          },
                          "metadata": {
                            "operationMetadataId": "95a5603b-7ab4-43ed-a4c2-0c02d98ee9ef"
                          },
                          "type": "If"
                        },
                        "Set_variable_existing_value_-_ManagerID": {
                          "runAfter": {
                            "Set_variable_existing_value_-_Email": [
                              "Succeeded",
                              "Failed"
                            ]
                          },
                          "metadata": {
                            "operationMetadataId": "3dae1d97-af0f-46d4-89f4-f93298cf5549"
                          },
                          "type": "SetVariable",
                          "inputs": {
                            "name": "ManagerID",
                            "value": "@{first(outputs('See_if_maker_exists_and_updated_already_today')?['body/value'])['admin_managerid']}"
                          }
                        },
                        "Set_hasManager_false": {
                          "runAfter": {
                            "Set_variable_existing_value_-_ManagerID": [
                              "Failed"
                            ]
                          },
                          "metadata": {
                            "operationMetadataId": "bfb16ac2-ce8f-4d6d-a432-cca4b125abb8"
                          },
                          "type": "SetVariable",
                          "inputs": {
                            "name": "hasManager",
                            "value": "@false"
                          }
                        }
                      },
                      "runAfter": {
                        "See_if_maker_exists_and_updated_already_today": [
                          "Succeeded"
                        ]
                      },
                      "else": {
                        "actions": {
                          "Switch": {
                            "runAfter": {
                              "Get_user_profile_(V2)": [
                                "Succeeded",
                                "Failed"
                              ]
                            },
                            "cases": {
                              "200_Success": {
                                "case": 200,
                                "actions": {
                                  "Find_Maker": {
                                    "runAfter": {},
                                    "type": "OpenApiConnection",
                                    "inputs": {
                                      "host": {
                                        "connectionName": "shared_commondataserviceforapps",
                                        "operationId": "ListRecords",
                                        "apiId": "/providers/Microsoft.PowerApps/apis/shared_commondataserviceforapps"
                                      },
                                      "parameters": {
                                        "entityName": "admin_makers",
                                        "$select": "admin_makerid",
                                        "$filter": "admin_makerid eq @{triggerBody()['text']}"
                                      },
                                      "authentication": {
                                        "type": "Raw",
                                        "value": "@json(decodeBase64(triggerOutputs().headers['X-MS-APIM-Tokens']))['$ConnectionKey']"
                                      }
                                    }
                                  },
                                  "Update_or_Insert_Maker": {
                                    "actions": {
                                      "Update_Maker": {
                                        "runAfter": {},
                                        "type": "OpenApiConnection",
                                        "inputs": {
                                          "host": {
                                            "connectionName": "shared_commondataserviceforapps",
                                            "operationId": "UpdateRecord",
                                            "apiId": "/providers/Microsoft.PowerApps/apis/shared_commondataserviceforapps"
                                          },
                                          "parameters": {
                                            "entityName": "admin_makers",
                                            "recordId": "@triggerBody()['text']",
                                            "item/admin_displayname": "@outputs('Get_user_profile_(V2)')?['body/displayName']",
                                            "item/admin_accountenabled": "@outputs('Get_user_profile_(V2)')?['body/accountEnabled']",
                                            "item/admin_city": "@outputs('Get_user_profile_(V2)')?['body/city']",
                                            "item/admin_company": "@outputs('Get_user_profile_(V2)')?['body/companyName']",
                                            "item/admin_country": "@outputs('Get_user_profile_(V2)')?['body/country']",
                                            "item/admin_department": "@outputs('Get_user_profile_(V2)')?['body/department']",
                                            "item/admin_jobtitle": "@outputs('Get_user_profile_(V2)')?['body/jobTitle']",
                                            "item/admin_makerisorphaned": false,
                                            "item/admin_office": "@outputs('Get_user_profile_(V2)')?['body/officeLocation']",
                                            "item/admin_preferredlanguage": "@outputs('Get_user_profile_(V2)')?['body/preferredLanguage']",
                                            "item/admin_recordguidasstring": "@triggerBody()['text']",
                                            "item/admin_userprincipalname": "@outputs('Get_user_profile_(V2)')?['body/userPrincipalName']",
                                            "item/admin_userisserviceprinciple": false
                                          },
                                          "authentication": {
                                            "type": "Raw",
                                            "value": "@json(decodeBase64(triggerOutputs().headers['X-MS-APIM-Tokens']))['$ConnectionKey']"
                                          }
                                        }
                                      }
                                    },
                                    "runAfter": {
                                      "Find_Maker": [
                                        "Succeeded"
                                      ]
                                    },
                                    "else": {
                                      "actions": {
                                        "Add_Maker": {
                                          "runAfter": {},
                                          "type": "OpenApiConnection",
                                          "inputs": {
                                            "host": {
                                              "connectionName": "shared_commondataserviceforapps",
                                              "operationId": "CreateRecord",
                                              "apiId": "/providers/Microsoft.PowerApps/apis/shared_commondataserviceforapps"
                                            },
                                            "parameters": {
                                              "entityName": "admin_makers",
                                              "item/admin_displayname": "@outputs('Get_user_profile_(V2)')?['body/displayName']",
                                              "item/admin_accountenabled": "@outputs('Get_user_profile_(V2)')?['body/accountEnabled']",
                                              "item/admin_city": "@outputs('Get_user_profile_(V2)')?['body/city']",
                                              "item/admin_company": "@outputs('Get_user_profile_(V2)')?['body/companyName']",
                                              "item/admin_country": "@outputs('Get_user_profile_(V2)')?['body/country']",
                                              "item/admin_department": "@outputs('Get_user_profile_(V2)')?['body/department']",
                                              "item/admin_jobtitle": "@outputs('Get_user_profile_(V2)')?['body/jobTitle']",
                                              "item/admin_makerid": "@triggerBody()['text']",
                                              "item/admin_makerisorphaned": false,
                                              "item/admin_office": "@outputs('Get_user_profile_(V2)')?['body/officeLocation']",
                                              "item/admin_preferredlanguage": "@outputs('Get_user_profile_(V2)')?['body/preferredLanguage']",
                                              "item/admin_recordguidasstring": "@triggerBody()['text']",
                                              "item/admin_userprincipalname": "@outputs('Get_user_profile_(V2)')?['body/userPrincipalName']",
                                              "item/admin_userisserviceprinciple": false
                                            },
                                            "authentication": {
                                              "type": "Raw",
                                              "value": "@json(decodeBase64(triggerOutputs().headers['X-MS-APIM-Tokens']))['$ConnectionKey']"
                                            }
                                          }
                                        }
                                      }
                                    },
                                    "expression": {
                                      "greater": [
                                        "@length(outputs('Find_Maker')?['body/value'])",
                                        0
                                      ]
                                    },
                                    "type": "If"
                                  },
                                  "Set_preferredLanguage": {
                                    "runAfter": {
                                      "Update_or_Insert_Maker": [
                                        "Succeeded"
                                      ]
                                    },
                                    "type": "SetVariable",
                                    "inputs": {
                                      "name": "preferredLanguage",
                                      "value": "@outputs('Get_user_profile_(V2)')?['body/preferredLanguage']"
                                    }
                                  },
                                  "Set_Company": {
                                    "runAfter": {
                                      "Set_preferredLanguage": [
                                        "Succeeded"
                                      ]
                                    },
                                    "type": "SetVariable",
                                    "inputs": {
                                      "name": "Company",
                                      "value": "@outputs('Get_user_profile_(V2)')?['body/companyName']"
                                    }
                                  },
                                  "Set_Department": {
                                    "runAfter": {
                                      "Set_Company": [
                                        "Succeeded"
                                      ]
                                    },
                                    "type": "SetVariable",
                                    "inputs": {
                                      "name": "Department",
                                      "value": "@outputs('Get_user_profile_(V2)')?['body/department']"
                                    }
                                  },
                                  "Set_Display_Name": {
                                    "runAfter": {
                                      "Set_Department": [
                                        "Succeeded"
                                      ]
                                    },
                                    "type": "SetVariable",
                                    "inputs": {
                                      "name": "DisplayName",
                                      "value": "@outputs('Get_user_profile_(V2)')?['body/displayName']"
                                    }
                                  },
                                  "Set_City": {
                                    "runAfter": {
                                      "Set_Display_Name": [
                                        "Succeeded"
                                      ]
                                    },
                                    "type": "SetVariable",
                                    "inputs": {
                                      "name": "City",
                                      "value": "@outputs('Get_user_profile_(V2)')?['body/city']"
                                    }
                                  },
                                  "Set_Country": {
                                    "runAfter": {
                                      "Set_City": [
                                        "Succeeded"
                                      ]
                                    },
                                    "type": "SetVariable",
                                    "inputs": {
                                      "name": "Country",
                                      "value": "@outputs('Get_user_profile_(V2)')?['body/country']"
                                    }
                                  },
                                  "Set_Email": {
                                    "runAfter": {
                                      "Set_Country": [
                                        "Succeeded"
                                      ]
                                    },
                                    "type": "SetVariable",
                                    "inputs": {
                                      "name": "Email",
                                      "value": "@outputs('Get_user_profile_(V2)')?['body/mail']"
                                    }
                                  },
                                  "Get_manager_(V2)": {
                                    "runAfter": {
                                      "Set_Email": [
                                        "Succeeded"
                                      ]
                                    },
                                    "type": "OpenApiConnection",
                                    "inputs": {
                                      "host": {
                                        "connectionName": "shared_office365users",
                                        "operationId": "Manager_V2",
                                        "apiId": "/providers/Microsoft.PowerApps/apis/shared_office365users"
                                      },
                                      "parameters": {
                                        "id": "@triggerBody()['text']",
                                        "$select": "id, displayName"
                                      },
                                      "authentication": {
                                        "type": "Raw",
                                        "value": "@json(decodeBase64(triggerOutputs().headers['X-MS-APIM-Tokens']))['$ConnectionKey']"
                                      }
                                    }
                                  },
                                  "Switch_manager": {
                                    "runAfter": {
                                      "Get_manager_(V2)": [
                                        "Succeeded",
                                        "Failed"
                                      ]
                                    },
                                    "cases": {
                                      "200_Success": {
                                        "case": 200,
                                        "actions": {
                                          "Set_ManagerID": {
                                            "runAfter": {},
                                            "type": "SetVariable",
                                            "inputs": {
                                              "name": "ManagerID",
                                              "value": "@outputs('Get_manager_(V2)')?['body/id']"
                                            }
                                          },
                                          "Set_ManagerName": {
                                            "runAfter": {
                                              "Set_ManagerID": [
                                                "Succeeded"
                                              ]
                                            },
                                            "type": "SetVariable",
                                            "inputs": {
                                              "name": "ManagerName",
                                              "value": "@outputs('Get_manager_(V2)')?['body/displayName']"
                                            }
                                          }
                                        }
                                      }
                                    },
                                    "default": {
                                      "actions": {}
                                    },
                                    "expression": "@outputs('Get_manager_(V2)')['statusCode']",
                                    "type": "Switch"
                                  }
                                }
                              },
                              "404_User_Not_Found": {
                                "case": 404,
                                "actions": {
                                  "Look_up_in_AD_for_Service_Principles_New_App": {
                                    "runAfter": {},
                                    "type": "OpenApiConnection",
                                    "inputs": {
                                      "host": {
                                        "connectionName": "shared_webcontents",
                                        "operationId": "InvokeHttp",
                                        "apiId": "/providers/Microsoft.PowerApps/apis/shared_webcontents"
                                      },
                                      "parameters": {
                                        "request/method": "GET",
                                        "request/url": "@{parameters('Graph URL Environment Variable (admin_GraphURLEnvironmentVariable)')}v1.0/servicePrincipals/@{triggerBody()['text']}"
                                      },
                                      "authentication": {
                                        "type": "Raw",
                                        "value": "@json(decodeBase64(triggerOutputs().headers['X-MS-APIM-Tokens']))['$ConnectionKey']"
                                      }
                                    }
                                  },
                                  "Switch_Service_Principle": {
                                    "runAfter": {
                                      "Look_up_in_AD_for_Service_Principles_New_App": [
                                        "Succeeded",
                                        "Failed"
                                      ]
                                    },
                                    "cases": {
                                      "200_Success": {
                                        "case": 200,
                                        "actions": {
                                          "Find_Service_Principle": {
                                            "runAfter": {},
                                            "type": "OpenApiConnection",
                                            "inputs": {
                                              "host": {
                                                "connectionName": "shared_commondataserviceforapps",
                                                "operationId": "ListRecords",
                                                "apiId": "/providers/Microsoft.PowerApps/apis/shared_commondataserviceforapps"
                                              },
                                              "parameters": {
                                                "entityName": "admin_makers",
                                                "$select": "admin_makerid",
                                                "$filter": "admin_makerid eq @{triggerBody()['text']}"
                                              },
                                              "authentication": {
                                                "type": "Raw",
                                                "value": "@json(decodeBase64(triggerOutputs().headers['X-MS-APIM-Tokens']))['$ConnectionKey']"
                                              }
                                            }
                                          },
                                          "Update_or_Insert_Service_Principle": {
                                            "actions": {
                                              "Update_Service_Principle": {
                                                "runAfter": {},
                                                "type": "OpenApiConnection",
                                                "inputs": {
                                                  "host": {
                                                    "connectionName": "shared_commondataserviceforapps",
                                                    "operationId": "UpdateRecord",
                                                    "apiId": "/providers/Microsoft.PowerApps/apis/shared_commondataserviceforapps"
                                                  },
                                                  "parameters": {
                                                    "entityName": "admin_makers",
                                                    "recordId": "@triggerBody()['text']",
                                                    "item/admin_displayname": "@outputs('Look_up_in_AD_for_Service_Principles_New_App')['body/appDisplayName']",
                                                    "item/admin_makerisorphaned": false,
                                                    "item/admin_recordguidasstring": "@triggerBody()['text']",
                                                    "item/admin_userisserviceprinciple": true
                                                  },
                                                  "authentication": {
                                                    "type": "Raw",
                                                    "value": "@json(decodeBase64(triggerOutputs().headers['X-MS-APIM-Tokens']))['$ConnectionKey']"
                                                  }
                                                }
                                              }
                                            },
                                            "runAfter": {
                                              "Find_Service_Principle": [
                                                "Succeeded"
                                              ]
                                            },
                                            "else": {
                                              "actions": {
                                                "Add_Service_Principle": {
                                                  "runAfter": {},
                                                  "type": "OpenApiConnection",
                                                  "inputs": {
                                                    "host": {
                                                      "connectionName": "shared_commondataserviceforapps",
                                                      "operationId": "CreateRecord",
                                                      "apiId": "/providers/Microsoft.PowerApps/apis/shared_commondataserviceforapps"
                                                    },
                                                    "parameters": {
                                                      "entityName": "admin_makers",
                                                      "item/admin_displayname": "@outputs('Look_up_in_AD_for_Service_Principles_New_App')['body/appDisplayName']",
                                                      "item/admin_makerid": "@triggerBody()['text']",
                                                      "item/admin_makerisorphaned": false,
                                                      "item/admin_recordguidasstring": "@triggerBody()['text']",
                                                      "item/admin_userisserviceprinciple": true
                                                    },
                                                    "authentication": {
                                                      "type": "Raw",
                                                      "value": "@json(decodeBase64(triggerOutputs().headers['X-MS-APIM-Tokens']))['$ConnectionKey']"
                                                    }
                                                  }
                                                }
                                              }
                                            },
                                            "expression": {
                                              "greater": [
                                                "@length(outputs('Find_Service_Principle')?['body/value'])",
                                                0
                                              ]
                                            },
                                            "type": "If"
                                          },
                                          "Set_isServicePrinciple_true": {
                                            "runAfter": {
                                              "Update_or_Insert_Service_Principle": [
                                                "Succeeded"
                                              ]
                                            },
                                            "type": "SetVariable",
                                            "inputs": {
                                              "name": "isServicePrinciple",
                                              "value": "@true"
                                            }
                                          }
                                        }
                                      }
                                    },
                                    "default": {
                                      "actions": {
                                        "SYSTEM_or_Orphan": {
                                          "actions": {
                                            "Set_isOrphan_true": {
                                              "runAfter": {},
                                              "type": "SetVariable",
                                              "inputs": {
                                                "name": "isOrphan",
                                                "value": "@true"
                                              }
                                            }
                                          },
                                          "runAfter": {},
                                          "else": {
                                            "actions": {
                                              "Check_if_System": {
                                                "actions": {
                                                  "Set_isSystem_true": {
                                                    "runAfter": {},
                                                    "type": "SetVariable",
                                                    "inputs": {
                                                      "name": "isSystem",
                                                      "value": "@true"
                                                    }
                                                  }
                                                },
                                                "runAfter": {},
                                                "else": {
                                                  "actions": {
                                                    "Set_isOrphan_true_2": {
                                                      "runAfter": {},
                                                      "type": "SetVariable",
                                                      "inputs": {
                                                        "name": "isOrphan",
                                                        "value": "@true"
                                                      }
                                                    }
                                                  }
                                                },
                                                "expression": {
                                                  "equals": [
                                                    "@triggerBody()?['text_1']",
                                                    "SYSTEM"
                                                  ]
                                                },
                                                "type": "If"
                                              }
                                            }
                                          },
                                          "expression": {
                                            "or": [
                                              {
                                                "equals": [
                                                  "@triggerBody()?['text_1']",
                                                  "@null"
                                                ]
                                              },
                                              {
                                                "equals": [
                                                  "@equals(triggerBody()?['text_1'], '')",
                                                  "@true"
                                                ]
                                              },
                                              {
                                                "equals": [
                                                  "@length(triggerBody()?['text_1'])",
                                                  0
                                                ]
                                              }
                                            ]
                                          },
                                          "type": "If"
                                        }
                                      }
                                    },
                                    "expression": "@outputs('Look_up_in_AD_for_Service_Principles_New_App')['statusCode']",
                                    "type": "Switch"
                                  }
                                }
                              }
                            },
                            "default": {
                              "actions": {}
                            },
                            "expression": "@outputs('Get_user_profile_(V2)')['statusCode']",
                            "metadata": {
                              "operationMetadataId": "3603daf2-9f5b-45ea-a282-191ba9476df6"
                            },
                            "type": "Switch"
                          },
                          "Get_user_profile_(V2)": {
                            "runAfter": {},
                            "metadata": {
                              "operationMetadataId": "90bc5e0e-b4b2-40ed-b76c-da0b86b870c6"
                            },
                            "type": "OpenApiConnection",
                            "inputs": {
                              "host": {
                                "connectionName": "shared_office365users",
                                "operationId": "UserProfile_V2",
                                "apiId": "/providers/Microsoft.PowerApps/apis/shared_office365users"
                              },
                              "parameters": {
                                "id": "@triggerBody()['text']",
                                "$select": "city,country,department,jobTitle,officeLocation,statusCode,userPrincipalName, displayName, id, companyName, preferredLanguage, mail, accountenabled"
                              },
                              "authentication": {
                                "type": "Raw",
                                "value": "@json(decodeBase64(triggerOutputs().headers['X-MS-APIM-Tokens']))['$ConnectionKey']"
                              }
                            }
                          }
                        }
                      },
                      "expression": {
                        "and": [
                          {
                            "greater": [
                              "@length(outputs('See_if_maker_exists_and_updated_already_today')?['body/value'])",
                              0
                            ]
                          },
                          {
                            "equals": [
                              "@triggerBody()?['boolean']",
                              "@false"
                            ]
                          }
                        ]
                      },
                      "metadata": {
                        "operationMetadataId": "2903bfe4-1d2f-4b85-b6fb-9854dc44adc7"
                      },
                      "type": "If"
                    },
                    "See_if_maker_exists_and_updated_already_today": {
                      "runAfter": {},
                      "metadata": {
                        "operationMetadataId": "ef37f898-6b74-420c-99da-d051929f38fa"
                      },
                      "type": "OpenApiConnection",
                      "inputs": {
                        "host": {
                          "connectionName": "shared_commondataserviceforapps",
                          "operationId": "ListRecords",
                          "apiId": "/providers/Microsoft.PowerApps/apis/shared_commondataserviceforapps"
                        },
                        "parameters": {
                          "entityName": "admin_makers",
                          "$select": "admin_makerisorphaned, admin_userisserviceprinciple, admin_company, admin_department, admin_displayname, admin_city, admin_country, admin_preferredlanguage, admin_makerid, admin_userprincipalname, admin_managerid",
                          "$filter": "admin_makerid eq @{triggerBody()['text']} and modifiedon gt @{addDays(utcNow(), -1)}"
                        },
                        "authentication": {
                          "type": "Raw",
                          "value": "@json(decodeBase64(triggerOutputs().headers['X-MS-APIM-Tokens']))['$ConnectionKey']"
                        }
                      }
                    }
                  }
                },
                "expression": {
                  "or": [
                    {
                      "equals": [
                        "@triggerBody()['text']",
                        "@null"
                      ]
                    },
                    {
                      "equals": [
                        "@equals(triggerBody()['text'], '')",
                        "@true"
                      ]
                    },
                    {
                      "equals": [
                        "@length(triggerBody()['text'])",
                        0
                      ]
                    }
                  ]
                },
                "metadata": {
                  "operationMetadataId": "ef22b01a-c038-423b-a0f4-3505bcf54224"
                },
                "type": "If"
              }
            }
          },
          "expression": {
            "equals": [
              "@triggerBody()?['text_1']",
              "SYSTEM"
            ]
          },
          "metadata": {
            "operationMetadataId": "7df280ac-7e74-4a21-bb62-50dfd657ed2a"
          },
          "type": "If"
        },
        "Initialize_ForceRecheckOrphan": {
          "runAfter": {
            "Initialize_ManagerName": [
              "Succeeded"
            ]
          },
          "metadata": {
            "operationMetadataId": "a7118b7b-0383-430e-9dc1-35146db4ec52"
          },
          "type": "InitializeVariable",
          "inputs": {
            "variables": [
              {
                "name": "ForceRecheckOrphan",
                "type": "boolean",
                "value": "@triggerBody()['boolean']"
              }
            ]
          }
        },
        "early_short_circuit": {
          "actions": {
            "If_not_system._Check_for_Short_Circuit": {
              "actions": {
                "If_so_exit_now_with_existing_values": {
                  "actions": {
                    "Respond_via_short_circuit": {
                      "runAfter": {},
                      "metadata": {
                        "operationMetadataId": "526efde3-fecd-47c0-a2e2-94f042d55fcf"
                      },
                      "type": "Response",
                      "kind": "PowerApp",
                      "inputs": {
                        "statusCode": 200,
                        "body": {
                          "userisorphan": "@first(outputs('Maker_checked_today')?['body/value'])?['admin_makerisorphaned']",
                          "userissystem": "@false",
                          "userisserviceprinciple": "@first(outputs('Maker_checked_today')?['body/value'])?['admin_userisserviceprinciple']",
                          "usercompany": "@{first(outputs('Maker_checked_today')?['body/value'])?['admin_company']}",
                          "userdepartment": "@{first(outputs('Maker_checked_today')?['body/value'])?['admin_department']}",
                          "userdisplayname": "@{first(outputs('Maker_checked_today')?['body/value'])?['admin_displayname']}",
                          "usercity": "@{first(outputs('Maker_checked_today')?['body/value'])?['admin_city']}",
                          "usercountry": "@{first(outputs('Maker_checked_today')?['body/value'])?['admin_country']}",
                          "userpreferredlanguage": "@{first(outputs('Maker_checked_today')?['body/value'])?['admin_preferredlanguage']}",
                          "userid": "@{first(outputs('Maker_checked_today')?['body/value'])?['admin_makerid']}",
                          "useremail": "@{first(outputs('Maker_checked_today')?['body/value'])?['admin_userprincipalname']}",
                          "usermanagerid": "@{first(outputs('Maker_checked_today')?['body/value'])?['admin_managerid']}",
                          "usermanagername": "abc"
                        },
                        "schema": {
                          "type": "object",
                          "properties": {
                            "userisorphan": {
                              "title": "userIsOrPhan",
                              "x-ms-dynamically-added": true,
                              "type": "boolean"
                            },
                            "userissystem": {
                              "title": "userIsSystem",
                              "x-ms-dynamically-added": true,
                              "type": "boolean"
                            },
                            "userisserviceprinciple": {
                              "title": "userIsServicePrinciple",
                              "x-ms-dynamically-added": true,
                              "type": "boolean"
                            },
                            "usercompany": {
                              "title": "userCompany",
                              "x-ms-dynamically-added": true,
                              "type": "string"
                            },
                            "userdepartment": {
                              "title": "userDepartment",
                              "x-ms-dynamically-added": true,
                              "type": "string"
                            },
                            "userdisplayname": {
                              "title": "userDisplayName",
                              "x-ms-dynamically-added": true,
                              "type": "string"
                            },
                            "usercity": {
                              "title": "userCity",
                              "x-ms-dynamically-added": true,
                              "type": "string"
                            },
                            "usercountry": {
                              "title": "userCountry",
                              "x-ms-dynamically-added": true,
                              "type": "string"
                            },
                            "userpreferredlanguage": {
                              "title": "userPreferredLanguage",
                              "x-ms-dynamically-added": true,
                              "type": "string"
                            },
                            "userid": {
                              "title": "userID",
                              "x-ms-dynamically-added": true,
                              "type": "string"
                            },
                            "useremail": {
                              "title": "userEmail",
                              "x-ms-dynamically-added": true,
                              "type": "string"
                            },
                            "usermanagerid": {
                              "title": "userManagerID",
                              "x-ms-dynamically-added": true,
                              "type": "string"
                            },
                            "usermanagername": {
                              "title": "userManagerName",
                              "x-ms-dynamically-added": true,
                              "type": "string"
                            }
                          }
                        }
                      }
                    },
                    "Terminate": {
                      "runAfter": {
                        "Respond_via_short_circuit": [
                          "Succeeded",
                          "Skipped"
                        ]
                      },
                      "metadata": {
                        "operationMetadataId": "3df87f96-89ea-4e4a-8bd3-6243156d3fa1"
                      },
                      "type": "Terminate",
                      "inputs": {
                        "runStatus": "Succeeded"
                      }
                    }
                  },
                  "runAfter": {
                    "Maker_checked_today": [
                      "Succeeded"
                    ]
                  },
                  "expression": {
                    "and": [
                      {
                        "greater": [
                          "@length(outputs('Maker_checked_today')?['body/value'])",
                          0
                        ]
                      },
                      {
                        "equals": [
                          "@triggerBody()?['boolean']",
                          "@false"
                        ]
                      }
                    ]
                  },
                  "metadata": {
                    "operationMetadataId": "8068db47-05ca-431a-a0d7-8bfbd8e60515"
                  },
                  "type": "If"
                },
                "Maker_checked_today": {
                  "runAfter": {},
                  "metadata": {
                    "operationMetadataId": "ef37f898-6b74-420c-99da-d051929f38fa"
                  },
                  "type": "OpenApiConnection",
                  "inputs": {
                    "host": {
                      "connectionName": "shared_commondataserviceforapps",
                      "operationId": "ListRecords",
                      "apiId": "/providers/Microsoft.PowerApps/apis/shared_commondataserviceforapps"
                    },
                    "parameters": {
                      "entityName": "admin_makers",
                      "$select": "admin_makerisorphaned, admin_userisserviceprinciple, admin_company, admin_department, admin_displayname, admin_city, admin_country, admin_preferredlanguage, admin_makerid, admin_userprincipalname, admin_managerid",
                      "$filter": "admin_makerid eq @{triggerBody()['text']} and modifiedon gt @{addDays(utcNow(), -1)}"
                    },
                    "authentication": {
                      "type": "Raw",
                      "value": "@json(decodeBase64(triggerOutputs().headers['X-MS-APIM-Tokens']))['$ConnectionKey']"
                    }
                  }
                }
              },
              "runAfter": {},
              "expression": {
                "and": [
                  {
                    "not": {
                      "equals": [
                        "@triggerBody()['text']",
                        "@null"
                      ]
                    }
                  },
                  {
                    "not": {
                      "equals": [
                        "@equals(triggerBody()['text'], '')",
                        "@true"
                      ]
                    }
                  },
                  {
                    "not": {
                      "equals": [
                        "@length(triggerBody()['text'])",
                        0
                      ]
                    }
                  },
                  {
                    "not": {
                      "equals": [
                        "@triggerBody()?['text_1']",
                        "SYSTEM"
                      ]
                    }
                  }
                ]
              },
              "metadata": {
                "operationMetadataId": "78168176-59fa-41d7-b1e5-9ce79630cf46"
              },
              "type": "If"
            }
          },
          "runAfter": {},
          "metadata": {
            "operationMetadataId": "28b58849-1279-4745-8c4e-1f3204169f86"
          },
          "type": "Scope",
          "description": "will rethink a way to make the rest less costly and called. but adding early bail here for now"
        }
      }
    }
  },
  "schemaVersion": "1.0.0.0"
}