<environmentvariabledefinition schemaname="admin_VideoHubEnableComments">
  <defaultvalue>no</defaultvalue>
  <description default="Enable comments in the Video Hub">
    <label description="Enable comments in the Video Hub" languagecode="1033" />
  </description>
  <displayname default="Video Hub - Enable Comments">
    <label description="Video Hub - Enable Comments" languagecode="1033" />
  </displayname>
  <introducedversion>2.14.1</introducedversion>
  <iscustomizable>1</iscustomizable>
  <isrequired>0</isrequired>
  <secretstore>0</secretstore>
  <type>100000002</type>
</environmentvariabledefinition>