{   "properties": {     "connectionReferences": {       "shared_commondataserviceforapps": {         "runtimeSource": "embedded",         "connection": {           "connectionReferenceLogicalName": "admin_CoEGovDataverse"         },         "api": {           "name": "shared_commondataserviceforapps"         }       },       "shared_office365_1": {         "runtimeSource": "embedded",         "connection": {           "connectionReferenceLogicalName": "new_CoEGovO365Outlook"         },         "api": {           "name": "shared_office365"         }       }     },     "definition": {       "$schema": "https://schema.management.azure.com/providers/Microsoft.Logic/schemas/2016-06-01/workflowdefinition.json#",       "contentVersion": "1.0.0.0",       "parameters": {         "$connections": {           "defaultValue": {},           "type": "Object"         },         "$authentication": {           "defaultValue": {},           "type": "SecureObject"         },         "Admin eMail (admin_AdminMail)": {           "defaultValue": "adelev@pplatform.onmicrosoft.com",           "type": "String",           "metadata": {             "schemaName": "admin_AdminMail",             "description": "CoE Admin eMail. Email address used in flows to send notifications to admins; this should be either your email address or a distribution list"           }         },         "eMail Header Style (admin_eMailHeaderStyle)": {           "defaultValue": "<head>     <style>         body {             background-color: #efefef;             font-family: Segoe UI;             text-align: center;         }          #content {             border: 1px solid #742774;             background-color: #ffffff;             width: 650px;             margin-bottom: 50px;             display: inline-block;         }          #logo {             margin-left: 52px;             margin-top: 40px;             width: 60px;             height: 12px;         }          #header {             font-size: 24px;             margin-left: 50px;             margin-top: 20px;             margin-bottom: 20px;         }          #ribbon {             background-color: #742774;         }          #ribbonContent {             font-size: 20px;             padding-left: 30px;             padding-top: 10px;             padding-bottom: 20px;             color: white;             width: 100%;             padding-right: 10px;         }          #message>td {             font-size: 14px;             padding-left: 60px;             padding-right: 60px;             padding-top: 20px;             padding-bottom: 40px;         }          #footer>td {             font-size: 12px;             background-color: #cfcfcf;             height: 40px;             padding-top: 15px;             padding-left: 40px;             padding-bottom: 20px;         }          #form {             width: 100%;             border-collapse: collapse;         }          #app {             width: 60%;             font-size: 12px;         }          .label {             color: #5f5f5f         }          table {             border-collapse: collapse;             width: 100%;         }          th,         td {             padding: 8px;             text-align: left;             border-bottom: 1px solid #ddd;         }     </style> </head>",           "type": "String",           "metadata": {             "schemaName": "admin_eMailHeaderStyle",             "description": "CSS/Style used for eMails"           }         }       },       "triggers": {         "Recurrence": {           "recurrence": {             "frequency": "Day",             "interval": 1           },           "metadata": {             "operationMetadataId": "bf379018-c0e8-4dd1-9646-41c9e969c368"           },           "type": "Recurrence"         }       },       "actions": {         "Apply_to_each": {           "foreach": "@outputs('List_Approval_Responses_-_last_10_days')?['body/value']",           "actions": {             "Check_if_item_found": {               "actions": {                 "Check_Approval_Status": {                   "actions": {                     "Update_Archive_Approval_Record_-_Approve": {                       "runAfter": {},                       "metadata": {                         "operationMetadataId": "5ee9b867-7672-4113-a888-7a7b19498976"                       },                       "type": "OpenApiConnection",                       "inputs": {                         "host": {                           "connectionName": "shared_commondataserviceforapps",                           "operationId": "UpdateRecord",                           "apiId": "/providers/Microsoft.PowerApps/apis/shared_commondataserviceforapps"                         },                         "parameters": {                           "entityName": "admin_archiveapprovals",                           "recordId": "@body('Parse_JSON_-_Archive_Approval_Item')?['admin_archiveapprovalid']",                           "item/admin_approvalcomment": "@items('Apply_to_each')?['msdyn_flow_approvalresponse_comments']",                           "item/admin_approvalresponse": "@items('Apply_to_each')?['msdyn_flow_approvalresponse_response']",                           "item/admin_approvalresponsedate": "@utcNow()"                         },                         "authentication": "@parameters('$authentication')",                         "retryPolicy": {                           "type": "exponential",                           "count": 10,                           "interval": "PT10S"                         }                       }                     }                   },                   "runAfter": {                     "Get_environment_for_display_name": [                       "Succeeded"                     ]                   },                   "else": {                     "actions": {                       "Send_an_email_(V2)": {                         "runAfter": {},                         "metadata": {                           "operationMetadataId": "03d6ef72-55fb-468c-86a2-78bb6120c4c4"                         },                         "type": "OpenApiConnection",                         "inputs": {                           "host": {                             "connectionName": "shared_office365_1",                             "operationId": "SendEmailV2",                             "apiId": "/providers/Microsoft.PowerApps/apis/shared_office365"                           },                           "parameters": {                             "emailMessage/To": "@variables('adminMail')",                             "emailMessage/Subject": "Delete PowerApps for @{body('Parse_JSON_-_Archive_Approval_Item')?['admin_appdisplayname']} has been rejected",                             "emailMessage/Body": "<html>\n@{variables('htmlHeader')}\n<body>\n<div id='content'>\n<table id='form'>\n<tr><td><img id='logo' src='@{variables('logoUrl')}'></td></tr>\n<tr><td><p id='header'>PowerApps</p></td></tr>\n<tr id='ribbon'><td>\n<table id='ribbonContent'>\n<tr><td>Auto-Archive .</td>\n</tr>\n<tr id='message'><td>\n\n<p>@{body('Parse_JSON_-_Archive_Approval_Item')?['admin_appownername']} (@{body('Parse_JSON_-_Archive_Approval_Item')?['admin_appowneremail']}) was recently prompted to approve deletion of the following app:<br>\n<br>\n<strong>Display Name</strong>: @{body('Parse_JSON_-_Archive_Approval_Item')?['admin_appdisplayname']}<br>\n<strong>Environment</strong>:  @{outputs('Get_environment_for_display_name')?['body/admin_displayname']}<br>\n<strong>App ID</strong>: @{body('Parse_JSON_-_Archive_Approval_Item')?['admin_archiveapprovalid']}<br>\n<br>\nThe request to delete was rejected by the app owner with the following reason: @{items('Apply_to_each')?['msdyn_flow_approvalresponse_comments']}<br>\n</p>\n</li>\n</ol>\n</p>\n</td></tr>\n</table>\n</div>\n</body>\n</html>"                           },                           "authentication": "@parameters('$authentication')",                           "retryPolicy": {                             "type": "exponential",                             "count": 10,                             "interval": "PT10S"                           }                         }                       },                       "Update_Archive_Approval_Record_-_Reject": {                         "runAfter": {                           "Send_an_email_(V2)": [                             "Succeeded"                           ]                         },                         "metadata": {                           "operationMetadataId": "e9e7254d-647d-4704-957a-370ffa30dce7"                         },                         "type": "OpenApiConnection",                         "inputs": {                           "host": {                             "connectionName": "shared_commondataserviceforapps",                             "operationId": "UpdateRecord",                             "apiId": "/providers/Microsoft.PowerApps/apis/shared_commondataserviceforapps"                           },                           "parameters": {                             "entityName": "admin_archiveapprovals",                             "recordId": "@body('Parse_JSON_-_Archive_Approval_Item')?['admin_archiveapprovalid']",                             "item/admin_approvalcomment": "@items('Apply_to_each')?['msdyn_flow_approvalresponse_comments']",                             "item/admin_approvalresponse": "@items('Apply_to_each')?['msdyn_flow_approvalresponse_response']",                             "item/admin_approvalresponsedate": "@utcNow()"                           },                           "authentication": "@parameters('$authentication')",                           "retryPolicy": {                             "type": "exponential",                             "count": 10,                             "interval": "PT10S"                           }                         }                       }                     }                   },                   "expression": {                     "equals": [                       "@items('Apply_to_each')?['msdyn_flow_approvalresponse_response']",                       "Approve"                     ]                   },                   "metadata": {                     "operationMetadataId": "87ea0938-a3a5-4a0d-8439-27627711df26"                   },                   "type": "If"                 },                 "Get_Env_ID": {                   "runAfter": {                     "Parse_JSON_-_Archive_Approval_Item": [                       "Succeeded"                     ]                   },                   "metadata": {                     "operationMetadataId": "34905de3-5e80-42c7-9aa3-d7d484b11d5f"                   },                   "type": "Compose",                   "inputs": "@substring(body('Parse_JSON_-_Archive_Approval_Item')?['admin_appenvironmentname'], sub(length(body('Parse_JSON_-_Archive_Approval_Item')?['admin_appenvironmentname']), 36), 36)",                   "description": "substring(body('Parse_JSON_-_Archive_Approval_Item')?['admin_appenvironmentname'], sub(length(body('Parse_JSON_-_Archive_Approval_Item')?['admin_appenvironmentname']), 36), 36)"                 },                 "Get_environment_for_display_name": {                   "runAfter": {                     "Get_Env_ID": [                       "Succeeded"                     ]                   },                   "metadata": {                     "operationMetadataId": "514d5065-0d4a-4b75-bab8-2d5788690f29"                   },                   "type": "OpenApiConnection",                   "inputs": {                     "host": {                       "connectionName": "shared_commondataserviceforapps",                       "operationId": "GetItem",                       "apiId": "/providers/Microsoft.PowerApps/apis/shared_commondataserviceforapps"                     },                     "parameters": {                       "entityName": "admin_environments",                       "recordId": "@outputs('Get_Env_ID')",                       "$select": "admin_displayname"                     },                     "authentication": "@parameters('$authentication')",                     "retryPolicy": {                       "type": "exponential",                       "count": 10,                       "interval": "PT10S"                     }                   }                 },                 "Parse_JSON_-_Archive_Approval_Item": {                   "runAfter": {},                   "metadata": {                     "operationMetadataId": "b99567b7-f616-4588-b8f5-83a8636539db"                   },                   "type": "ParseJson",                   "inputs": {                     "content": "@first(body('Filter_Archive_Approval_to_get_current_item'))",                     "schema": {                       "properties": {                         "@@odata.etag": {                           "type": "string"                         },                         "@@odata.id": {                           "type": "string"                         },                         "ItemInternalId": {                           "type": "string"                         },                         "_createdby_type": {                           "type": "string"                         },                         "_createdby_value": {                           "type": "string"                         },                         "_modifiedby_type": {                           "type": "string"                         },                         "_modifiedby_value": {                           "type": "string"                         },                         "_ownerid_type": {                           "type": "string"                         },                         "_ownerid_value": {                           "type": "string"                         },                         "_owningbusinessunit_type": {                           "type": "string"                         },                         "_owningbusinessunit_value": {                           "type": "string"                         },                         "_statecode_label": {                           "type": "string"                         },                         "_statuscode_label": {                           "type": "string"                         },                         "admin_appdisplayname": {                           "type": "string"                         },                         "admin_appenvironmentname": {                           "type": "string"                         },                         "admin_appname": {                           "type": "string"                         },                         "admin_appowneremail": {                           "type": "string"                         },                         "admin_appownername": {                           "type": "string"                         },                         "admin_appreadonlyvalue": {                           "type": "string"                         },                         "admin_approvalid": {                           "type": "string"                         },                         "admin_archiveapprovalid": {                           "type": "string"                         },                         "admin_name": {                           "type": "string"                         },                         "createdon": {                           "type": "string"                         },                         "modifiedon": {                           "type": "string"                         },                         "statecode": {                           "type": "integer"                         },                         "statuscode": {                           "type": "integer"                         },                         "versionnumber": {                           "type": "integer"                         },                         "cr5d5_archivalitemtype": {                           "type": "integer"                         }                       },                       "type": "object"                     }                   }                 },                 "Clear_Ignored_Since": {                   "actions": {                     "Clear_Ignore_Date_-_FLOW": {                       "runAfter": {},                       "metadata": {                         "operationMetadataId": "04ba0d1e-d6a2-40c6-9862-02af3f61abe3"                       },                       "type": "OpenApiConnection",                       "inputs": {                         "host": {                           "connectionName": "shared_commondataserviceforapps",                           "operationId": "UpdateRecord",                           "apiId": "/providers/Microsoft.PowerApps/apis/shared_commondataserviceforapps"                         },                         "parameters": {                           "entityName": "admin_flows",                           "recordId": "@body('Parse_JSON_-_Archive_Approval_Item')?['admin_appname']",                           "item/admin_flowarchiverequestignoredsince": "@null"                         },                         "authentication": "@parameters('$authentication')"                       }                     }                   },                   "runAfter": {                     "Check_Approval_Status": [                       "Succeeded"                     ]                   },                   "else": {                     "actions": {                       "Clear_Ignore_Date_-_APP": {                         "runAfter": {},                         "metadata": {                           "operationMetadataId": "9f8a0823-4a12-49a2-aeee-006f28ebf040"                         },                         "type": "OpenApiConnection",                         "inputs": {                           "host": {                             "connectionName": "shared_commondataserviceforapps",                             "operationId": "UpdateRecord",                             "apiId": "/providers/Microsoft.PowerApps/apis/shared_commondataserviceforapps"                           },                           "parameters": {                             "entityName": "admin_apps",                             "recordId": "@body('Parse_JSON_-_Archive_Approval_Item')?['admin_appname']",                             "item/admin_apparchiverequestignoredsince": "@null"                           },                           "authentication": "@parameters('$authentication')"                         }                       }                     }                   },                   "expression": {                     "equals": [                       "@body('Parse_JSON_-_Archive_Approval_Item')?['cr5d5_archivalitemtype']",                       129260000                     ]                   },                   "metadata": {                     "operationMetadataId": "a131220e-bca1-4419-aa62-090b61adbbb8"                   },                   "type": "If"                 }               },               "runAfter": {                 "Filter_Archive_Approval_to_get_current_item": [                   "Succeeded"                 ]               },               "expression": {                 "not": {                   "equals": [                     "@length(body('Filter_Archive_Approval_to_get_current_item'))",                     0                   ]                 }               },               "metadata": {                 "operationMetadataId": "3ed47a97-ba61-4f7f-a710-0f1b045d1b67"               },               "type": "If",               "description": "If nothing found, then this is an approval outside of the context of our CoE"             },             "Filter_Archive_Approval_to_get_current_item": {               "runAfter": {},               "metadata": {                 "operationMetadataId": "ff6762aa-e0e6-4612-84f8-971e4628015c"               },               "type": "Query",               "inputs": {                 "from": "@outputs('List_Archive_Approval_Tasks')?['body/value']",                 "where": "@equals(item()?['admin_approvalid'], toLower(items('Apply_to_each')?['msdyn_flow_approvalresponseidx_approvalid']))"               }             }           },           "runAfter": {             "List_Archive_Approval_Tasks": [               "Succeeded"             ]           },           "metadata": {             "operationMetadataId": "6ab26006-e7b9-4deb-9b9d-5aca73059ceb"           },           "type": "Foreach"         },         "Initialize_adminMail": {           "runAfter": {             "List_Approval_Responses_-_last_10_days": [               "Succeeded"             ]           },           "metadata": {             "operationMetadataId": "c0ca02a6-25c6-4bb4-81f5-ec3a57df07af"           },           "type": "InitializeVariable",           "inputs": {             "variables": [               {                 "name": "adminMail",                 "type": "string",                 "value": "@parameters('Admin eMail (admin_AdminMail)')"               }             ]           }         },         "Initialize_htmlHeader_(style)": {           "runAfter": {             "Initialize_adminMail": [               "Succeeded"             ]           },           "metadata": {             "operationMetadataId": "83f1b44c-3700-4482-b20c-2af18eb598c1"           },           "type": "InitializeVariable",           "inputs": {             "variables": [               {                 "name": "htmlHeader",                 "type": "string",                 "value": "@parameters('eMail Header Style (admin_eMailHeaderStyle)')"               }             ]           }         },         "Initialize_logoUrl": {           "runAfter": {             "Initialize_htmlHeader_(style)": [               "Succeeded"             ]           },           "metadata": {             "operationMetadataId": "e7f189ab-a4e3-4e96-9920-e185a554cb60"           },           "type": "InitializeVariable",           "inputs": {             "variables": [               {                 "name": "logoUrl",                 "type": "string",                 "value": "http://pngimg.com/uploads/microsoft/microsoft_PNG16.png"               }             ]           }         },         "List_Approval_Responses_-_last_10_days": {           "runAfter": {             "Renaming_notification": [               "Succeeded"             ]           },           "metadata": {             "operationMetadataId": "964ad8fe-b597-4d60-911b-eda8c6c25289"           },           "type": "OpenApiConnection",           "inputs": {             "host": {               "connectionName": "shared_commondataserviceforapps",               "operationId": "ListRecords",               "apiId": "/providers/Microsoft.PowerApps/apis/shared_commondataserviceforapps"             },             "parameters": {               "entityName": "msdyn_flow_approvalresponses",               "$select": "msdyn_flow_approvalresponseidx_approvalid, msdyn_flow_approvalresponse_response, msdyn_flow_approvalresponse_comments",               "$filter": "createdon gt @{addDays(utcNow(), -10)}"             },             "authentication": "@parameters('$authentication')",             "retryPolicy": {               "type": "exponential",               "count": 10,               "interval": "PT10S"             }           },           "runtimeConfiguration": {             "paginationPolicy": {               "minimumItemCount": 100000             }           }         },         "List_Archive_Approval_Tasks": {           "runAfter": {             "Initialize_logoUrl": [               "Succeeded"             ]           },           "metadata": {             "operationMetadataId": "780fc03d-d8bf-4808-a6d1-44b134293542"           },           "type": "OpenApiConnection",           "inputs": {             "host": {               "connectionName": "shared_commondataserviceforapps",               "operationId": "ListRecords",               "apiId": "/providers/Microsoft.PowerApps/apis/shared_commondataserviceforapps"             },             "parameters": {               "entityName": "admin_archiveapprovals",               "$select": "admin_approvalid, admin_archiveapprovalid, admin_appdisplayname, admin_appownername, admin_appowneremail, admin_appenvironmentname, cr5d5_archivalitemtype, admin_appname",               "$filter": "admin_approvalresponse eq null"             },             "authentication": "@parameters('$authentication')",             "retryPolicy": {               "type": "exponential",               "count": 10,               "interval": "PT10S"             }           },           "runtimeConfiguration": {             "paginationPolicy": {               "minimumItemCount": 100000             }           }         },         "Renaming_notification": {           "runAfter": {},           "metadata": {             "operationMetadataId": "2d0e1eb5-5e6d-4f40-a950-82c0c6bd0136"           },           "type": "Compose",           "inputs": "In order to avoid confusion we have now renamed this area from referencing Archivals to referencing Inactivity notifications\nThis flow was previously called: Admin | Archive and Clean Up v2 (Check Approval)"         }       },       "outputs": {}     }   },   "schemaVersion": "1.0.0.0" }
