{   "properties": {     "connectionReferences": {       "shared_commondataserviceforapps_1": {         "runtimeSource": "embedded",         "connection": {           "connectionReferenceLogicalName": "admin_CoEGovDataverse"         },         "api": {           "name": "shared_commondataserviceforapps"         }       },       "shared_office365": {         "runtimeSource": "embedded",         "connection": {           "connectionReferenceLogicalName": "new_CoEGovO365Outlook"         },         "api": {           "name": "shared_office365"         }       }     },     "definition": {       "$schema": "https://schema.management.azure.com/providers/Microsoft.Logic/schemas/2016-06-01/workflowdefinition.json#",       "contentVersion": "1.0.0.0",       "parameters": {         "$connections": {           "defaultValue": {},           "type": "Object"         },         "$authentication": {           "defaultValue": {},           "type": "SecureObject"         },         "eMail Body Start (admin_eMailBodyStart)": {           "defaultValue": "<body>     <div id='content'>         <table id='form'>             <tr>                 <td><img id='logo' src='https://upload.wikimedia.org/wikipedia/commons/thumb/9/96/Microsoft_logo_%282012%29.svg/1280px-Microsoft_logo_%282012%29.svg.png' width='300px'></td>             </tr>             <tr>                 <td>                     <p id='header'>Power Platform</p>                 </td>             </tr>             <tr id='ribbon'>                 <td>                     <tr>                         <td></td>                     </tr>                     <tr id='message'>                         <td>",           "type": "String",           "metadata": {             "schemaName": "admin_eMailBodyStart",             "description": "Starter HTML format for eMails"           }         },         "eMail Body Stop (admin_eMailBodyStop)": {           "defaultValue": "</td>                     </tr>         </table>     </div> </body>",           "type": "String",           "metadata": {             "schemaName": "admin_eMailBodyStop",             "description": "Ending HTML format for eMails"           }         },         "eMail Header Style (admin_eMailHeaderStyle)": {           "defaultValue": "<head>     <style>         body {             background-color: #efefef;             font-family: Segoe UI;             text-align: center;         }          #content {             border: 1px solid #742774;             background-color: #ffffff;             width: 650px;             margin-bottom: 50px;             display: inline-block;         }          #logo {             margin-left: 52px;             margin-top: 40px;             width: 60px;             height: 12px;         }          #header {             font-size: 24px;             margin-left: 50px;             margin-top: 20px;             margin-bottom: 20px;         }          #ribbon {             background-color: #742774;         }          #ribbonContent {             font-size: 20px;             padding-left: 30px;             padding-top: 10px;             padding-bottom: 20px;             color: white;             width: 100%;             padding-right: 10px;         }          #message>td {             font-size: 14px;             padding-left: 60px;             padding-right: 60px;             padding-top: 20px;             padding-bottom: 40px;         }          #footer>td {             font-size: 12px;             background-color: #cfcfcf;             height: 40px;             padding-top: 15px;             padding-left: 40px;             padding-bottom: 20px;         }          #form {             width: 100%;             border-collapse: collapse;         }          #app {             width: 60%;             font-size: 12px;         }          .label {             color: #5f5f5f         }          table {             border-collapse: collapse;             width: 100%;         }          th,         td {             padding: 8px;             text-align: left;             border-bottom: 1px solid #ddd;         }     </style> </head>",           "type": "String",           "metadata": {             "schemaName": "admin_eMailHeaderStyle",             "description": "CSS/Style used for eMails"           }         },         "Admin eMail (admin_AdminMail)": {           "defaultValue": "adelev@pplatform.onmicrosoft.com",           "type": "String",           "metadata": {             "schemaName": "admin_AdminMail",             "description": "CoE Admin eMail. Email address used in flows to send notifications to admins; this should be either your email address or a distribution list"           }         },         "ProductionEnvironment (admin_ProductionEnvironment)": {           "defaultValue": true,           "type": "Bool",           "metadata": {             "schemaName": "admin_ProductionEnvironment",             "description": "true by default. set to false if you are creating a dev type envt. this will allow some flows to set target users to the admin instead of object owners"           }         }       },       "triggers": {         "Recurrence": {           "recurrence": {             "frequency": "Week",             "interval": 1           },           "metadata": {             "operationMetadataId": "52b0baf1-edbd-4192-82a4-38efe3ab6825"           },           "type": "Recurrence"         }       },       "actions": {         "Apply_to_each_M1_Manager": {           "foreach": "@variables('DistinctM1List')",           "actions": {             "Apply_to_each_Employee": {               "foreach": "@outputs('Get_Employees')?['body/value']",               "actions": {                 "Apply_to_each_App": {                   "foreach": "@outputs('Get_Old_Apps')?['body/value']",                   "actions": {                     "Append_to_array_variable_-_appList": {                       "runAfter": {},                       "metadata": {                         "operationMetadataId": "bad9fd04-7b70-496e-9530-83c365c6e611"                       },                       "type": "AppendToArrayVariable",                       "inputs": {                         "name": "appList",                         "value": {                           "App Name": "@items('Apply_to_each_App')?['admin_displayname']",                           "Employee": "@items('Apply_to_each_Employee')?['admin_displayname']",                           "Environment": "@items('Apply_to_each_App')?['admin_appenvironment/admin_displayname']",                           "Ignored Since": "@formatDateTime(items('Apply_to_each_App')?['admin_apparchiverequestignoredsince'], 'D')"                         }                       }                     }                   },                   "runAfter": {                     "Get_Old_Apps": [                       "Succeeded"                     ]                   },                   "metadata": {                     "operationMetadataId": "12670626-f5a9-4fe0-a474-0d8c0b0e2ff5"                   },                   "type": "Foreach"                 },                 "Apply_to_each_Flow": {                   "foreach": "@outputs('Get_Old_Flows')?['body/value']",                   "actions": {                     "Append_to_array_variable_-_flowList": {                       "runAfter": {},                       "metadata": {                         "operationMetadataId": "dbc93517-e6cc-4bb1-a87e-417a0ef34631"                       },                       "type": "AppendToArrayVariable",                       "inputs": {                         "name": "flowList",                         "value": {                           "Employee": "@items('Apply_to_each_Employee')?['admin_displayname']",                           "Environment": "@items('Apply_to_each_Flow')?['admin_flowenvironment/admin_displayname']",                           "Flow Name": "@items('Apply_to_each_Flow')?['admin_displayname']",                           "Ignored Since": "@formatDateTime(items('Apply_to_each_Flow')?['admin_flowarchiverequestignoredsince'], 'D')"                         }                       }                     }                   },                   "runAfter": {                     "Get_Old_Flows": [                       "Succeeded"                     ]                   },                   "metadata": {                     "operationMetadataId": "2b51d805-fb2d-4f33-95b1-ac249e04fe29"                   },                   "type": "Foreach"                 },                 "Get_Old_Apps": {                   "runAfter": {},                   "metadata": {                     "operationMetadataId": "129b2b67-568b-4a3b-b97a-66d80f45f66a"                   },                   "type": "OpenApiConnection",                   "inputs": {                     "host": {                       "connectionName": "shared_commondataserviceforapps_1",                       "operationId": "ListRecords",                       "apiId": "/providers/Microsoft.PowerApps/apis/shared_commondataserviceforapps"                     },                     "parameters": {                       "entityName": "admin_apps",                       "$select": "admin_apparchiverequestignoredsince,admin_displayname",                       "$filter": "admin_apparchiverequestignoredsince lt @{body('Get_past_time')} and _admin_appowner_value eq @{items('Apply_to_each_Employee')?['admin_makerid']} and admin_appdeleted ne true and admin_appexcusedfromarchival ne true and admin_AppEnvironment/admin_excusefromarchivalflows ne true and admin_AppEnvironment/admin_environmentdeleted ne true and _admin_appenvironment_value ne null",                       "$expand": "admin_AppEnvironment($select=admin_displayname)"                     },                     "authentication": "@parameters('$authentication')"                   },                   "runtimeConfiguration": {                     "paginationPolicy": {                       "minimumItemCount": 100000                     }                   }                 },                 "Get_Old_Flows": {                   "runAfter": {                     "Apply_to_each_App": [                       "Succeeded"                     ]                   },                   "metadata": {                     "operationMetadataId": "39654742-842d-445a-a709-5ec78d259c99"                   },                   "type": "OpenApiConnection",                   "inputs": {                     "host": {                       "connectionName": "shared_commondataserviceforapps_1",                       "operationId": "ListRecords",                       "apiId": "/providers/Microsoft.PowerApps/apis/shared_commondataserviceforapps"                     },                     "parameters": {                       "entityName": "admin_flows",                       "$select": "admin_flowarchiverequestignoredsince,admin_displayname",                       "$filter": "admin_flowarchiverequestignoredsince lt @{body('Get_past_time')} and _admin_derivedowner_value eq @{items('Apply_to_each_Employee')?['admin_makerid']} and admin_flowdeleted ne true and admin_flowexcusedfromarchival ne true and admin_FlowEnvironment/admin_excusefromarchivalflows ne true and admin_FlowEnvironment/admin_environmentdeleted ne true  and _admin_flowenvironment_value ne null",                       "$expand": "admin_FlowEnvironment($select=admin_displayname)"                     },                     "authentication": "@parameters('$authentication')"                   },                   "runtimeConfiguration": {                     "paginationPolicy": {                       "minimumItemCount": 100000                     }                   }                 }               },               "runAfter": {                 "Get_Employees": [                   "Succeeded"                 ]               },               "metadata": {                 "operationMetadataId": "1060323f-b0a1-4ef0-8dca-6977de651061"               },               "type": "Foreach"             },             "Clear_appList": {               "runAfter": {                 "Send_mail_if_either_array_non-empty": [                   "Succeeded"                 ]               },               "metadata": {                 "operationMetadataId": "b4a061c8-0d0a-48d0-9abb-0390e77202ec"               },               "type": "SetVariable",               "inputs": {                 "name": "appList",                 "value": "@variables('emptyList')"               }             },             "Clear_flowList": {               "runAfter": {                 "Clear_appList": [                   "Succeeded"                 ]               },               "metadata": {                 "operationMetadataId": "262ef118-3906-49e9-8185-41bf6d4d2250"               },               "type": "SetVariable",               "inputs": {                 "name": "flowList",                 "value": "@variables('emptyList')"               }             },             "Get_Employees": {               "runAfter": {},               "metadata": {                 "operationMetadataId": "c488e8e1-702a-46f8-8ea0-f1ffe1d76ff4"               },               "type": "OpenApiConnection",               "inputs": {                 "host": {                   "connectionName": "shared_commondataserviceforapps_1",                   "operationId": "ListRecords",                   "apiId": "/providers/Microsoft.PowerApps/apis/shared_commondataserviceforapps"                 },                 "parameters": {                   "entityName": "admin_makers",                   "$select": "admin_displayname, admin_makerid",                   "$filter": "admin_managerprinciplename eq '@{items('Apply_to_each_M1_Manager')['Manager']}'"                 },                 "authentication": "@parameters('$authentication')"               },               "runtimeConfiguration": {                 "paginationPolicy": {                   "minimumItemCount": 100000                 }               }             },             "Send_mail_if_either_array_non-empty": {               "actions": {                 "Create_HTML_table_of_Apps": {                   "runAfter": {},                   "metadata": {                     "operationMetadataId": "d70567b4-166f-40ae-bb3a-8d21a055dd7b"                   },                   "type": "Table",                   "inputs": {                     "from": "@variables('appList')",                     "format": "HTML"                   }                 },                 "Create_HTML_table_of_Flows": {                   "runAfter": {                     "Create_HTML_table_of_Apps": [                       "Succeeded"                     ]                   },                   "metadata": {                     "operationMetadataId": "1d6a26f1-7c47-42a0-b8e0-bafa98450a86"                   },                   "type": "Table",                   "inputs": {                     "from": "@variables('flowList')",                     "format": "HTML"                   }                 },                 "Send_an_email_(V2)": {                   "runAfter": {                     "Create_HTML_table_of_Flows": [                       "Succeeded"                     ]                   },                   "metadata": {                     "operationMetadataId": "d9288536-7333-4800-be84-8c8286fe588a"                   },                   "type": "OpenApiConnection",                   "inputs": {                     "host": {                       "connectionName": "shared_office365",                       "operationId": "SendEmailV2",                       "apiId": "/providers/Microsoft.PowerApps/apis/shared_office365"                     },                     "parameters": {                       "emailMessage/To": "@if(equals(parameters('ProductionEnvironment (admin_ProductionEnvironment)'), true),  items('Apply_to_each_M1_Manager')['Manager'], parameters('Admin eMail (admin_AdminMail)'))",                       "emailMessage/Subject": "Your employees have stale Power Platform objects",                       "emailMessage/Body": "@{parameters('eMail Header Style (admin_eMailHeaderStyle)')}\n@{parameters('eMail Body Start (admin_eMailBodyStart)')}\n\nIn an attempt to keep our tenant clean, we ask people to confirm that objects that appear no longer useful can be removed from the tenant. <br> \nYou have employees who have not responded to inquiries . <br> \n@{if(equals(variables('CleanUpAppURL'), ''), 'Please ask them to go and approve or reject these requests:', concat('Please browse to <a href=', variables('CleanUpAppURL'), '&amp;SelectUsers=1', '> Cleanup Old Objects App </a> and remind them to respond'))}\n<br>\n</p>\n\n<b>APPS</b><br>\n@{body('Create_HTML_table_of_Apps')}<br><br>\n<b>FLOWS</b><br>\n@{body('Create_HTML_table_of_Flows')}\n\n@{parameters('eMail Body Stop (admin_eMailBodyStop)')}"                     },                     "authentication": "@parameters('$authentication')"                   }                 }               },               "runAfter": {                 "Apply_to_each_Employee": [                   "Succeeded"                 ]               },               "expression": {                 "or": [                   {                     "greater": [                       "@length(variables('appList'))",                       0                     ]                   },                   {                     "greater": [                       "@length(variables('flowList'))",                       0                     ]                   }                 ]               },               "metadata": {                 "operationMetadataId": "ea1863c5-d6a8-4e75-9c4f-9b81579757f6"               },               "type": "If"             }           },           "runAfter": {             "Create_DistinctM1List": [               "Succeeded"             ]           },           "metadata": {             "operationMetadataId": "39215070-f479-4daf-96eb-d5779145a2ac"           },           "type": "Foreach"         },         "Create_DistinctM1List": {           "runAfter": {             "Select_Alias": [               "Succeeded"             ]           },           "metadata": {             "operationMetadataId": "4a83e41d-026b-4260-b299-44297a6ec7ea"           },           "type": "InitializeVariable",           "inputs": {             "variables": [               {                 "name": "DistinctM1List",                 "type": "array",                 "value": "@union(body('Select_Alias'), body('Select_Alias'))"               }             ]           }         },         "Get_Manager_Principle_Names": {           "runAfter": {             "Set_env_var_CleanUpAppURL": [               "Succeeded"             ]           },           "metadata": {             "operationMetadataId": "6ae3e078-b142-42e6-b83c-ca547c4565dd"           },           "type": "OpenApiConnection",           "inputs": {             "host": {               "connectionName": "shared_commondataserviceforapps_1",               "operationId": "ListRecords",               "apiId": "/providers/Microsoft.PowerApps/apis/shared_commondataserviceforapps"             },             "parameters": {               "entityName": "admin_makers",               "$select": "admin_managerprinciplename",               "$filter": "admin_managerprinciplename ne null"             },             "authentication": "@parameters('$authentication')"           },           "runtimeConfiguration": {             "paginationPolicy": {               "minimumItemCount": 100000             }           }         },         "Get_past_time": {           "runAfter": {             "Renaming_notification": [               "Succeeded"             ]           },           "metadata": {             "operationMetadataId": "a88850f4-9d37-4c6a-88cc-721ed9b86168"           },           "type": "Expression",           "kind": "GetPastTime",           "inputs": {             "interval": 1,             "timeUnit": "Month"           }         },         "Initialize_appList": {           "runAfter": {             "Get_past_time": [               "Succeeded"             ]           },           "metadata": {             "operationMetadataId": "94d418e9-bf70-4e80-9753-5c33b53c1ab7"           },           "type": "InitializeVariable",           "inputs": {             "variables": [               {                 "name": "appList",                 "type": "array"               }             ]           }         },         "Initialize_emptyList": {           "runAfter": {             "Initialize_flowList": [               "Succeeded"             ]           },           "metadata": {             "operationMetadataId": "05d99ac4-3bc3-4f33-ae9d-3b5847bdd2fc"           },           "type": "InitializeVariable",           "inputs": {             "variables": [               {                 "name": "emptyList",                 "type": "array"               }             ]           }         },         "Initialize_flowList": {           "runAfter": {             "Initialize_appList": [               "Succeeded"             ]           },           "metadata": {             "operationMetadataId": "4abdd182-28e6-42dc-a21e-81dfeb897415"           },           "type": "InitializeVariable",           "inputs": {             "variables": [               {                 "name": "flowList",                 "type": "array"               }             ]           }         },         "Select_Alias": {           "runAfter": {             "Get_Manager_Principle_Names": [               "Succeeded"             ]           },           "metadata": {             "operationMetadataId": "bda8bfc2-e6e6-44a7-9dc1-d09fe3789ef5"           },           "type": "Select",           "inputs": {             "from": "@outputs('Get_Manager_Principle_Names')?['body/value']",             "select": {               "manager": "@item()?['admin_managerprinciplename']"             }           }         },         "Initialize_var_CleanUpAppURL": {           "runAfter": {             "Initialize_emptyList": [               "Succeeded"             ]           },           "metadata": {             "operationMetadataId": "a7b5ced4-f5fc-43f9-812d-a9d6ab3899eb"           },           "type": "InitializeVariable",           "inputs": {             "variables": [               {                 "name": "CleanUpAppURL",                 "type": "string"               }             ]           }         },         "Set_env_var_CleanUpAppURL": {           "actions": {             "ListDefns-CleanUpAppURL": {               "runAfter": {},               "metadata": {                 "operationMetadataId": "3e4048d2-4f28-43c6-8e87-83b68c7c79aa"               },               "type": "OpenApiConnection",               "inputs": {                 "host": {                   "connectionName": "shared_commondataserviceforapps_1",                   "operationId": "ListRecords",                   "apiId": "/providers/Microsoft.PowerApps/apis/shared_commondataserviceforapps"                 },                 "parameters": {                   "entityName": "environmentvariabledefinitions",                   "$select": "environmentvariabledefinitionid, defaultvalue",                   "$filter": "schemaname eq 'admin_CleanupOldObjectsAppURL'"                 },                 "authentication": "@parameters('$authentication')"               },               "runtimeConfiguration": {                 "paginationPolicy": {                   "minimumItemCount": 100000                 }               }             },             "Get_ID_from_CleanUpAppURL": {               "runAfter": {                 "ListDefns-CleanUpAppURL": [                   "Succeeded"                 ]               },               "metadata": {                 "operationMetadataId": "35daa390-ef10-4e7a-ad74-4616a48dfc39"               },               "type": "Compose",               "inputs": "@first(body('ListDefns-CleanUpAppURL')?['value'])?['environmentvariabledefinitionid']"             },             "Set_to_current_or_default_-_CleanUpAppURL": {               "actions": {                 "Set_CleanUpAppURL_-_CurrentValue": {                   "runAfter": {},                   "metadata": {                     "operationMetadataId": "48e7d428-6134-4592-8a06-b7f1e52518ac"                   },                   "type": "SetVariable",                   "inputs": {                     "name": "CleanUpAppURL",                     "value": "@{first(body('ListCurrents-CleanUpAppURL')?['value'])?['Value']}"                   }                 }               },               "runAfter": {                 "ListCurrents-CleanUpAppURL": [                   "Succeeded"                 ]               },               "else": {                 "actions": {                   "Set_CleanUpAppURL_-_DefaultValue": {                     "runAfter": {},                     "metadata": {                       "operationMetadataId": "c20649bc-6bdb-4e9c-bf7c-bad351afd877"                     },                     "type": "SetVariable",                     "inputs": {                       "name": "CleanUpAppURL",                       "value": "@{first(body('ListDefns-CleanUpAppURL')?['value'])?['defaultvalue']}"                     }                   }                 }               },               "expression": {                 "greaterOrEquals": [                   "@length(body('ListCurrents-CleanUpAppURL')?['value'])\r\n",                   1                 ]               },               "metadata": {                 "operationMetadataId": "c2ad9e77-30d4-4855-89ee-691169650c0d"               },               "type": "If"             },             "ListCurrents-CleanUpAppURL": {               "runAfter": {                 "Get_ID_from_CleanUpAppURL": [                   "Succeeded"                 ]               },               "metadata": {                 "operationMetadataId": "db44e18b-c951-43be-8ed2-990fa2721e87"               },               "type": "OpenApiConnection",               "inputs": {                 "host": {                   "connectionName": "shared_commondataserviceforapps_1",                   "operationId": "ListRecords",                   "apiId": "/providers/Microsoft.PowerApps/apis/shared_commondataserviceforapps"                 },                 "parameters": {                   "entityName": "environmentvariablevalues",                   "$select": "value",                   "$filter": "_environmentvariabledefinitionid_value eq @{outputs('Get_ID_from_CleanUpAppURL')}"                 },                 "authentication": "@parameters('$authentication')"               },               "runtimeConfiguration": {                 "paginationPolicy": {                   "minimumItemCount": 100000                 }               }             }           },           "runAfter": {             "Initialize_var_CleanUpAppURL": [               "Succeeded"             ]           },           "metadata": {             "operationMetadataId": "550ccacb-97c0-4b23-8eae-d781f108c319"           },           "type": "Scope",           "description": "must use old technique for fetching as env var is optional"         },         "Renaming_notification": {           "runAfter": {},           "metadata": {             "operationMetadataId": "7429f553-2fae-4934-8140-a3859e0e3905"           },           "type": "Compose",           "inputs": "In order to avoid confusion we have now renamed this area from referencing Archivals to referencing Inactivity notifications\nThis flow was previously called: Admin | Email Managers Ignored Approvals"         }       },       "outputs": {}     }   },   "schemaVersion": "1.0.0.0" }
