{   "properties": {     "connectionReferences": {},     "definition": {       "$schema": "https://schema.management.azure.com/providers/Microsoft.Logic/schemas/2016-06-01/workflowdefinition.json#",       "contentVersion": "1.0.0.0",       "parameters": {         "$authentication": {           "defaultValue": {},           "type": "SecureObject"         }       },       "triggers": {         "manual": {           "metadata": {             "operationMetadataId": "528da1fc-1728-46b7-81b9-4b2075c5dd07"           },           "type": "Request",           "kind": "PowerAppV2",           "inputs": {             "schema": {               "type": "object",               "properties": {                 "text": {                   "title": "newOwner",                   "type": "string",                   "x-ms-dynamically-added": true,                   "description": "Please enter your input",                   "x-ms-content-hint": "TEXT"                 },                 "text_1": {                   "title": "objectName",                   "type": "string",                   "x-ms-dynamically-added": true,                   "description": "Please enter your input",                   "x-ms-content-hint": "TEXT"                 },                 "text_2": {                   "title": "envName",                   "type": "string",                   "x-ms-dynamically-added": true,                   "description": "Please enter your input",                   "x-ms-content-hint": "TEXT"                 },                 "text_3": {                   "title": "action",                   "type": "string",                   "x-ms-dynamically-added": true,                   "description": "Please enter your input",                   "x-ms-content-hint": "TEXT"                 },                 "text_4": {                   "title": "objectType",                   "type": "string",                   "x-ms-dynamically-added": true,                   "description": "Please enter your input",                   "x-ms-content-hint": "TEXT"                 }               },               "required": [                 "text",                 "text_1",                 "text_2",                 "text_3",                 "text_4"               ]             }           }         }       },       "actions": {         "Initialize_ReturnString": {           "runAfter": {},           "metadata": {             "operationMetadataId": "c6d7a2a1-30a2-4e05-a3ed-0e2a512eec3f"           },           "type": "InitializeVariable",           "inputs": {             "variables": [               {                 "name": "ReturnString",                 "type": "string",                 "value": "pass"               }             ]           }         },         "see_if_app_or_flow": {           "actions": {             "Run_App_Helper_Flow": {               "runAfter": {},               "metadata": {                 "operationMetadataId": "307d2a7b-4147-46e9-bc06-6d26e0f5907c"               },               "type": "Workflow",               "inputs": {                 "host": {                   "workflowReferenceName": "ab3784ff-ceef-eb11-bacb-00224820693c"                 },                 "body": {                   "text": "@triggerBody()['text']",                   "text_1": "@triggerBody()['text_1']",                   "text_2": "@triggerBody()['text_2']",                   "text_3": "@triggerBody()['text_3']"                 }               }             },             "Set_ReturnString_to_fail_as_Run_App_Helper_Flow_failed": {               "runAfter": {                 "Run_App_Helper_Flow": [                   "Failed"                 ]               },               "metadata": {                 "operationMetadataId": "d60605ec-087c-4036-a66c-2a089ee79bb2"               },               "type": "SetVariable",               "inputs": {                 "name": "ReturnString",                 "value": "failed"               }             },             "check_if_Run_App_Helper_flow_failed": {               "actions": {                 "Set_ReturnString_to_return_value_from_Run_App_Helper_Flow": {                   "runAfter": {},                   "metadata": {                     "operationMetadataId": "7c64f4b7-e104-468e-b9df-f4f4c0fc4cfe"                   },                   "type": "SetVariable",                   "inputs": {                     "name": "ReturnString",                     "value": "fail"                   }                 }               },               "runAfter": {                 "Set_ReturnString_to_fail_as_Run_App_Helper_Flow_failed": [                   "Skipped"                 ]               },               "expression": {                 "not": {                   "equals": [                     "@body('Run_App_Helper_Flow')?['thereturnstring']",                     "pass"                   ]                 }               },               "metadata": {                 "operationMetadataId": "11ec992f-86be-4815-9df4-fc4c6097ae91"               },               "type": "If"             }           },           "runAfter": {             "Initialize_ReturnString": [               "Succeeded"             ]           },           "else": {             "actions": {               "Run_Flow_Helper_Flow": {                 "runAfter": {},                 "metadata": {                   "operationMetadataId": "53e595d7-78ec-4d04-92ec-ca3e1fb1f430"                 },                 "type": "Workflow",                 "inputs": {                   "host": {                     "workflowReferenceName": "b538d20c-d1ef-eb11-bacb-00224820693c"                   },                   "body": {                     "text": "@triggerBody()['text']",                     "text_1": "@triggerBody()['text_1']",                     "text_2": "@triggerBody()['text_2']",                     "text_3": "@triggerBody()['text_3']"                   }                 }               },               "Set_ReturnString_to_fail_as_Run_Flow_Helper_Flow_failed": {                 "runAfter": {                   "Run_Flow_Helper_Flow": [                     "Failed"                   ]                 },                 "metadata": {                   "operationMetadataId": "5bf9fcdc-46df-410b-907e-0320bd855109"                 },                 "type": "SetVariable",                 "inputs": {                   "name": "ReturnString",                   "value": "failed"                 }               },               "check_if_Run_Flow_Helper_flow_failed": {                 "actions": {                   "Set_ReturnString_to_return_value_from_Run_Flow_Helper_Flow": {                     "runAfter": {},                     "metadata": {                       "operationMetadataId": "cbc003d2-ce83-4b20-a882-3b8f4c82d556"                     },                     "type": "SetVariable",                     "inputs": {                       "name": "ReturnString",                       "value": "fail"                     }                   }                 },                 "runAfter": {                   "Set_ReturnString_to_fail_as_Run_Flow_Helper_Flow_failed": [                     "Skipped"                   ]                 },                 "expression": {                   "not": {                     "equals": [                       "@body('Run_Flow_Helper_Flow')?['thereturnstring']",                       "pass"                     ]                   }                 },                 "metadata": {                   "operationMetadataId": "ea8988cc-0847-4791-9ca7-06d9745fa6b5"                 },                 "type": "If"               }             }           },           "expression": {             "equals": [               "@triggerBody()['text_4']",               "app"             ]           },           "metadata": {             "operationMetadataId": "9f5319a1-ba98-4f2b-8d90-7cc35c87d5dc"           },           "type": "If"         },         "Respond_to_a_PowerApp_or_flow": {           "runAfter": {             "see_if_app_or_flow": [               "Succeeded"             ]           },           "metadata": {             "operationMetadataId": "31574b63-0a4f-4b43-b89f-cc4a0f706974"           },           "type": "Response",           "kind": "PowerApp",           "inputs": {             "statusCode": 200,             "body": {               "thereturnstring": "@variables('ReturnString')"             },             "schema": {               "type": "object",               "properties": {                 "thereturnstring": {                   "title": "theReturnString",                   "x-ms-dynamically-added": true,                   "type": "string"                 }               }             }           }         }       }     }   },   "schemaVersion": "1.0.0.0" }
