{   "properties": {     "connectionReferences": {       "shared_office365_1": {         "runtimeSource": "embedded",         "connection": {           "connectionReferenceLogicalName": "new_CoEGovO365Outlook"         },         "api": {           "name": "shared_office365"         }       },       "shared_commondataserviceforapps_1": {         "runtimeSource": "embedded",         "connection": {           "connectionReferenceLogicalName": "admin_CoEGovDataverse"         },         "api": {           "name": "shared_commondataserviceforapps"         }       },       "shared_teams_1": {         "runtimeSource": "embedded",         "connection": {           "connectionReferenceLogicalName": "new_CoEGovTeams"         },         "api": {           "name": "shared_teams"         }       }     },     "definition": {       "$schema": "https://schema.management.azure.com/providers/Microsoft.Logic/schemas/2016-06-01/workflowdefinition.json#",       "contentVersion": "1.0.0.0",       "parameters": {         "$connections": {           "defaultValue": {},           "type": "Object"         },         "$authentication": {           "defaultValue": {},           "type": "SecureObject"         },         "Admin eMail (admin_AdminMail)": {           "defaultValue": "adelev@pplatform.onmicrosoft.com",           "type": "String",           "metadata": {             "schemaName": "admin_AdminMail",             "description": "CoE Admin eMail. Email address used in flows to send notifications to admins; this should be either your email address or a distribution list"           }         },         "ProductionEnvironment (admin_ProductionEnvironment)": {           "defaultValue": true,           "type": "Bool",           "metadata": {             "schemaName": "admin_ProductionEnvironment",             "description": "true by default. set to false if you are creating a dev type envt. this will allow some flows to set target users to the admin instead of object owners"           }         },         "eMail Header Style (admin_eMailHeaderStyle)": {           "defaultValue": "<head>     <style>         body {             background-color: #efefef;             font-family: Segoe UI;             text-align: center;         }          #content {             border: 1px solid #742774;             background-color: #ffffff;             width: 650px;             margin-bottom: 50px;             display: inline-block;         }          #logo {             margin-left: 52px;             margin-top: 40px;             width: 60px;             height: 12px;         }          #header {             font-size: 24px;             margin-left: 50px;             margin-top: 20px;             margin-bottom: 20px;         }          #ribbon {             background-color: #742774;         }          #ribbonContent {             font-size: 20px;             padding-left: 30px;             padding-top: 10px;             padding-bottom: 20px;             color: white;             width: 100%;             padding-right: 10px;         }          #message>td {             font-size: 14px;             padding-left: 60px;             padding-right: 60px;             padding-top: 20px;             padding-bottom: 40px;         }          #footer>td {             font-size: 12px;             background-color: #cfcfcf;             height: 40px;             padding-top: 15px;             padding-left: 40px;             padding-bottom: 20px;         }          #form {             width: 100%;             border-collapse: collapse;         }          #app {             width: 60%;             font-size: 12px;         }          .label {             color: #5f5f5f         }          table {             border-collapse: collapse;             width: 100%;         }          th,         td {             padding: 8px;             text-align: left;             border-bottom: 1px solid #ddd;         }     </style> </head>",           "type": "String",           "metadata": {             "schemaName": "admin_eMailHeaderStyle",             "description": "CSS/Style used for eMails"           }         },         "Individual Admin (admin_ApprovalAdmin)": {           "defaultValue": "adelev@pplatform.onmicrosoft.com",           "type": "String",           "metadata": {             "schemaName": "admin_ApprovalAdmin",             "description": "An individual admin's email. Some actions (approvals / team chats) cannot accept a group/DL. So this env variable is for those instances in the kit. "           }         }       },       "triggers": {         "When_a_record_is_created": {           "metadata": {             "operationMetadataId": "89d32f7b-a23c-4f2c-80fb-eaad18173f18"           },           "type": "OpenApiConnectionWebhook",           "inputs": {             "host": {               "connectionName": "shared_commondataserviceforapps_1",               "operationId": "SubscribeWebhookTrigger",               "apiId": "/providers/Microsoft.PowerApps/apis/shared_commondataserviceforapps"             },             "parameters": {               "subscriptionRequest/message": 1,               "subscriptionRequest/entityname": "admin_environment",               "subscriptionRequest/scope": 4,               "subscriptionRequest/filterexpression": "admin_environmentsku eq 'Teams'"             },             "authentication": "@parameters('$authentication')"           }         }       },       "actions": {         "Check_if_Business_Justification_has_been_provided": {           "actions": {             "Send_admin_mail_-_justification_provided": {               "runAfter": {                 "Update_Environment_with_Business_Justification": [                   "Succeeded"                 ]               },               "metadata": {                 "operationMetadataId": "6c3698a2-a35e-483c-886c-927d813ced36"               },               "type": "OpenApiConnection",               "inputs": {                 "host": {                   "connectionName": "shared_office365_1",                   "operationId": "SendEmailV2",                   "apiId": "/providers/Microsoft.PowerApps/apis/shared_office365"                 },                 "parameters": {                   "emailMessage/To": "@parameters('Admin eMail (admin_AdminMail)')",                   "emailMessage/Subject": "Justification Provided for a Microsoft Teams Environment: @{triggerOutputs()?['body/admin_displayname']}",                   "emailMessage/Body": "@{variables('htmlHeader')}\n<body>\n<div id='content'>\n<table id='form'>\n<tr><td><p id='header'>Microsoft Power Platform</p></td></tr>\n<tr id='message'><td>\n<p>New Microsoft Teams Environment Justification Added!</p>\n<p>Please view and approve or reject it as shown here: <a href=\"https://docs.microsoft.com/power-platform/guidance/coe/teams-governance#business-justification-process\">Business justification process</a></p>\n</table>\n</div>\n</body>"                 },                 "authentication": "@parameters('$authentication')"               }             },             "Update_Environment_with_Business_Justification": {               "runAfter": {},               "metadata": {                 "operationMetadataId": "f3520d69-8530-4419-9ad4-89dd9b5e63dd"               },               "type": "OpenApiConnection",               "inputs": {                 "host": {                   "connectionName": "shared_commondataserviceforapps_1",                   "operationId": "UpdateRecord",                   "apiId": "/providers/Microsoft.PowerApps/apis/shared_commondataserviceforapps"                 },                 "parameters": {                   "entityName": "admin_environments",                   "recordId": "@triggerOutputs()?['body/admin_environmentid']",                   "item/admin_makerrequirementbusinessjustification": "@outputs('Post_an_Adaptive_Card_to_a_Teams_user_and_wait_for_a_response')?['body/data/myBusinessJustification']"                 },                 "authentication": "@parameters('$authentication')"               }             }           },           "runAfter": {             "Send_Time_out_Note_if_Timed_Out": [               "Succeeded",               "Skipped"             ]           },           "expression": {             "not": {               "equals": [                 "@empty(outputs('Post_an_Adaptive_Card_to_a_Teams_user_and_wait_for_a_response')?['body/data/myBusinessJustification'])",                 "@true"               ]             }           },           "metadata": {             "operationMetadataId": "c21685d4-5859-4ec6-8c11-2c48394bf69b"           },           "type": "If"         },         "Compose_email": {           "runAfter": {             "Initialize_urlWiki": [               "Succeeded"             ]           },           "metadata": {             "operationMetadataId": "23a876cd-bd29-4c73-8e3d-e0b9ddf0d24e"           },           "type": "Compose",           "inputs": "Microsoft Dataverse for Teams is an exciting new capability that integrates Teams with the Power Platform. Using Dataverse for Teams, anyone can make and deploy apps, flows, and chatbots directly within Teams with Power Apps, Power Automate, and Power Virtual Agents. These apps, flows, and bots are then available to use by anyone in the team.<br><br>\n\nWhen a team owner adds the capability to their team, Dataverse for Teams creates a new Power Platform environment with a lightweight Dataverse database and links it to the team. <br>\n<strong>Note: ​As this is a limited capability, please be mindful of others. Create just the environments that you need to support your business process​ and if you no longer need the environment, delete it!</strong> \n<br><br>\nIf the environment you just created is permanent, here are the rules:<br>\nA business justification for a production scenario must be provided<br>\nAn admin must approve the request<br>\nThe default Data Loss Preveniton policy will be applied<br>\n<br><br>\nEnvironments will be deleted if any of the following conditions is true:<br>\nNo business justification has been provided within a week of creating the enviornment.<br>\nThe environment is unused after 90 days.<br>\nAn excessive number of environments are created by the same person<br>\n<br><br>\n"         },         "If_this_environment_has_already_been_through_approval,_exit": {           "actions": {             "Terminate": {               "runAfter": {},               "metadata": {                 "operationMetadataId": "d0b5a37e-27a1-4032-8fe3-b249deff9538"               },               "type": "Terminate",               "inputs": {                 "runStatus": "Succeeded"               }             }           },           "runAfter": {},           "expression": {             "or": [               {                 "not": {                   "equals": [                     "@triggerOutputs()?['body/admin_businessjustificationdate']",                     "@null"                   ]                 }               },               {                 "not": {                   "equals": [                     "@triggerOutputs()?['body/admin_makerrequirementbusinessjustification']",                     "@null"                   ]                 }               },               {                 "equals": [                   "@triggerOutputs()?['body/admin_adminmicrosoftteamsenvironmentstatus']",                   597910000                 ]               },               {                 "equals": [                   "@triggerOutputs()?['body/admin_adminmicrosoftteamsenvironmentstatus']",                   597910001                 ]               }             ]           },           "metadata": {             "operationMetadataId": "671c2b43-a531-4a67-807f-c1ea716d454d"           },           "type": "If"         },         "Initialize_adminMail": {           "runAfter": {             "Initialize_htmlHeader": [               "Succeeded"             ]           },           "metadata": {             "operationMetadataId": "3eaa2e84-3010-4197-a0fb-786ffb5d2e60"           },           "type": "InitializeVariable",           "inputs": {             "variables": [               {                 "name": "adminMail",                 "type": "string",                 "value": "@parameters('Admin eMail (admin_AdminMail)')"               }             ]           }         },         "Initialize_htmlHeader": {           "runAfter": {             "If_this_environment_has_already_been_through_approval,_exit": [               "Succeeded"             ]           },           "metadata": {             "operationMetadataId": "dfd10a96-4287-40ce-a761-0751955a9849"           },           "type": "InitializeVariable",           "inputs": {             "variables": [               {                 "name": "htmlHeader",                 "type": "string",                 "value": "@parameters('eMail Header Style (admin_eMailHeaderStyle)')"               }             ]           }         },         "Initialize_urlWiki": {           "runAfter": {             "Initialize_adminMail": [               "Succeeded"             ]           },           "metadata": {             "operationMetadataId": "686a6973-1723-4517-b2ea-5983230bfe35"           },           "type": "InitializeVariable",           "inputs": {             "variables": [               {                 "name": "urlWiki",                 "type": "string"               }             ]           }         },         "Post_an_Adaptive_Card_to_a_Teams_user_and_wait_for_a_response": {           "runAfter": {             "Update_Date_asked_for_Business_Justification": [               "Succeeded"             ]           },           "limit": {             "timeout": "P6D"           },           "metadata": {             "operationMetadataId": "5777ca42-c67d-4dd5-a427-2989506986e2"           },           "type": "OpenApiConnectionWebhook",           "inputs": {             "host": {               "connectionName": "shared_teams_1",               "operationId": "SubscribeUserFlowContinuation",               "apiId": "/providers/Microsoft.PowerApps/apis/shared_teams"             },             "parameters": {               "UserFlowContinuationSubscriptionRequest/body/recipient/to": "@{if(equals(parameters('ProductionEnvironment (admin_ProductionEnvironment)'), false), parameters('Individual Admin (admin_ApprovalAdmin)'), outputs('Get_Owner')?['body/admin_userprincipalname'])};",               "UserFlowContinuationSubscriptionRequest/body/messageBody": "{\n    \"$schema\": \"http://adaptivecards.io/schemas/adaptive-card.json\",\n    \"type\": \"AdaptiveCard\",\n    \"version\": \"1.2\",\n    \"body\": [\n        {\n            \"type\": \"ColumnSet\",\n            \"columns\": [\n                {\n                    \"type\": \"Column\",\n                    \"width\": 2,\n                    \"items\": [\n                        {\n                            \"type\": \"TextBlock\",\n                            \"text\": \"Your Teams environment: @{triggerOutputs()?['body/admin_displayname']}\",\n                            \"weight\": \"Bolder\",\n                            \"size\": \"Large\"\n                        },\n                        {\n                            \"type\": \"TextBlock\",\n                            \"text\": \"Your @{triggerOutputs()?['body/admin_displayname']} power platform environment might get deleted if the business justification is rejected or if you do not provide a business justification.\",\n                            \"wrap\": true,\n                            \"weight\": \"Bolder\",\n                            \"color\": \"Attention\"\n                        },\n                        {\n                            \"type\": \"TextBlock\",\n                            \"text\": \"Microsoft Dataverse for Teams is an exciting new capability that integrates Teams with the Power Platform. Using Dataverse for Teams, anyone can make and deploy apps, flows, and chatbots directly within Teams.\\nNote: ​As this is a limited capability, please be mindful of others. Create just the environments that you need to support your business process\\n\\nIf the environment you just created is for a production use case, please provide a business justification. \",\n                            \"isSubtle\": true,\n                            \"wrap\": true\n                        },\n                        {\n                            \"type\": \"TextBlock\",\n                            \"text\": \"Business Justification\",\n                            \"wrap\": true,\n                            \"weight\": \"Bolder\"\n                        },\n                        {\n                            \"type\": \"Input.Text\",\n                            \"id\": \"myBusinessJustification\",\n                            \"isMultiline\": true\n                        }\n                    ]\n                }\n            ]\n        }\n    ],\n    \"actions\": [\n        {\n            \"type\": \"Action.Submit\",\n            \"title\": \"Submit\"\n        }\n    ],\n    \"-ms-tokens\": {}\n}",               "UserFlowContinuationSubscriptionRequest/body/updateMessage": "Your business justification has been submitted.",               "UserFlowContinuationSubscriptionRequest/body/shouldUpdateCard": true,               "UserFlowContinuationSubscriptionRequest/body/recipient/isAlert": true             },             "authentication": "@parameters('$authentication')"           }         },         "Scope_-_Get_Owner": {           "actions": {             "Get_Owner": {               "runAfter": {},               "metadata": {                 "operationMetadataId": "11aee028-d221-4d68-a0c3-a2254ce2b10f"               },               "type": "OpenApiConnection",               "inputs": {                 "host": {                   "connectionName": "shared_commondataserviceforapps_1",                   "operationId": "GetItem",                   "apiId": "/providers/Microsoft.PowerApps/apis/shared_commondataserviceforapps"                 },                 "parameters": {                   "entityName": "admin_makers",                   "recordId": "@triggerOutputs()?['body/_admin_maker_value']"                 },                 "authentication": "@parameters('$authentication')"               }             }           },           "runAfter": {             "Compose_email": [               "Succeeded"             ]           },           "metadata": {             "operationMetadataId": "92c668a2-3115-4d35-bd6c-88eebee29c72"           },           "type": "Scope"         },         "Send_an_email_to_the_Teams_Owner": {           "runAfter": {             "Scope_-_Get_Owner": [               "Succeeded"             ]           },           "metadata": {             "operationMetadataId": "5d851874-2888-4739-bc86-9c9ccfd79e42"           },           "type": "OpenApiConnection",           "inputs": {             "host": {               "connectionName": "shared_office365_1",               "operationId": "SendEmailV2",               "apiId": "/providers/Microsoft.PowerApps/apis/shared_office365"             },             "parameters": {               "emailMessage/To": "@if(equals(parameters('ProductionEnvironment (admin_ProductionEnvironment)'), false), parameters('Admin eMail (admin_AdminMail)'), outputs('Get_Owner')?['body/admin_userprincipalname'])",               "emailMessage/Subject": "Welcome to your Microsoft Teams Environment: @{triggerOutputs()?['body/admin_displayname']}",               "emailMessage/Body": "@{variables('htmlHeader')}\n<body>\n<div id='content'>\n<table id='form'>\n<tr><td><p id='header'>Microsoft Power Platform</p></td></tr>\n<tr id='message'><td>\n<p>Welcome to your Microsoft Teams Environment!</p>\n<p><br>\n@{outputs('Compose_email')}</p>\n\n</table>\n</div>\n</body>"             },             "authentication": "@parameters('$authentication')"           }         },         "Update_Date_asked_for_Business_Justification": {           "runAfter": {             "Send_an_email_to_the_Teams_Owner": [               "Succeeded"             ]           },           "metadata": {             "operationMetadataId": "dfa6e997-6261-4ddc-9f9f-83d6d9179b5d"           },           "type": "OpenApiConnection",           "inputs": {             "host": {               "connectionName": "shared_commondataserviceforapps_1",               "operationId": "UpdateRecord",               "apiId": "/providers/Microsoft.PowerApps/apis/shared_commondataserviceforapps"             },             "parameters": {               "entityName": "admin_environments",               "recordId": "@triggerOutputs()?['body/admin_environmentid']",               "item/admin_businessjustificationdate": "@utcnow()"             },             "authentication": "@parameters('$authentication')"           }         },         "Send_Time_out_Note_if_Timed_Out": {           "runAfter": {             "Post_an_Adaptive_Card_to_a_Teams_user_and_wait_for_a_response": [               "TimedOut"             ]           },           "metadata": {             "operationMetadataId": "9292eb8f-6995-4bd9-a2c7-ebc03789c5ec"           },           "type": "OpenApiConnection",           "inputs": {             "host": {               "connectionName": "shared_teams_1",               "operationId": "PostMessageToConversation",               "apiId": "/providers/Microsoft.PowerApps/apis/shared_teams"             },             "parameters": {               "poster": "Flow bot",               "location": "Chat with Flow bot",               "body/recipient": "@{if(equals(parameters('ProductionEnvironment (admin_ProductionEnvironment)'), false), parameters('Individual Admin (admin_ApprovalAdmin)'), outputs('Get_Owner')?['body/admin_userprincipalname'])};",               "body/messageBody": "<p>This request for business justification above has timed out.&nbsp;</p>"             },             "authentication": "@parameters('$authentication')"           }         }       },       "outputs": {}     }   },   "schemaVersion": "1.0.0.0" }
