{   "properties": {     "connectionReferences": {       "shared_powerplatformforadmins_1": {         "runtimeSource": "embedded",         "connection": {           "connectionReferenceLogicalName": "new_CoEGovPowerPlatformforAdmins"         },         "api": {           "name": "shared_powerplatformforadmins"         }       },       "shared_teams_1": {         "runtimeSource": "embedded",         "connection": {           "connectionReferenceLogicalName": "new_CoEGovTeams"         },         "api": {           "name": "shared_teams"         }       },       "shared_commondataserviceforapps": {         "runtimeSource": "embedded",         "connection": {           "connectionReferenceLogicalName": "admin_CoEGovDataverse"         },         "api": {           "name": "shared_commondataserviceforapps"         }       },       "shared_office365": {         "runtimeSource": "embedded",         "connection": {           "connectionReferenceLogicalName": "new_CoEGovO365Outlook"         },         "api": {           "name": "shared_office365"         }       }     },     "definition": {       "$schema": "https://schema.management.azure.com/providers/Microsoft.Logic/schemas/2016-06-01/workflowdefinition.json#",       "contentVersion": "1.0.0.0",       "parameters": {         "$connections": {           "defaultValue": {},           "type": "Object"         },         "$authentication": {           "defaultValue": {},           "type": "SecureObject"         },         "Admin eMail (admin_AdminMail)": {           "defaultValue": "adelev@pplatform.onmicrosoft.com",           "type": "String",           "metadata": {             "schemaName": "admin_AdminMail",             "description": "CoE Admin eMail. Email address used in flows to send notifications to admins; this should be either your email address or a distribution list"           }         },         "ProductionEnvironment (admin_ProductionEnvironment)": {           "defaultValue": true,           "type": "Bool",           "metadata": {             "schemaName": "admin_ProductionEnvironment",             "description": "true by default. set to false if you are creating a dev type envt. this will allow some flows to set target users to the admin instead of object owners"           }         },         "Individual Admin (admin_ApprovalAdmin)": {           "defaultValue": "adelev@pplatform.onmicrosoft.com",           "type": "String",           "metadata": {             "schemaName": "admin_ApprovalAdmin",             "description": "An individual admin's email. Some actions (approvals / team chats) cannot accept a group/DL. So this env variable is for those instances in the kit. "           }         }       },       "triggers": {         "Recurrence": {           "recurrence": {             "frequency": "Week",             "interval": 1,             "schedule": {               "weekDays": [                 "Tuesday"               ],               "hours": [                 "5"               ]             }           },           "metadata": {             "operationMetadataId": "24cd3c07-aafb-440f-9510-ee3eeeef0e10"           },           "type": "Recurrence"         }       },       "actions": {         "Apply_to_each_Teams_Environment": {           "foreach": "@outputs('List_7_day_environments')?['body/value']",           "actions": {             "Check_if_Business_Justification_has_been_provided": {               "actions": {                 "Delete_Environment": {                   "runAfter": {},                   "metadata": {                     "operationMetadataId": "09089d5d-8c24-4ba7-8fcb-b40978236abc"                   },                   "type": "OpenApiConnection",                   "inputs": {                     "host": {                       "connectionName": "shared_powerplatformforadmins_1",                       "operationId": "Remove-AdminEnvironment",                       "apiId": "/providers/Microsoft.PowerApps/apis/shared_powerplatformforadmins"                     },                     "parameters": {                       "environment": "@items('Apply_to_each_Teams_Environment')?['admin_environmentid']",                       "api-version": "2018-10-01"                     },                     "authentication": "@parameters('$authentication')"                   }                 },                 "Deletion_Failed": {                   "runAfter": {                     "Delete_Environment": [                       "Failed"                     ]                   },                   "metadata": {                     "operationMetadataId": "fb25d0c3-4cb9-4f70-b2c1-c151ed3b4e29"                   },                   "type": "Compose",                   "inputs": "Deletion Failed"                 },                 "New_Team_mail_to_Maker": {                   "runAfter": {                     "Update_-_Mark_Environment_as_Deleted": [                       "Succeeded"                     ]                   },                   "metadata": {                     "operationMetadataId": "e76f2441-8996-4bc9-ae80-b946d15a600c"                   },                   "type": "OpenApiConnection",                   "inputs": {                     "host": {                       "connectionName": "shared_teams_1",                       "operationId": "PostUserNotification",                       "apiId": "/providers/Microsoft.PowerApps/apis/shared_teams"                     },                     "parameters": {                       "PostNotificationRequest/recipient/to": "@{if(equals(parameters('ProductionEnvironment (admin_ProductionEnvironment)'), false), parameters('Individual Admin (admin_ApprovalAdmin)'), items('Apply_to_each_Teams_Environment')?['admin_maker/admin_userprincipalname'])};",                       "PostNotificationRequest/messageBody": "Your Microsoft Teams Power Platform environment has been deleted, as you did not provide a business justification or your provided justification has been rejected by the reviewer.  ",                       "PostNotificationRequest/messageTitle": "Your Microsoft Teams environment: @{items('Apply_to_each_Teams_Environment')?['admin_displayname']}"                     },                     "authentication": "@parameters('$authentication')"                   }                 },                 "Update_-_Mark_Environment_as_Deleted": {                   "runAfter": {                     "Deletion_Failed": [                       "Skipped",                       "Succeeded"                     ]                   },                   "metadata": {                     "operationMetadataId": "f3155247-b9a4-46cf-a611-5b10cbd0bcc8"                   },                   "type": "OpenApiConnection",                   "inputs": {                     "host": {                       "connectionName": "shared_commondataserviceforapps",                       "operationId": "UpdateRecord",                       "apiId": "/providers/Microsoft.PowerApps/apis/shared_commondataserviceforapps"                     },                     "parameters": {                       "entityName": "admin_environments",                       "recordId": "@items('Apply_to_each_Teams_Environment')?['admin_environmentid']",                       "item/admin_environmentdeleted": true,                       "item/admin_environmentdeletedon": "@utcNow()"                     },                     "authentication": "@parameters('$authentication')"                   }                 },                 "Append_to_array_variable": {                   "runAfter": {                     "New_Team_mail_to_Maker": [                       "Succeeded"                     ]                   },                   "metadata": {                     "operationMetadataId": "a18beaf0-228b-4717-93aa-b63bf0391dce"                   },                   "type": "AppendToArrayVariable",                   "inputs": {                     "name": "varDeletedEnvs",                     "value": {                       "Name": "@outputs('Update_-_Mark_Environment_as_Deleted')?['body/admin_displayname']",                       "Owner": "@outputs('Update_-_Mark_Environment_as_Deleted')?['body/admin_environmentmakerdisplayname']"                     }                   }                 }               },               "runAfter": {                 "Has_Admin_Rejected": [                   "Succeeded"                 ]               },               "expression": {                 "and": [                   {                     "equals": [                       "@parameters('ProductionEnvironment (admin_ProductionEnvironment)')",                       "@true"                     ]                   },                   {                     "or": [                       {                         "equals": [                           "@empty(items('Apply_to_each_Teams_Environment')?['admin_makerrequirementbusinessjustification'])",                           "@true"                         ]                       },                       {                         "equals": [                           "@items('Apply_to_each_Teams_Environment')?['admin_adminmicrosoftteamsenvironmentstatus']",                           597910001                         ]                       }                     ]                   }                 ]               },               "metadata": {                 "operationMetadataId": "46adf421-0648-4d97-98bd-e7ec31889bfa"               },               "type": "If"             },             "Compose": {               "runAfter": {},               "metadata": {                 "operationMetadataId": "bd04047f-cb53-4327-842d-8c240df8b85c"               },               "type": "Compose",               "inputs": "@items('Apply_to_each_Teams_Environment')"             },             "Has_Admin_Rejected": {               "runAfter": {                 "Is_Business_Justification_Empty": [                   "Succeeded"                 ]               },               "metadata": {                 "operationMetadataId": "9b624b45-78aa-49be-bc8d-6750313cbc7d"               },               "type": "Compose",               "inputs": "@items('Apply_to_each_Teams_Environment')?['admin_adminmicrosoftteamsenvironmentstatus']"             },             "Is_Business_Justification_Empty": {               "runAfter": {                 "Compose": [                   "Succeeded"                 ]               },               "metadata": {                 "operationMetadataId": "9ae5158c-b9f7-480c-8d72-2139de196fd0"               },               "type": "Compose",               "inputs": "@empty(items('Apply_to_each_Teams_Environment')?['admin_makerrequirementbusinessjustification'])"             }           },           "runAfter": {             "List_90_day_environments_": [               "Succeeded"             ]           },           "metadata": {             "operationMetadataId": "35508f36-081c-4d20-bbff-bd46addc89ec"           },           "type": "Foreach"         },         "Apply_to_each_Teams_Environment_-_90_days": {           "foreach": "@outputs('List_90_day_environments_')?['body/value']",           "actions": {             "Check_if_inactivity_after_90_days_2": {               "actions": {                 "Delete_Environment_4": {                   "runAfter": {},                   "metadata": {                     "operationMetadataId": "992b3fa6-8802-4858-a78c-3f601301a0d2"                   },                   "type": "OpenApiConnection",                   "inputs": {                     "host": {                       "connectionName": "shared_powerplatformforadmins_1",                       "operationId": "Remove-AdminEnvironment",                       "apiId": "/providers/Microsoft.PowerApps/apis/shared_powerplatformforadmins"                     },                     "parameters": {                       "environment": "@items('Apply_to_each_Teams_Environment_-_90_days')?['admin_environmentid']",                       "api-version": "2018-10-01"                     },                     "authentication": "@parameters('$authentication')"                   }                 },                 "Deletion_Failed_90_days": {                   "runAfter": {                     "Delete_Environment_4": [                       "Failed"                     ]                   },                   "metadata": {                     "operationMetadataId": "858ece90-fc25-4803-99d9-75e8173e86f9"                   },                   "type": "Compose",                   "inputs": "Delete Failed"                 },                 "Inactive_Team_mail_to_Maker": {                   "runAfter": {                     "Update_-_Mark_Environment_as_Deleted_4": [                       "Succeeded"                     ]                   },                   "metadata": {                     "operationMetadataId": "bdf7bec3-5fc3-44b0-915f-fe0bd02d7203"                   },                   "type": "OpenApiConnection",                   "inputs": {                     "host": {                       "connectionName": "shared_teams_1",                       "operationId": "PostUserNotification",                       "apiId": "/providers/Microsoft.PowerApps/apis/shared_teams"                     },                     "parameters": {                       "PostNotificationRequest/recipient/to": "@{if(equals(parameters('ProductionEnvironment (admin_ProductionEnvironment)'), false), parameters('Individual Admin (admin_ApprovalAdmin)'), items('Apply_to_each_Teams_Environment_-_90_days')?['admin_maker/admin_userprincipalname'])};",                       "PostNotificationRequest/messageBody": "Your Microsoft Teams Power Platform environment has been deleted due to 90 days of inactivity.",                       "PostNotificationRequest/messageTitle": "Your Microsoft Teams environment: @{items('Apply_to_each_Teams_Environment_-_90_days')?['admin_displayname']}"                     },                     "authentication": "@parameters('$authentication')"                   }                 },                 "Update_-_Mark_Environment_as_Deleted_4": {                   "runAfter": {                     "Deletion_Failed_90_days": [                       "Skipped",                       "Succeeded"                     ]                   },                   "metadata": {                     "operationMetadataId": "f5f77522-3d90-41a3-9bfb-3730c15b0939"                   },                   "type": "OpenApiConnection",                   "inputs": {                     "host": {                       "connectionName": "shared_commondataserviceforapps",                       "operationId": "UpdateRecord",                       "apiId": "/providers/Microsoft.PowerApps/apis/shared_commondataserviceforapps"                     },                     "parameters": {                       "entityName": "admin_environments",                       "recordId": "@items('Apply_to_each_Teams_Environment_-_90_days')?['admin_environmentid']",                       "item/admin_environmentdeleted": true,                       "item/admin_environmentdeletedon": "@utcNow()"                     },                     "authentication": "@parameters('$authentication')"                   }                 },                 "Append_to_array_variable_2": {                   "runAfter": {                     "Inactive_Team_mail_to_Maker": [                       "Succeeded"                     ]                   },                   "metadata": {                     "operationMetadataId": "0eef9982-2cd4-4b07-ab88-d02244e34e62"                   },                   "type": "AppendToArrayVariable",                   "inputs": {                     "name": "varDeletedEnvs",                     "value": {                       "Name": "@outputs('Update_-_Mark_Environment_as_Deleted_4')?['body/admin_displayname']",                       "Owner": "@outputs('Update_-_Mark_Environment_as_Deleted_4')?['body/admin_environmentmakerdisplayname']"                     }                   }                 }               },               "runAfter": {                 "Compose_2": [                   "Succeeded"                 ]               },               "expression": {                 "and": [                   {                     "equals": [                       "@parameters('ProductionEnvironment (admin_ProductionEnvironment)')",                       "@true"                     ]                   },                   {                     "equals": [                       "@items('Apply_to_each_Teams_Environment_-_90_days')?['admin_numberofapps']",                       0                     ]                   },                   {                     "equals": [                       "@items('Apply_to_each_Teams_Environment_-_90_days')?['admin_numberofflows']",                       0                     ]                   }                 ]               },               "metadata": {                 "operationMetadataId": "05fe8860-c6f0-41df-b2ce-790f166a0df4"               },               "type": "If"             },             "Compose_2": {               "runAfter": {},               "metadata": {                 "operationMetadataId": "f684f5e8-9ea7-416c-8ee5-678e29caed16"               },               "type": "Compose",               "inputs": "@items('Apply_to_each_Teams_Environment_-_90_days')"             }           },           "runAfter": {             "List_90_day_environments_": [               "Succeeded"             ]           },           "metadata": {             "operationMetadataId": "d5afb54f-6209-4f07-af96-d4d2ecdd0d78"           },           "type": "Foreach"         },         "Create_New_Envs_-_HTML_table": {           "runAfter": {             "List_environments_coming_up_for_review": [               "Succeeded"             ]           },           "metadata": {             "operationMetadataId": "1d7bc8e9-44a3-480b-beb9-5546b8f3f9cb"           },           "type": "Table",           "inputs": {             "from": "@outputs('List_new_Teams_environments')?['body/value']",             "format": "HTML",             "columns": [               {                 "header": "Name",                 "value": "@item()?['admin_displayname']"               },               {                 "header": "Owner",                 "value": "@item()?['admin_environmentmakerdisplayname']"               },               {                 "header": "Justification",                 "value": "@item()?['admin_makerrequirementbusinessjustification']"               }             ]           }         },         "Create_Review_Envs_-_HTML_table": {           "runAfter": {             "Create_New_Envs_-_HTML_table": [               "Succeeded"             ]           },           "metadata": {             "operationMetadataId": "89a6c030-17fe-47be-9155-ee3de00d6160"           },           "type": "Table",           "inputs": {             "from": "@outputs('List_environments_coming_up_for_review')?['body/value']",             "format": "HTML",             "columns": [               {                 "header": "Name",                 "value": "@item()?['admin_displayname']"               },               {                 "header": "Owner",                 "value": "@item()?['admin_environmentmakerdisplayname']"               },               {                 "header": "Justification",                 "value": "@item()?['admin_makerrequirementbusinessjustification']"               },               {                 "header": "Review",                 "value": "@item()?['admin_adminreviewon']"               }             ]           }         },         "Get_7_days_in_the_past": {           "runAfter": {             "Get_90_days_in_the_past": [               "Succeeded"             ]           },           "metadata": {             "operationMetadataId": "b86d9231-b397-4603-8b74-f37765222bfa"           },           "type": "Expression",           "kind": "GetPastTime",           "inputs": {             "interval": 7,             "timeUnit": "Day"           },           "description": "Environments with no business justification provided or where the business justification has been rejected by the admin will be cleaned up after 7 days."         },         "Get_90_days_in_the_past": {           "runAfter": {},           "metadata": {             "operationMetadataId": "ddd5fc5c-dfac-4825-9c91-669df9643a72"           },           "type": "Expression",           "kind": "GetPastTime",           "inputs": {             "interval": 90,             "timeUnit": "Day"           },           "description": "Environments with no apps or flows will be cleaned up after 90 days of inactivity."         },         "Initialize_variable": {           "runAfter": {             "Get_7_days_in_the_past": [               "Succeeded"             ]           },           "metadata": {             "operationMetadataId": "85a0aeec-c599-45c4-ade3-579d0f95ca85"           },           "type": "InitializeVariable",           "inputs": {             "variables": [               {                 "name": "adminEmail",                 "type": "string",                 "value": "@parameters('Admin eMail (admin_AdminMail)')"               }             ]           }         },         "List_7_day_environments": {           "runAfter": {             "Initialize_variable_2": [               "Succeeded"             ]           },           "metadata": {             "operationMetadataId": "d8189d33-ebfb-4cb3-83c2-72308ed5db3e"           },           "type": "OpenApiConnection",           "inputs": {             "host": {               "connectionName": "shared_commondataserviceforapps",               "operationId": "ListRecords",               "apiId": "/providers/Microsoft.PowerApps/apis/shared_commondataserviceforapps"             },             "parameters": {               "entityName": "admin_environments",               "$select": "admin_environmentdeleted,admin_makerrequirementbusinessjustification,admin_environmentcreatedon,admin_adminmicrosoftteamsenvironmentstatus,admin_numberofapps,admin_numberofflows,admin_displayname,admin_environmentmakerdisplayname",               "$filter": "admin_environmentsku eq 'Teams' and admin_environmentdeleted eq false and admin_businessjustificationdate le @{body('Get_7_days_in_the_past')} and  admin_businessjustificationdate ne null and admin_adminmicrosoftteamsenvironmentstatus ne 597910000",               "$expand": "admin_Maker($select=admin_userisserviceprinciple,admin_userprincipalname)"             },             "authentication": "@parameters('$authentication')"           }         },         "List_90_day_environments_": {           "runAfter": {             "List_7_day_environments": [               "Succeeded"             ]           },           "metadata": {             "operationMetadataId": "456ba7ff-b465-4b2b-ac48-7901e7237c40"           },           "type": "OpenApiConnection",           "inputs": {             "host": {               "connectionName": "shared_commondataserviceforapps",               "operationId": "ListRecords",               "apiId": "/providers/Microsoft.PowerApps/apis/shared_commondataserviceforapps"             },             "parameters": {               "entityName": "admin_environments",               "$select": "admin_environmentdeleted,admin_makerrequirementbusinessjustification,admin_environmentcreatedon,admin_adminmicrosoftteamsenvironmentstatus,admin_numberofapps,admin_numberofflows,admin_displayname,admin_environmentmakerdisplayname",               "$filter": "admin_environmentsku eq 'Teams' and admin_environmentdeleted eq false and  admin_environmentcreatedon le @{body('Get_90_days_in_the_past')} and admin_excusefromemptyenvironmentcleanup ne true",               "$expand": "admin_Maker($select=admin_userisserviceprinciple,admin_userprincipalname)"             },             "authentication": "@parameters('$authentication')"           }         },         "List_environments_coming_up_for_review": {           "runAfter": {             "List_new_Teams_environments": [               "Succeeded"             ]           },           "metadata": {             "operationMetadataId": "edca37c4-ac3b-465b-875e-70e46240e574"           },           "type": "OpenApiConnection",           "inputs": {             "host": {               "connectionName": "shared_commondataserviceforapps",               "operationId": "ListRecords",               "apiId": "/providers/Microsoft.PowerApps/apis/shared_commondataserviceforapps"             },             "parameters": {               "entityName": "admin_environments",               "$select": "admin_environmentdeleted,admin_makerrequirementbusinessjustification,admin_environmentcreatedon,admin_adminmicrosoftteamsenvironmentstatus,admin_numberofapps,admin_numberofflows,admin_displayname,admin_environmentmakerdisplayname,admin_adminreviewon",               "$filter": "admin_environmentsku eq 'Teams' and admin_environmentdeleted eq false and  admin_adminreviewon gt @{utcNow()}  and admin_adminreviewon lt  @{addDays(utcNow(), 7)}"             },             "authentication": "@parameters('$authentication')"           }         },         "List_new_Teams_environments": {           "runAfter": {             "Apply_to_each_Teams_Environment": [               "Succeeded"             ],             "Apply_to_each_Teams_Environment_-_90_days": [               "Succeeded"             ]           },           "metadata": {             "operationMetadataId": "5ffaf641-eadd-4f96-943f-015e066e351e"           },           "type": "OpenApiConnection",           "inputs": {             "host": {               "connectionName": "shared_commondataserviceforapps",               "operationId": "ListRecords",               "apiId": "/providers/Microsoft.PowerApps/apis/shared_commondataserviceforapps"             },             "parameters": {               "entityName": "admin_environments",               "$select": "admin_environmentdeleted,admin_makerrequirementbusinessjustification,admin_environmentcreatedon,admin_adminmicrosoftteamsenvironmentstatus,admin_numberofapps,admin_numberofflows,admin_displayname,admin_environmentmakerdisplayname",               "$filter": "admin_environmentsku eq 'Teams' and admin_environmentdeleted eq false and  admin_environmentcreatedon gt @{body('Get_7_days_in_the_past')}"             },             "authentication": "@parameters('$authentication')"           }         },         "Send_mail_if_either_array_non-empty": {           "actions": {             "Summary_mail_to_Admins": {               "runAfter": {},               "metadata": {                 "operationMetadataId": "945318e8-94ab-40fa-a9bd-622fd278bdf2"               },               "type": "OpenApiConnection",               "inputs": {                 "host": {                   "connectionName": "shared_office365",                   "operationId": "SendEmailV2",                   "apiId": "/providers/Microsoft.PowerApps/apis/shared_office365"                 },                 "parameters": {                   "emailMessage/To": "@variables('adminEmail')",                   "emailMessage/Subject": "Microsoft Teams Environment Creation and Deletion review",                   "emailMessage/Body": "<p>In the past 7 days, the following Microsoft Teams environments have been created and require review - please open the Power Platform Admin View and approve/reject the business justification of these environments.<br>\n<br>\n@{body('Create_New_Envs_-_HTML_table')}<br>\n<br>\nIn the next 7 days, the following Microsoft Teams environments are coming up for review:<br>\n<br>\n@{body('Create_Review_Envs_-_HTML_table')}<br>\n<br>\nThe following Microsoft Teams environments have been deleted today:<br>\n@{body('Create_Deleted_Envs_-_HTML_table')}<br>\n<br>\nDeleted environments can be restored for 7 days via: <a href=\"https://admin.powerplatform.microsoft.com/environments/deleted\">https://admin.powerplatform.microsoft.com/environments/deleted</a>&nbsp;</p>"                 },                 "authentication": "@parameters('$authentication')"               }             }           },           "runAfter": {             "Create_Deleted_Envs_-_HTML_table": [               "Succeeded"             ]           },           "expression": {             "or": [               {                 "greater": [                   "@length(outputs('List_environments_coming_up_for_review')?['body/value'])",                   0                 ]               },               {                 "greater": [                   "@length(outputs('List_new_Teams_environments')?['body/value'])",                   0                 ]               },               {                 "greater": [                   "@length(variables('varDeletedEnvs'))",                   0                 ]               }             ]           },           "metadata": {             "operationMetadataId": "58e0abe5-da4c-4888-8390-b0afb6043d0d"           },           "type": "If"         },         "Initialize_variable_2": {           "runAfter": {             "Initialize_variable": [               "Succeeded"             ]           },           "metadata": {             "operationMetadataId": "d2735b0b-d9ea-4995-b2b0-5b73e485b219"           },           "type": "InitializeVariable",           "inputs": {             "variables": [               {                 "name": "varDeletedEnvs",                 "type": "array"               }             ]           }         },         "Create_Deleted_Envs_-_HTML_table": {           "runAfter": {             "Create_Review_Envs_-_HTML_table": [               "Succeeded"             ]           },           "metadata": {             "operationMetadataId": "7ea414a8-5143-4d7d-ac51-b0ddb5a8b063"           },           "type": "Table",           "inputs": {             "from": "@variables('varDeletedEnvs')",             "format": "HTML"           }         }       },       "outputs": {}     }   },   "schemaVersion": "1.0.0.0" }
