{   "properties": {     "connectionReferences": {       "shared_commondataserviceforapps": {         "runtimeSource": "embedded",         "connection": {           "connectionReferenceLogicalName": "admin_CoEGovDataverse"         },         "api": {           "name": "shared_commondataserviceforapps"         }       },       "shared_office365": {         "runtimeSource": "embedded",         "connection": {           "connectionReferenceLogicalName": "new_CoEGovO365Outlook"         },         "api": {           "name": "shared_office365"         }       }     },     "definition": {       "$schema": "https://schema.management.azure.com/providers/Microsoft.Logic/schemas/2016-06-01/workflowdefinition.json#",       "contentVersion": "1.0.0.0",       "parameters": {         "$connections": {           "defaultValue": {},           "type": "Object"         },         "$authentication": {           "defaultValue": {},           "type": "SecureObject"         },         "eMail Body Start (admin_eMailBodyStart)": {           "defaultValue": "<body>     <div id='content'>         <table id='form'>             <tr>                 <td><img id='logo' src='https://upload.wikimedia.org/wikipedia/commons/thumb/9/96/Microsoft_logo_%282012%29.svg/1280px-Microsoft_logo_%282012%29.svg.png' width='300px'></td>             </tr>             <tr>                 <td>                     <p id='header'>Power Platform</p>                 </td>             </tr>             <tr id='ribbon'>                 <td>                     <tr>                         <td></td>                     </tr>                     <tr id='message'>                         <td>",           "type": "String",           "metadata": {             "schemaName": "admin_eMailBodyStart",             "description": "Starter HTML format for eMails"           }         },         "Admin eMail (admin_AdminMail)": {           "defaultValue": "adelev@pplatform.onmicrosoft.com",           "type": "String",           "metadata": {             "schemaName": "admin_AdminMail",             "description": "CoE Admin eMail. Email address used in flows to send notifications to admins; this should be either your email address or a distribution list"           }         },         "ProductionEnvironment (admin_ProductionEnvironment)": {           "defaultValue": true,           "type": "Bool",           "metadata": {             "schemaName": "admin_ProductionEnvironment",             "description": "true by default. set to false if you are creating a dev type envt. this will allow some flows to set target users to the admin instead of object owners"           }         },         "eMail Body Stop (admin_eMailBodyStop)": {           "defaultValue": "</td>                     </tr>         </table>     </div> </body>",           "type": "String",           "metadata": {             "schemaName": "admin_eMailBodyStop",             "description": "Ending HTML format for eMails"           }         },         "eMail Header Style (admin_eMailHeaderStyle)": {           "defaultValue": "<head>     <style>         body {             background-color: #efefef;             font-family: Segoe UI;             text-align: center;         }          #content {             border: 1px solid #742774;             background-color: #ffffff;             width: 650px;             margin-bottom: 50px;             display: inline-block;         }          #logo {             margin-left: 52px;             margin-top: 40px;             width: 60px;             height: 12px;         }          #header {             font-size: 24px;             margin-left: 50px;             margin-top: 20px;             margin-bottom: 20px;         }          #ribbon {             background-color: #742774;         }          #ribbonContent {             font-size: 20px;             padding-left: 30px;             padding-top: 10px;             padding-bottom: 20px;             color: white;             width: 100%;             padding-right: 10px;         }          #message>td {             font-size: 14px;             padding-left: 60px;             padding-right: 60px;             padding-top: 20px;             padding-bottom: 40px;         }          #footer>td {             font-size: 12px;             background-color: #cfcfcf;             height: 40px;             padding-top: 15px;             padding-left: 40px;             padding-bottom: 20px;         }          #form {             width: 100%;             border-collapse: collapse;         }          #app {             width: 60%;             font-size: 12px;         }          .label {             color: #5f5f5f         }          table {             border-collapse: collapse;             width: 100%;         }          th,         td {             padding: 8px;             text-align: left;             border-bottom: 1px solid #ddd;         }     </style> </head>",           "type": "String",           "metadata": {             "schemaName": "admin_eMailHeaderStyle",             "description": "CSS/Style used for eMails"           }         }       },       "triggers": {         "Recurrence": {           "recurrence": {             "frequency": "Day",             "interval": 1           },           "metadata": {             "operationMetadataId": "5b6625f4-7460-4f5f-acb3-2cb8cd5a6cfc"           },           "type": "Recurrence"         }       },       "actions": {         "List_environments_with_business_justification_requested": {           "runAfter": {             "Why_the_flow_isnt_proofed_out": [               "Succeeded"             ]           },           "metadata": {             "operationMetadataId": "f2bcbbd4-209a-4e5c-94a4-5922444c1822"           },           "type": "OpenApiConnection",           "inputs": {             "host": {               "connectionName": "shared_commondataserviceforapps",               "operationId": "ListRecords",               "apiId": "/providers/Microsoft.PowerApps/apis/shared_commondataserviceforapps"             },             "parameters": {               "entityName": "admin_environments",               "$select": "admin_environmentcreatedon, admin_displayname, admin_environmentmakerdisplayname, _admin_maker_value",               "$filter": "admin_environmentsku eq 'Teams' and admin_environmentdeleted eq false and admin_businessjustificationdate ne null  and admin_makerrequirementbusinessjustification eq null and admin_adminmicrosoftteamsenvironmentstatus ne 597910000",               "$expand": "admin_Maker($select=admin_userprincipalname)"             },             "authentication": "@parameters('$authentication')"           },           "runtimeConfiguration": {             "paginationPolicy": {               "minimumItemCount": 100000             }           }         },         "Why_the_flow_isnt_proofed_out": {           "runAfter": {},           "metadata": {             "operationMetadataId": "f4992922-053b-4de7-924b-f00983ab8ccd"           },           "type": "Compose",           "inputs": "not doing assignee proofing as we will convert Governance to use proofing helper flows soon. And we can assume that the teams creator still exists as they created the D4T recently"         },         "Apply_to_each_envt": {           "foreach": "@outputs('List_environments_with_business_justification_requested')?['body/value']",           "actions": {             "Check_If_Prod_for_To": {               "runAfter": {},               "metadata": {                 "operationMetadataId": "f91e754e-0c76-48f0-a139-645f9caca77a"               },               "type": "Compose",               "inputs": "@if(equals(parameters('ProductionEnvironment (admin_ProductionEnvironment)'), true), items('Apply_to_each_envt')?['admin_maker/admin_userprincipalname'], parameters('Admin eMail (admin_AdminMail)'))"             },             "Send_an_email_(V2)_2": {               "runAfter": {                 "Check_If_Prod_for_To": [                   "Succeeded"                 ]               },               "metadata": {                 "operationMetadataId": "2eb23426-2028-4883-aae9-ad9c7c17ea59"               },               "type": "OpenApiConnection",               "inputs": {                 "host": {                   "connectionName": "shared_office365",                   "operationId": "SendEmailV2",                   "apiId": "/providers/Microsoft.PowerApps/apis/shared_office365"                 },                 "parameters": {                   "emailMessage/To": "@outputs('Check_If_Prod_for_To')",                   "emailMessage/Subject": "Provide Business Justification for your Dataverse for Teams Envt: @{items('Apply_to_each_envt')?['admin_displayname']}",                   "emailMessage/Body": "@{parameters('eMail Header Style (admin_eMailHeaderStyle)')}\n@{parameters('eMail Body Start (admin_eMailBodyStart)')}\n<p>Your admin has requested you provide business justification for your Dataverse for Teams environment.&nbsp;<br>\nIf you do not do this, then your Dataverse for Teams environment will likely be deleted in a few days. <br>\nTo provide this justification, go to your teams chat and look for the conversation with the flow bot. <br>\nIf you do not see the teams chat then ensure you have <a href=\"https://powerautomate.microsoft.com/en-us/blog/microsoft-flow-in-microsoft-teams/\">turned on flow integration</a> and that you have not <a href=\"https://powerautomate.microsoft.com/en-us/blog/microsoft-flow-in-microsoft-teams/\">muted or hidden the bot</a> <a href=\"https://support.microsoft.com/en-us/office/hide-unhide-mute-or-pin-a-chat-in-teams-9aee02ef-713d-495b-8a73-9762d8e4b066\"></a>.&nbsp;</p>\n@{parameters('eMail Body Stop (admin_eMailBodyStop)')}"                 },                 "authentication": "@parameters('$authentication')"               }             }           },           "runAfter": {             "List_environments_with_business_justification_requested": [               "Succeeded"             ]           },           "metadata": {             "operationMetadataId": "dbb2ca01-25c7-44f7-906f-34e18961b3f3"           },           "type": "Foreach"         }       },       "outputs": {}     }   },   "schemaVersion": "1.0.0.0" }
