<environmentvariabledefinition schemaname="admin_PowerAppPlayerEnvironmentVariable">
  <description default="The player URL used by PowerApps for your cloud. Ex https://apps.powerapps.com/">
    <label description="The player URL used by PowerApps for your cloud. Ex https://apps.powerapps.com/" languagecode="1033" />
  </description>
  <displayname default="PowerApp Player Environment Variable">
    <label description="PowerApp Player Environment Variable" languagecode="1033" />
  </displayname>
  <introducedversion>2.3</introducedversion>
  <iscustomizable>1</iscustomizable>
  <isrequired>0</isrequired>
  <type>100000000</type>
</environmentvariabledefinition>