<environmentvariabledefinition schemaname="admin_CommandCenterClientAzureSecret">
  <description default="AZURE VERSION of the Client Secret for the app registered to fetch M365 Service Messages">
    <label description="AZURE VERSION of the Client Secret for the app registered to fetch M365 Service Messages" languagecode="1033" />
  </description>
  <displayname default="Command Center - Client Azure Secret">
    <label description="Command Center - Client Azure Secret" languagecode="1033" />
  </displayname>
  <introducedversion>3.20.8</introducedversion>
  <iscustomizable>1</iscustomizable>
  <isrequired>0</isrequired>
  <secretstore>0</secretstore>
  <type>100000005</type>
</environmentvariabledefinition>