{   "properties": {     "connectionReferences": {       "shared_rss": {         "runtimeSource": "embedded",         "connection": {           "connectionReferenceLogicalName": "new_CoENurtureRSS"         },         "api": {           "name": "shared_rss"         }       },       "shared_office365": {         "runtimeSource": "embedded",         "connection": {           "connectionReferenceLogicalName": "new_CoENurtureO365Outlook"         },         "api": {           "name": "shared_office365"         }       }     },     "definition": {       "$schema": "https://schema.management.azure.com/providers/Microsoft.Logic/schemas/2016-06-01/workflowdefinition.json#",       "contentVersion": "1.0.0.0",       "parameters": {         "$connections": {           "defaultValue": {},           "type": "Object"         },         "$authentication": {           "defaultValue": {},           "type": "SecureObject"         },         "Admin eMail (admin_AdminMail)": {           "defaultValue": "adelev@pplatform.onmicrosoft.com",           "type": "String",           "metadata": {             "schemaName": "admin_AdminMail",             "description": "CoE Admin eMail. Email address used in flows to send notifications to admins; this should be either your email address or a distribution list"           }         },         "eMail Header Style (admin_eMailHeaderStyle)": {           "defaultValue": "<head>     <style>         body {             background-color: #efefef;             font-family: Segoe UI;             text-align: center;         }          #content {             border: 1px solid #742774;             background-color: #ffffff;             width: 650px;             margin-bottom: 50px;             display: inline-block;         }          #logo {             margin-left: 52px;             margin-top: 40px;             width: 60px;             height: 12px;         }          #header {             font-size: 24px;             margin-left: 50px;             margin-top: 20px;             margin-bottom: 20px;         }          #ribbon {             background-color: #742774;         }          #ribbonContent {             font-size: 20px;             padding-left: 30px;             padding-top: 10px;             padding-bottom: 20px;             color: white;             width: 100%;             padding-right: 10px;         }          #message>td {             font-size: 14px;             padding-left: 60px;             padding-right: 60px;             padding-top: 20px;             padding-bottom: 40px;         }          #footer>td {             font-size: 12px;             background-color: #cfcfcf;             height: 40px;             padding-top: 15px;             padding-left: 40px;             padding-bottom: 20px;         }          #form {             width: 100%;             border-collapse: collapse;         }          #app {             width: 60%;             font-size: 12px;         }          .label {             color: #5f5f5f         }          table {             border-collapse: collapse;             width: 100%;         }          th,         td {             padding: 8px;             text-align: left;             border-bottom: 1px solid #ddd;         }     </style> </head>",           "type": "String",           "metadata": {             "schemaName": "admin_eMailHeaderStyle",             "description": "CSS/Style used for eMails"           }         }       },       "triggers": {         "Recurrence": {           "recurrence": {             "frequency": "Week",             "interval": 1,             "startTime": "2019-10-03T09:00:00Z",             "schedule": {               "weekDays": [                 "Monday"               ]             }           },           "metadata": {             "operationMetadataId": "222f3af5-b742-41ed-8797-4f4fa4264f14"           },           "type": "Recurrence"         }       },       "actions": {         "Apply_to_each_Flow_Blog_post": {           "foreach": "@body('List_Flow_Blog_RSS_feed_items')",           "actions": {             "Add_Flow_Blog_post_to_array": {               "runAfter": {},               "metadata": {                 "operationMetadataId": "8aca39fd-08ae-4ac4-998d-d3e6bef7c4a3"               },               "type": "AppendToArrayVariable",               "inputs": {                 "name": "blogContent",                 "value": {                   "Summary": "@items('Apply_to_each_Flow_Blog_post')?['summary']",                   "Title": "@concat('<a href=\"', item()?['primaryLink'], '\">', item()['title'], '</a>')"                 }               }             }           },           "runAfter": {             "Apply_to_each_PowerApps_Blog_post": [               "Succeeded"             ]           },           "metadata": {             "operationMetadataId": "2c053158-4b41-4443-a505-abea0b07885c"           },           "type": "Foreach"         },         "Apply_to_each_PowerApps_Blog_post": {           "foreach": "@body('List_PowerApps_Blog_RSS_feed_items')",           "actions": {             "Add_PowerApps_Blog_post_to_array": {               "runAfter": {},               "metadata": {                 "operationMetadataId": "8407915f-1c84-4715-ba00-d7d725394931"               },               "type": "AppendToArrayVariable",               "inputs": {                 "name": "blogContent",                 "value": {                   "Summary": "@items('Apply_to_each_PowerApps_Blog_post')?['summary']",                   "Title": "@concat('<a href=\"', item()?['primaryLink'], '\">', item()['title'], '</a>')"                 }               }             }           },           "runAfter": {             "List_Power_Virtual_Agent_RSS_feed_items": [               "Succeeded"             ]           },           "metadata": {             "operationMetadataId": "26bb07d9-37f5-4eff-b3cb-bad8891789dd"           },           "type": "Foreach"         },         "Apply_to_each_PowerApps_Community_Blog_Post": {           "foreach": "@body('List_PowerApps_Community_Blog_RSS_feed_items')",           "actions": {             "Add_PowerApps_Community_Blog_post_to_array": {               "runAfter": {},               "metadata": {                 "operationMetadataId": "0ed14fa5-910a-43ca-a4c7-290092e712ab"               },               "type": "AppendToArrayVariable",               "inputs": {                 "name": "blogContent",                 "value": {                   "summary": "@items('Apply_to_each_PowerApps_Community_Blog_Post')?['summary']",                   "title": "@concat('<a href=\"', item()?['primaryLink'], '\">', item()['title'], '</a>')"                 }               }             }           },           "runAfter": {             "Apply_to_each_Flow_Blog_post": [               "Succeeded"             ]           },           "metadata": {             "operationMetadataId": "5c0775e9-961b-4010-8214-6ffcf5111cbd"           },           "type": "Foreach"         },         "Apply_to_each_Power_BI_Blog_Post": {           "foreach": "@body('List_Power_BI_RSS_feed_items')",           "actions": {             "Add_Power_BI_Blog_post_to_array": {               "runAfter": {},               "metadata": {                 "operationMetadataId": "3367eca2-535d-474f-a969-ccf19b5ba15f"               },               "type": "AppendToArrayVariable",               "inputs": {                 "name": "blogContent",                 "value": {                   "summary": "@items('Apply_to_each_Power_BI_Blog_Post')?['summary']",                   "title": "@concat('<a href=\"', item()?['primaryLink'], '\">', item()['title'], '</a>')"                 }               }             }           },           "runAfter": {             "Apply_to_each_PowerApps_Community_Blog_Post": [               "Succeeded"             ]           },           "metadata": {             "operationMetadataId": "c486407f-4712-4b01-b329-457f2cb3f68d"           },           "type": "Foreach"         },         "Apply_to_each_Power_Virtual_Agent_Blog_Post": {           "foreach": "@body('List_Power_Virtual_Agent_RSS_feed_items')",           "actions": {             "Add_Power_Virtual_Agent_Blog_post_to_array": {               "runAfter": {},               "metadata": {                 "operationMetadataId": "f46005dd-2a24-4d27-bbfa-578a29e93fce"               },               "type": "AppendToArrayVariable",               "inputs": {                 "name": "blogContent",                 "value": {                   "summary": "@items('Apply_to_each_Power_Virtual_Agent_Blog_Post')?['summary']",                   "title": "@concat('<a href=\"', item()?['primaryLink'], '\">', item()['title'], '</a>')"                 }               }             }           },           "runAfter": {             "Apply_to_each_Power_BI_Blog_Post": [               "Succeeded"             ]           },           "metadata": {             "operationMetadataId": "3b9cd109-2064-49a1-b45a-63a734c3df4e"           },           "type": "Foreach"         },         "Compose_Blog_HTML_Table": {           "runAfter": {             "Create_Blog_HTML_table": [               "Succeeded"             ]           },           "metadata": {             "operationMetadataId": "cc272c8f-1149-4d2f-b514-0db3e2f660e9"           },           "type": "Compose",           "inputs": "@replace(replace(replace(body('Create_Blog_HTML_table'), '&lt;', '<'), '&gt;', '>'), '&quot;', '\"')"         },         "Create_Blog_HTML_table": {           "runAfter": {             "Apply_to_each_Power_Virtual_Agent_Blog_Post": [               "Succeeded"             ]           },           "metadata": {             "operationMetadataId": "e0ae4972-cb75-48a1-899c-c2bd09cb6212"           },           "type": "Table",           "inputs": {             "from": "@variables('blogContent')",             "format": "HTML"           }         },         "Get_Date_7_days_ago": {           "runAfter": {},           "metadata": {             "operationMetadataId": "ed5deb3f-03bb-4ad2-8393-d93377550908"           },           "type": "Expression",           "kind": "SubtractFromTime",           "inputs": {             "baseTime": "@{utcNow()}",             "interval": 7,             "timeUnit": "Day"           }         },         "Initialize_Admin_eMail_variable": {           "runAfter": {             "Initialize_Blog_Content_Array": [               "Succeeded"             ]           },           "metadata": {             "operationMetadataId": "12f48662-0df9-4571-aa2f-4b8e9ed100db"           },           "type": "InitializeVariable",           "inputs": {             "variables": [               {                 "name": "adminMail",                 "type": "String",                 "value": "@parameters('Admin eMail (admin_AdminMail)')"               }             ]           },           "description": "Environment location specific Flow URL"         },         "Initialize_Blog_Content_Array": {           "runAfter": {             "Get_Date_7_days_ago": [               "Succeeded"             ]           },           "metadata": {             "operationMetadataId": "074763bf-7747-40b0-b485-506e4c660d83"           },           "type": "InitializeVariable",           "inputs": {             "variables": [               {                 "name": "blogContent",                 "type": "Array"               }             ]           }         },         "Initialize_htmlHeader_(style)": {           "runAfter": {             "Initialize_Admin_eMail_variable": [               "Succeeded"             ]           },           "metadata": {             "operationMetadataId": "4a78bff2-d77b-44fc-a5e2-e86e4de8883c"           },           "type": "InitializeVariable",           "inputs": {             "variables": [               {                 "name": "htmlHeader",                 "type": "String",                 "value": "@parameters('eMail Header Style (admin_eMailHeaderStyle)')"               }             ]           }         },         "List_Flow_Blog_RSS_feed_items": {           "runAfter": {             "List_PowerApps_Community_Blog_RSS_feed_items": [               "Succeeded"             ]           },           "metadata": {             "flowSystemMetadata": {               "swaggerOperationId": "ListFeedItems"             },             "operationMetadataId": "79f08b44-3bf8-46aa-94ae-d0e9a05a5164"           },           "type": "ApiConnection",           "inputs": {             "host": {               "connection": {                 "name": "@parameters('$connections')['shared_rss']['connectionId']"               }             },             "method": "get",             "path": "/ListFeedItems",             "queries": {               "feedUrl": "https://flow.microsoft.com/en-us/blog/feed/",               "since": "@body('Get_Date_7_days_ago')"             },             "authentication": "@parameters('$authentication')"           }         },         "List_PowerApps_Blog_RSS_feed_items": {           "runAfter": {             "Initialize_htmlHeader_(style)": [               "Succeeded"             ]           },           "metadata": {             "flowSystemMetadata": {               "swaggerOperationId": "ListFeedItems"             },             "operationMetadataId": "e561cc2d-d19c-4571-b715-f415ce404f5c"           },           "type": "ApiConnection",           "inputs": {             "host": {               "connection": {                 "name": "@parameters('$connections')['shared_rss']['connectionId']"               }             },             "method": "get",             "path": "/ListFeedItems",             "queries": {               "feedUrl": "https://powerapps.microsoft.com/en-us/blog/feed/",               "since": "@body('Get_Date_7_days_ago')"             },             "authentication": "@parameters('$authentication')"           }         },         "List_PowerApps_Community_Blog_RSS_feed_items": {           "runAfter": {             "List_PowerApps_Blog_RSS_feed_items": [               "Succeeded"             ]           },           "metadata": {             "flowSystemMetadata": {               "swaggerOperationId": "ListFeedItems"             },             "operationMetadataId": "20f7d2b1-4487-4a82-a286-283f242d1ca7"           },           "type": "ApiConnection",           "inputs": {             "host": {               "connection": {                 "name": "@parameters('$connections')['shared_rss']['connectionId']"               }             },             "method": "get",             "path": "/ListFeedItems",             "queries": {               "feedUrl": "https://powerusers.microsoft.com/jgvjg48436/rss/board?board.id=PowerAppsBlog",               "since": "@body('Get_Date_7_days_ago')"             },             "authentication": "@parameters('$authentication')"           }         },         "List_Power_BI_RSS_feed_items": {           "runAfter": {             "List_Flow_Blog_RSS_feed_items": [               "Succeeded"             ]           },           "metadata": {             "flowSystemMetadata": {               "swaggerOperationId": "ListFeedItems"             },             "operationMetadataId": "476766ee-86c0-4357-9b26-66a92acbf5bd"           },           "type": "ApiConnection",           "inputs": {             "host": {               "connection": {                 "name": "@parameters('$connections')['shared_rss']['connectionId']"               }             },             "method": "get",             "path": "/ListFeedItems",             "queries": {               "feedUrl": "https://powerbi.microsoft.com/en-us/blog/feed/",               "since": "@body('Get_Date_7_days_ago')"             },             "authentication": "@parameters('$authentication')"           }         },         "List_Power_Virtual_Agent_RSS_feed_items": {           "runAfter": {             "List_Power_BI_RSS_feed_items": [               "Succeeded"             ]           },           "metadata": {             "flowSystemMetadata": {               "swaggerOperationId": "ListFeedItems"             },             "operationMetadataId": "a48fcacb-e631-4233-868b-639d7ffb273d"           },           "type": "ApiConnection",           "inputs": {             "host": {               "connection": {                 "name": "@parameters('$connections')['shared_rss']['connectionId']"               }             },             "method": "get",             "path": "/ListFeedItems",             "queries": {               "feedUrl": "https://powervirtualagents.microsoft.com/en-us/blog/feed/",               "since": "@body('Get_Date_7_days_ago')"             },             "authentication": "@parameters('$authentication')"           }         },         "Send_an_email_(V2)": {           "runAfter": {             "Compose_Blog_HTML_Table": [               "Succeeded"             ]           },           "metadata": {             "flowSystemMetadata": {               "swaggerOperationId": "SendEmailV2"             },             "operationMetadataId": "32eff1d4-b51e-4f36-be03-47192c3d0bf7"           },           "type": "ApiConnection",           "inputs": {             "host": {               "connection": {                 "name": "@parameters('$connections')['shared_office365']['connectionId']"               }             },             "method": "post",             "body": {               "To": "@variables('adminMail')",               "Subject": "Internal Power Platform Newsletter",               "Body": "@{variables('htmlHeader')}\n<strong>Power Platform Product updates, news and announcements </strong>since <strong>@{formatDateTime(body('Get_Date_7_days_ago'), 'yyyy-MM-dd')}</strong><strong></strong><br>\n<br>\n@{outputs('Compose_Blog_HTML_Table')}<br>\n</p>",               "Importance": "Normal"             },             "path": "/v2/Mail",             "authentication": "@parameters('$authentication')"           }         }       }     }   },   "schemaVersion": "1.0.0.0" }
