{   "properties": {     "connectionReferences": {       "shared_teams_1": {         "runtimeSource": "embedded",         "connection": {           "connectionReferenceLogicalName": "admin_CoENurtureMicrosoftTeams"         },         "api": {           "name": "shared_teams"         }       },       "shared_commondataserviceforapps_1": {         "runtimeSource": "embedded",         "connection": {           "connectionReferenceLogicalName": "new_CoENurtureDataverse"         },         "api": {           "name": "shared_commondataserviceforapps"         }       },       "shared_office365users_1": {         "runtimeSource": "embedded",         "connection": {           "connectionReferenceLogicalName": "admin_CoENurtureO365Users"         },         "api": {           "name": "shared_office365users"         }       }     },     "definition": {       "$schema": "https://schema.management.azure.com/providers/Microsoft.Logic/schemas/2016-06-01/workflowdefinition.json#",       "contentVersion": "1.0.0.0",       "parameters": {         "$connections": {           "defaultValue": {},           "type": "Object"         },         "$authentication": {           "defaultValue": {},           "type": "SecureObject"         },         "ProductionEnvironment (admin_ProductionEnvironment)": {           "defaultValue": false,           "type": "Bool",           "metadata": {             "schemaName": "admin_ProductionEnvironment",             "description": "Yes by default. Set to No if you are creating a dev type envt. This will allow some flows to set target users to the admin instead of resource owners"           }         },         "Individual Admin (admin_ApprovalAdmin)": {           "defaultValue": "adelev@pplatform.onmicrosoft.com",           "type": "String",           "metadata": {             "schemaName": "admin_ApprovalAdmin",             "description": "An individual admin's email. Some actions (approvals / team chats) cannot accept a group/DL. So this env variable is for those instances in the kit. "           }         }       },       "triggers": {         "manual": {           "metadata": {             "operationMetadataId": "1a2efe6f-ee5d-4fca-b998-13ff606e6f07"           },           "type": "Request",           "kind": "Button",           "inputs": {             "schema": {               "type": "object",               "properties": {                 "email": {                   "title": "Email",                   "type": "string",                   "format": "email",                   "x-ms-dynamically-added": true,                   "description": "Please enter an e-mail address",                   "x-ms-content-hint": "EMAIL"                 },                 "text": {                   "title": "MakerID",                   "type": "string",                   "x-ms-dynamically-added": true,                   "description": "Please enter your input",                   "x-ms-content-hint": "TEXT"                 }               },               "required": [                 "email",                 "text"               ]             }           }         }       },       "actions": {         "Post_adaptive_card_to_maker_to_ask_for_pulse_feedback": {           "runAfter": {             "the_Maker_ID": [               "Succeeded"             ]           },           "limit": {             "timeout": "P2D"           },           "metadata": {             "operationMetadataId": "18c9ca9c-aeb0-46ce-84a0-875e297a6240"           },           "type": "OpenApiConnectionWebhook",           "inputs": {             "host": {               "connectionName": "shared_teams_1",               "operationId": "PostCardAndWaitForResponse",               "apiId": "/providers/Microsoft.PowerApps/apis/shared_teams"             },             "parameters": {               "poster": "Flow bot",               "location": "Chat with Flow bot",               "body/body/messageBody": "{\n    \"type\": \"AdaptiveCard\",\n    \"body\": [\n        {\n            \"type\": \"TextBlock\",\n            \"size\": \"Medium\",\n            \"weight\": \"Bolder\",\n            \"text\": \"We need your feedback\"\n        },\n        {\n            \"type\": \"ColumnSet\",\n            \"columns\": [\n                {\n                    \"type\": \"Column\",\n                    \"width\": \"stretch\"\n                }\n            ]\n        },\n        {\n            \"type\": \"TextBlock\",\n            \"text\": \"As a Power Platform developer, we really value your feedback. As part of our commitment to continually improve our service, we would appreciate it if you could provide us with some feedback? What can we do better, what are we doing well and what isn't working well for you today?\",\n            \"wrap\": true\n        },\n        {\n            \"type\": \"TextBlock\",\n            \"text\": \"Describe how satisfied you are with the internal Power Platform adoption program and what works well for you today?\",\n            \"wrap\": true,\n            \"weight\": \"Bolder\"\n        },\n        {\n            \"type\": \"Input.Text\",\n            \"placeholder\": \"\",\n            \"isMultiline\": true,\n            \"maxLength\": 20000,\n            \"id\": \"myCurrentSatisfaction\"\n        },\n        {\n            \"type\": \"TextBlock\",\n            \"text\": \"What else would you like to see as part of our Power Platform adoption program?\",\n            \"wrap\": true,\n            \"weight\": \"Bolder\"\n        },\n        {\n            \"type\": \"Input.Text\",\n            \"placeholder\": \"\",\n            \"isMultiline\": true,\n            \"maxLength\": 2000,\n            \"id\": \"myFutureIdeas\"\n        }\n    ],\n    \"$schema\": \"http://adaptivecards.io/schemas/adaptive-card.json\",\n    \"version\": \"1.4\",\n    \"actions\": [\n        {\n            \"type\": \"Action.Submit\",\n            \"title\": \"Submit Feedback\",\n            \"id\": \"btnSubmit\"\n        }\n    ]\n}",               "body/body/updateMessage": "Thanks for your response!",               "body/body/recipient/to": "@{if(equals(parameters('ProductionEnvironment (admin_ProductionEnvironment)'), false), parameters('Individual Admin (admin_ApprovalAdmin)'), triggerBody()['email'])};"             },             "authentication": {               "type": "Raw",               "value": "@json(decodeBase64(triggerOutputs().headers['X-MS-APIM-Tokens']))['$ConnectionKey']"             }           }         },         "Send_time_out_message_to_maker": {           "runAfter": {             "Post_adaptive_card_to_maker_to_ask_for_pulse_feedback": [               "TimedOut"             ]           },           "metadata": {             "operationMetadataId": "57c2dd10-eb3f-4601-bf6f-fd4112460e22"           },           "type": "OpenApiConnection",           "inputs": {             "host": {               "connectionName": "shared_teams_1",               "operationId": "PostMessageToConversation",               "apiId": "/providers/Microsoft.PowerApps/apis/shared_teams"             },             "parameters": {               "poster": "Flow bot",               "location": "Chat with Flow bot",               "body/recipient": "@{if(equals(parameters('ProductionEnvironment (admin_ProductionEnvironment)'), false), parameters('Individual Admin (admin_ApprovalAdmin)'), triggerBody()['email'])};",               "body/messageBody": "<p>This request for feedback above has timed out.&nbsp;</p>"             },             "authentication": {               "type": "Raw",               "value": "@json(decodeBase64(triggerOutputs().headers['X-MS-APIM-Tokens']))['$ConnectionKey']"             }           }         },         "Respond_to_parent_flow": {           "runAfter": {},           "metadata": {             "operationMetadataId": "3ad5f762-941f-420c-9159-5c727f29ae73"           },           "type": "Response",           "kind": "PowerApp",           "inputs": {             "statusCode": 200,             "body": {               "status": "Started"             },             "schema": {               "type": "object",               "properties": {                 "status": {                   "title": "Status",                   "x-ms-dynamically-added": true,                   "type": "string"                 }               }             }           },           "description": "Send response to parent flow so the parent flow does not wait for this to be complete"         },         "Check_if_feedback_is_provided": {           "actions": {             "Analyze_sentiment_for_current_satisfaction": {               "runAfter": {},               "metadata": {                 "operationMetadataId": "84173bcd-7634-4370-bf47-d33ce7847b9d",                 "flowSystemMetadata": {                   "portalOperationId": "aibuilderpredict_sentimentanalysis",                   "portalOperationGroup": "aibuilder",                   "portalOperationApiDisplayNameOverride": "AI Builder",                   "portalOperationIconOverride": "https://psuxemea.azureedge.net/Content/Images/DesignerOperations/aiBuilderNew.png",                   "portalOperationBrandColorOverride": "#0A76C4",                   "portalOperationApiTierOverride": "Standard"                 }               },               "type": "OpenApiConnection",               "inputs": {                 "host": {                   "connectionName": "shared_commondataserviceforapps_1",                   "operationId": "aibuilderpredict_sentimentanalysis",                   "apiId": "/providers/Microsoft.PowerApps/apis/shared_commondataserviceforapps"                 },                 "parameters": {                   "item/requestv2/language": "en",                   "item/requestv2/text": "@outputs('Post_adaptive_card_to_maker_to_ask_for_pulse_feedback')?['body/data/myCurrentSatisfaction']"                 },                 "authentication": {                   "type": "Raw",                   "value": "@json(decodeBase64(triggerOutputs().headers['X-MS-APIM-Tokens']))['$ConnectionKey']"                 }               }             },             "Update_Pulse_Feedback_with_response": {               "runAfter": {                 "Analyze_sentiment_for_current_satisfaction": [                   "Succeeded"                 ]               },               "metadata": {                 "operationMetadataId": "d67fe39d-eb52-48f0-9fd5-27d9a8b2a131"               },               "type": "OpenApiConnection",               "inputs": {                 "host": {                   "connectionName": "shared_commondataserviceforapps_1",                   "operationId": "CreateRecord",                   "apiId": "/providers/Microsoft.PowerApps/apis/shared_commondataserviceforapps"                 },                 "parameters": {                   "entityName": "admin_pulsefeedbacks",                   "item/admin_currentsatisfaction": "@outputs('Post_adaptive_card_to_maker_to_ask_for_pulse_feedback')?['body/data/myCurrentSatisfaction']",                   "item/admin_currentsatisfactionsentiment": "@outputs('Analyze_sentiment_for_current_satisfaction')?['body/responsev2/predictionOutput/result/sentiment']",                   "item/admin_Feedbackfrom@odata.bind": "admin_makers(@{outputs('the_Maker_ID')})",                   "item/admin_futureideas": "@outputs('Post_adaptive_card_to_maker_to_ask_for_pulse_feedback')?['body/data/myFutureIdeas']",                   "item/admin_name": "@{if(equals(parameters('ProductionEnvironment (admin_ProductionEnvironment)'), false), parameters('Individual Admin (admin_ApprovalAdmin)'), triggerBody()['email'])} completed survey @{formatDateTime(utcNow(), 'yyyy-MM-dd')}"                 },                 "authentication": {                   "type": "Raw",                   "value": "@json(decodeBase64(triggerOutputs().headers['X-MS-APIM-Tokens']))['$ConnectionKey']"                 }               }             }           },           "runAfter": {             "Update_last_survey_send_in_Maker_table": [               "Succeeded"             ]           },           "expression": {             "greater": [               "@length(outputs('Post_adaptive_card_to_maker_to_ask_for_pulse_feedback')?['body/data/myCurrentSatisfaction'])",               0             ]           },           "metadata": {             "operationMetadataId": "08ab5851-8957-460a-adc1-d4a4fbcc4ad5"           },           "type": "If"         },         "Get_user_profile_(V2)": {           "runAfter": {             "Respond_to_parent_flow": [               "Succeeded"             ]           },           "metadata": {             "operationMetadataId": "3f0439d0-3400-4cbe-bb64-94bb900496e9"           },           "type": "OpenApiConnection",           "inputs": {             "host": {               "connectionName": "shared_office365users_1",               "operationId": "UserProfile_V2",               "apiId": "/providers/Microsoft.PowerApps/apis/shared_office365users"             },             "parameters": {               "id": "@triggerBody()['email']",               "$select": "preferredLanguage"             },             "authentication": {               "type": "Raw",               "value": "@json(decodeBase64(triggerOutputs().headers['X-MS-APIM-Tokens']))['$ConnectionKey']"             }           }         },         "Update_last_survey_send_in_Maker_table": {           "runAfter": {             "Send_time_out_message_to_maker": [               "Succeeded",               "Skipped"             ]           },           "metadata": {             "operationMetadataId": "7cfa9b87-c1ee-4719-b946-40cc246fe2de"           },           "type": "OpenApiConnection",           "inputs": {             "host": {               "connectionName": "shared_commondataserviceforapps_1",               "operationId": "UpdateRecord",               "apiId": "/providers/Microsoft.PowerApps/apis/shared_commondataserviceforapps"             },             "parameters": {               "entityName": "admin_makers",               "recordId": "@outputs('the_Maker_ID')",               "item/admin_lastpulsesurvey": "@utcNow()"             },             "authentication": {               "type": "Raw",               "value": "@json(decodeBase64(triggerOutputs().headers['X-MS-APIM-Tokens']))['$ConnectionKey']"             }           }         },         "Get_admin_profile_(V2)": {           "runAfter": {             "Get_user_profile_(V2)": [               "Succeeded"             ]           },           "metadata": {             "operationMetadataId": "3ef63fcc-8a1c-4662-90c7-0b60aaa16afa"           },           "type": "OpenApiConnection",           "inputs": {             "host": {               "connectionName": "shared_office365users_1",               "operationId": "UserProfile_V2",               "apiId": "/providers/Microsoft.PowerApps/apis/shared_office365users"             },             "parameters": {               "id": "@parameters('Individual Admin (admin_ApprovalAdmin)')",               "$select": "id"             },             "authentication": {               "type": "Raw",               "value": "@json(decodeBase64(triggerOutputs().headers['X-MS-APIM-Tokens']))['$ConnectionKey']"             }           }         },         "the_Maker_ID": {           "runAfter": {             "Get_admin_profile_(V2)": [               "Succeeded"             ]           },           "metadata": {             "operationMetadataId": "52133d5a-fdd3-4843-8c0c-6e856ec0cf1f"           },           "type": "Compose",           "inputs": "@if(equals(parameters('ProductionEnvironment (admin_ProductionEnvironment)'), false), outputs('Get_admin_profile_(V2)')?['body/id'], triggerBody()['text'])",           "description": "For non-production environments, will attribute feedback to admin, not user"         }       }     }   },   "schemaVersion": "1.0.0.0" }
