{   "properties": {     "connectionReferences": {       "shared_commondataserviceforapps": {         "runtimeSource": "embedded",         "connection": {           "connectionReferenceLogicalName": "new_CoENurtureDataverse"         },         "api": {           "name": "shared_commondataserviceforapps"         }       },       "shared_office365": {         "runtimeSource": "embedded",         "connection": {           "connectionReferenceLogicalName": "new_CoENurtureO365Outlook"         },         "api": {           "name": "shared_office365"         }       }     },     "definition": {       "$schema": "https://schema.management.azure.com/providers/Microsoft.Logic/schemas/2016-06-01/workflowdefinition.json#",       "contentVersion": "1.0.0.0",       "parameters": {         "$connections": {           "defaultValue": {},           "type": "Object"         },         "$authentication": {           "defaultValue": {},           "type": "SecureObject"         },         "ProductionEnvironment (admin_ProductionEnvironment)": {           "defaultValue": false,           "type": "Bool",           "metadata": {             "schemaName": "admin_ProductionEnvironment",             "description": "Yes by default. Set to No if you are creating a dev type envt. This will allow some flows to set target users to the admin instead of resource owners"           }         },         "eMail Header Style (admin_eMailHeaderStyle)": {           "defaultValue": "<head>     <style>         body {             background-color: #efefef;             font-family: Segoe UI;             text-align: center;         }          #content {             border: 1px solid #742774;             background-color: #ffffff;             width: 650px;             margin-bottom: 50px;             display: inline-block;         }          #logo {             margin-left: 52px;             margin-top: 40px;             width: 60px;             height: 12px;         }          #header {             font-size: 24px;             margin-left: 50px;             margin-top: 20px;             margin-bottom: 20px;         }          #ribbon {             background-color: #742774;         }          #ribbonContent {             font-size: 20px;             padding-left: 30px;             padding-top: 10px;             padding-bottom: 20px;             color: white;             width: 100%;             padding-right: 10px;         }          #message>td {             font-size: 14px;             padding-left: 60px;             padding-right: 60px;             padding-top: 20px;             padding-bottom: 40px;         }          #footer>td {             font-size: 12px;             background-color: #cfcfcf;             height: 40px;             padding-top: 15px;             padding-left: 40px;             padding-bottom: 20px;         }          #form {             width: 100%;             border-collapse: collapse;         }          #app {             width: 60%;             font-size: 12px;         }          .label {             color: #5f5f5f         }          table {             border-collapse: collapse;             width: 100%;         }          th,         td {             padding: 8px;             text-align: left;             border-bottom: 1px solid #ddd;         }     </style> </head>",           "type": "String",           "metadata": {             "schemaName": "admin_eMailHeaderStyle",             "description": "CSS/Style used for eMails"           }         },         "Training In a Day - Feedback Form (admin_TrainingInaDayFeedbackForm)": {           "defaultValue": "http://jsonviewer.stack.hu/",           "type": "String",           "metadata": {             "schemaName": "admin_TrainingInaDayFeedbackForm",             "description": "Link to the Feedback form for your Training in a day course"           }         },         "Admin eMail (admin_AdminMail)": {           "defaultValue": "adelev@pplatform.onmicrosoft.com",           "type": "String",           "metadata": {             "schemaName": "admin_AdminMail",             "description": "CoE Admin eMail. Email address used in flows to send notifications to admins; this should be either your email address or a distribution list"           }         }       },       "triggers": {         "Recurrence": {           "recurrence": {             "frequency": "Day",             "interval": 1,             "schedule": {               "hours": [                 "19"               ]             }           },           "metadata": {             "operationMetadataId": "430e4850-fdb4-473f-afb8-1164d973f238"           },           "type": "Recurrence"         }       },       "actions": {         "Compose_Email_To_Field": {           "runAfter": {             "Select_attendee_email": [               "Succeeded"             ]           },           "metadata": {             "operationMetadataId": "0d0bcc1b-0d6f-4dbf-9ae4-31ef57848fc2"           },           "type": "Compose",           "inputs": "@join(body('Select_attendee_email'), ';')"         },         "Filter_array": {           "runAfter": {             "List_events": [               "Succeeded"             ]           },           "metadata": {             "operationMetadataId": "977bc9e2-b84c-4ffe-b501-820e37dd003e"           },           "type": "Query",           "inputs": {             "from": "@outputs('List_events')?['body/value']",             "where": "@equals(formatDateTime(item()?['admin_registeredevent/admin_starttime'], 'yyyy-MM-dd'), formatDateTime(utcNow(), 'yyyy-MM-dd'))"           }         },         "List_events": {           "runAfter": {},           "metadata": {             "operationMetadataId": "ec7b6f16-29d1-44bf-ab8c-545617e032a9"           },           "type": "OpenApiConnection",           "inputs": {             "host": {               "connectionName": "shared_commondataserviceforapps",               "operationId": "ListRecords",               "apiId": "/providers/Microsoft.PowerApps/apis/shared_commondataserviceforapps"             },             "parameters": {               "entityName": "admin_inadayattendeeses",               "$select": "admin_attendeeemail",               "$filter": "admin_RegisteredEvent/admin_inadayeventid ne null",               "$expand": "admin_RegisteredEvent($select=admin_starttime,admin_endtime,admin_name)"             },             "authentication": "@parameters('$authentication')"           }         },         "Select_attendee_email": {           "runAfter": {             "Filter_array": [               "Succeeded"             ]           },           "metadata": {             "operationMetadataId": "b084a52c-91d1-4b63-aaa8-3470d190a55e"           },           "type": "Select",           "inputs": {             "from": "@body('Filter_array')",             "select": "@item()?['admin_attendeeemail']"           }         },         "Send_mail_if_there_is_mail_to_send": {           "actions": {             "Send_an_email_(V2)": {               "runAfter": {},               "metadata": {                 "operationMetadataId": "68e6ad20-03f3-4426-aefb-030758029fde"               },               "type": "OpenApiConnection",               "inputs": {                 "host": {                   "connectionName": "shared_office365",                   "operationId": "SendEmailV2",                   "apiId": "/providers/Microsoft.PowerApps/apis/shared_office365"                 },                 "parameters": {                   "emailMessage/To": "@if(equals(parameters('ProductionEnvironment (admin_ProductionEnvironment)'), false), parameters('Admin eMail (admin_AdminMail)'), outputs('Compose_Email_To_Field'))",                   "emailMessage/Subject": " Power Platform Event - Feedback request ",                   "emailMessage/Body": "<p>@{parameters('eMail Header Style (admin_eMailHeaderStyle)')} .</p>\n<p>Thank you for attending the event today. We hope you enjoyed the event and are looking forward to seeing what you will create with the Power Platform Tools.<br>\n<br>\nWe'd love to hear from you, please fill out our <a href=\"@{parameters('Training In a Day - Feedback Form (admin_TrainingInaDayFeedbackForm)')}\">feedback survey</a> to let us know what you thought of the day.<br>\n<br>\n<br>\n</p>"                 },                 "authentication": "@parameters('$authentication')"               }             }           },           "runAfter": {             "Compose_Email_To_Field": [               "Succeeded"             ]           },           "expression": {             "greater": [               "@length(body('Select_attendee_email'))",               0             ]           },           "metadata": {             "operationMetadataId": "b5761363-6a9b-4c38-bad5-c4a11a22b7b9"           },           "type": "If"         }       },       "outputs": {}     }   },   "schemaVersion": "1.0.0.0" }
