{   "properties": {     "connectionReferences": {       "shared_commondataserviceforapps": {         "runtimeSource": "embedded",         "connection": {           "connectionReferenceLogicalName": "new_CoENurtureDataverse"         },         "api": {           "name": "shared_commondataserviceforapps"         }       },       "shared_office365": {         "runtimeSource": "embedded",         "connection": {           "connectionReferenceLogicalName": "new_CoENurtureO365Outlook"         },         "api": {           "name": "shared_office365"         }       }     },     "definition": {       "$schema": "https://schema.management.azure.com/providers/Microsoft.Logic/schemas/2016-06-01/workflowdefinition.json#",       "contentVersion": "1.0.0.0",       "parameters": {         "$connections": {           "defaultValue": {},           "type": "Object"         },         "$authentication": {           "defaultValue": {},           "type": "SecureObject"         },         "ProductionEnvironment (admin_ProductionEnvironment)": {           "defaultValue": true,           "type": "Bool",           "metadata": {             "schemaName": "admin_ProductionEnvironment",             "description": "Yes by default. Set to No if you are creating a dev type envt. This will allow some flows to set target users to the admin instead of resource owners"           }         },         "eMail Header Style (admin_eMailHeaderStyle)": {           "defaultValue": "<head>     <style>         body {             background-color: #efefef;             font-family: Segoe UI;             text-align: center;         }          #content {             border: 1px solid #742774;             background-color: #ffffff;             width: 650px;             margin-bottom: 50px;             display: inline-block;         }          #logo {             margin-left: 52px;             margin-top: 40px;             width: 60px;             height: 12px;         }          #header {             font-size: 24px;             margin-left: 50px;             margin-top: 20px;             margin-bottom: 20px;         }          #ribbon {             background-color: #742774;         }          #ribbonContent {             font-size: 20px;             padding-left: 30px;             padding-top: 10px;             padding-bottom: 20px;             color: white;             width: 100%;             padding-right: 10px;         }          #message>td {             font-size: 14px;             padding-left: 60px;             padding-right: 60px;             padding-top: 20px;             padding-bottom: 40px;         }          #footer>td {             font-size: 12px;             background-color: #cfcfcf;             height: 40px;             padding-top: 15px;             padding-left: 40px;             padding-bottom: 20px;         }          #form {             width: 100%;             border-collapse: collapse;         }          #app {             width: 60%;             font-size: 12px;         }          .label {             color: #5f5f5f         }          table {             border-collapse: collapse;             width: 100%;         }          th,         td {             padding: 8px;             text-align: left;             border-bottom: 1px solid #ddd;         }     </style> </head>",           "type": "String",           "metadata": {             "schemaName": "admin_eMailHeaderStyle",             "description": "CSS/Style used for eMails"           }         },         "Admin eMail (admin_AdminMail)": {           "defaultValue": "adelev@pplatform.onmicrosoft.com",           "type": "String",           "metadata": {             "schemaName": "admin_AdminMail",             "description": "CoE Admin eMail. Email address used in flows to send notifications to admins; this should be either your email address or a distribution list"           }         },         "Community URL (admin_CommunityURL)": {           "defaultValue": "abc",           "type": "String",           "metadata": {             "schemaName": "admin_CommunityURL",             "description": "Link to your internal Microsoft Power Platform community (for example, Yammer or Teams)"           }         }       },       "triggers": {         "When_a_row_is_added,_modified_or_deleted": {           "metadata": {             "operationMetadataId": "1fbd4ffc-b779-44ca-b7b0-df0f03324813"           },           "type": "OpenApiConnectionWebhook",           "inputs": {             "host": {               "connectionName": "shared_commondataserviceforapps",               "operationId": "SubscribeWebhookTrigger",               "apiId": "/providers/Microsoft.PowerApps/apis/shared_commondataserviceforapps"             },             "parameters": {               "subscriptionRequest/message": 1,               "subscriptionRequest/entityname": "admin_inadayattendees",               "subscriptionRequest/scope": 4             },             "authentication": "@parameters('$authentication')"           }         }       },       "actions": {         "Get_event_details": {           "runAfter": {},           "metadata": {             "operationMetadataId": "2a0473b2-1c81-4a9b-9dcb-500863216876"           },           "type": "OpenApiConnection",           "inputs": {             "host": {               "connectionName": "shared_commondataserviceforapps",               "operationId": "GetItem",               "apiId": "/providers/Microsoft.PowerApps/apis/shared_commondataserviceforapps"             },             "parameters": {               "entityName": "admin_inadayevents",               "recordId": "@triggerOutputs()?['body/_admin_registeredevent_value']"             },             "authentication": "@parameters('$authentication')"           }         },         "Send_an_email_(V2)": {           "runAfter": {             "Get_event_details": [               "Succeeded"             ]           },           "metadata": {             "operationMetadataId": "bbbe9549-2b34-4791-976d-7bc49de6a51d"           },           "type": "OpenApiConnection",           "inputs": {             "host": {               "connectionName": "shared_office365",               "operationId": "SendEmailV2",               "apiId": "/providers/Microsoft.PowerApps/apis/shared_office365"             },             "parameters": {               "emailMessage/To": "@if(equals(parameters('ProductionEnvironment (admin_ProductionEnvironment)'), false), parameters('Admin eMail (admin_AdminMail)'), triggerOutputs()?['body/admin_attendeeemail'])",               "emailMessage/Subject": "@{outputs('Get_event_details')?['body/admin_name']} - Registration confirmation",               "emailMessage/Body": "<p>@{parameters('eMail Header Style (admin_eMailHeaderStyle)')}</p>\n<p>We're pleased to confirm your registration for the @{outputs('Get_event_details')?['body/admin_name']} event on @{formatDateTime(outputs('Get_event_details')?['body/admin_starttime'], 'dd MMM yyyy')}.<br>\n<br>\nIf you can no longer make it, please cancel your attendence using the Power Platform Training Registration app.<br>\n<strong>What you can expect on the day:</strong><br>\nThis is a beginner level lab for you to get hands on experience with Microsoft Business Application Platform technologies – Power Apps, Power Automate, Power BI or Power Virtual Agents. The labs include step-by-step instructions for someone new to these technologies to build a solutions in less then a day.<br>\nQuestions? Get help from <a href='@{parameters('Community URL (admin_CommunityURL)')}'>our community</a></p>"             },             "authentication": "@parameters('$authentication')"           }         }       },       "outputs": {}     }   },   "schemaVersion": "1.0.0.0" }
