{   "properties": {     "connectionReferences": {       "shared_commondataserviceforapps": {         "runtimeSource": "embedded",         "connection": {           "connectionReferenceLogicalName": "new_CoENurtureDataverse"         },         "api": {           "name": "shared_commondataserviceforapps"         }       },       "shared_office365": {         "runtimeSource": "embedded",         "connection": {           "connectionReferenceLogicalName": "new_CoENurtureO365Outlook"         },         "api": {           "name": "shared_office365"         }       }     },     "definition": {       "$schema": "https://schema.management.azure.com/providers/Microsoft.Logic/schemas/2016-06-01/workflowdefinition.json#",       "contentVersion": "1.0.0.0",       "parameters": {         "$connections": {           "defaultValue": {},           "type": "Object"         },         "$authentication": {           "defaultValue": {},           "type": "SecureObject"         },         "ProductionEnvironment (admin_ProductionEnvironment)": {           "defaultValue": true,           "type": "Bool",           "metadata": {             "schemaName": "admin_ProductionEnvironment",             "description": "Yes by default. Set to No if you are creating a dev type envt. This will allow some flows to set target users to the admin instead of resource owners"           }         },         "eMail Header Style (admin_eMailHeaderStyle)": {           "defaultValue": "<head>     <style>         body {             background-color: #efefef;             font-family: Segoe UI;             text-align: center;         }          #content {             border: 1px solid #742774;             background-color: #ffffff;             width: 650px;             margin-bottom: 50px;             display: inline-block;         }          #logo {             margin-left: 52px;             margin-top: 40px;             width: 60px;             height: 12px;         }          #header {             font-size: 24px;             margin-left: 50px;             margin-top: 20px;             margin-bottom: 20px;         }          #ribbon {             background-color: #742774;         }          #ribbonContent {             font-size: 20px;             padding-left: 30px;             padding-top: 10px;             padding-bottom: 20px;             color: white;             width: 100%;             padding-right: 10px;         }          #message>td {             font-size: 14px;             padding-left: 60px;             padding-right: 60px;             padding-top: 20px;             padding-bottom: 40px;         }          #footer>td {             font-size: 12px;             background-color: #cfcfcf;             height: 40px;             padding-top: 15px;             padding-left: 40px;             padding-bottom: 20px;         }          #form {             width: 100%;             border-collapse: collapse;         }          #app {             width: 60%;             font-size: 12px;         }          .label {             color: #5f5f5f         }          table {             border-collapse: collapse;             width: 100%;         }          th,         td {             padding: 8px;             text-align: left;             border-bottom: 1px solid #ddd;         }     </style> </head>",           "type": "String",           "metadata": {             "schemaName": "admin_eMailHeaderStyle",             "description": "CSS/Style used for eMails"           }         },         "Admin eMail (admin_AdminMail)": {           "defaultValue": "adelev@pplatform.onmicrosoft.com",           "type": "String",           "metadata": {             "schemaName": "admin_AdminMail",             "description": "CoE Admin eMail. Email address used in flows to send notifications to admins; this should be either your email address or a distribution list"           }         },         "Community URL (admin_CommunityURL)": {           "defaultValue": "abc",           "type": "String",           "metadata": {             "schemaName": "admin_CommunityURL",             "description": "Link to your internal Microsoft Power Platform community (for example, Yammer or Teams)"           }         }       },       "triggers": {         "Recurrence": {           "recurrence": {             "frequency": "Day",             "interval": 1,             "schedule": {               "hours": [                 "10"               ]             }           },           "metadata": {             "operationMetadataId": "47f059e0-af4c-4bee-8a60-ad319b603f32"           },           "type": "Recurrence"         }       },       "actions": {         "Compose": {           "runAfter": {             "Select_attendee_email": [               "Succeeded"             ]           },           "metadata": {             "operationMetadataId": "00b2f909-2891-4141-b314-a3cbaeaec424"           },           "type": "Compose",           "inputs": "@join(body('Select_attendee_email'), ';')"         },         "Filter_array_": {           "runAfter": {             "List_Events": [               "Succeeded"             ]           },           "metadata": {             "operationMetadataId": "6eb6647e-e3ae-47ac-aedb-960e318ae256"           },           "type": "Query",           "inputs": {             "from": "@outputs('List_Events')?['body/value']",             "where": "@equals(formatDateTime(item()?['admin_registeredevent/admin_starttime'], 'yyyy-MM-dd'), formatDateTime(body('Get_future_time'), 'yyyy-MM-dd'))"           }         },         "List_Events": {           "runAfter": {             "Get_future_time": [               "Succeeded"             ]           },           "metadata": {             "operationMetadataId": "b97339f9-9d78-4128-88d0-fa36382ee388"           },           "type": "OpenApiConnection",           "inputs": {             "host": {               "connectionName": "shared_commondataserviceforapps",               "operationId": "ListRecords",               "apiId": "/providers/Microsoft.PowerApps/apis/shared_commondataserviceforapps"             },             "parameters": {               "entityName": "admin_inadayattendeeses",               "$select": "admin_attendeeemail",               "$filter": "admin_RegisteredEvent/admin_inadayeventid ne null",               "$expand": "admin_RegisteredEvent($select=admin_starttime,admin_endtime)"             },             "authentication": "@parameters('$authentication')"           }         },         "Select_attendee_email": {           "runAfter": {             "Filter_array_": [               "Succeeded"             ]           },           "metadata": {             "operationMetadataId": "f64efa2f-0fc0-43cc-a632-8fecc2774599"           },           "type": "Select",           "inputs": {             "from": "@body('Filter_array_')",             "select": "@item()?['admin_attendeeemail']"           }         },         "Send_mail_if_there_is_mail_to_send": {           "actions": {             "Send_an_email_(V2)": {               "runAfter": {},               "metadata": {                 "operationMetadataId": "871b3411-a68c-43e0-9035-7178953f3f81"               },               "type": "OpenApiConnection",               "inputs": {                 "host": {                   "connectionName": "shared_office365",                   "operationId": "SendEmailV2",                   "apiId": "/providers/Microsoft.PowerApps/apis/shared_office365"                 },                 "parameters": {                   "emailMessage/To": "@if(equals(parameters('ProductionEnvironment (admin_ProductionEnvironment)'), false), parameters('Admin eMail (admin_AdminMail)'), outputs('Compose'))",                   "emailMessage/Subject": " Power Platform Event - Your upcoming training",                   "emailMessage/Body": "@{parameters('eMail Header Style (admin_eMailHeaderStyle)')}\n<p>Don't forget your Power Platform event is coming up on.<br>\n<br>\nIf you can no longer make it, please cancel your attendence using the \"Training In A Day Registration\" app.<br>\n<br>\n<strong>What you can expect on the day:</strong><br>\nThis is a beginner level lab for you to get hands on experience with Microsoft Business Application Platform technologies – PowerApps, Microsoft Flow and Microsoft Forms. The labs include step-by-step instructions for someone new to these technologies to build a solutions in less then a day.</p>\nQuestions? Get help from <a href='@{parameters('Community URL (admin_CommunityURL)')}'>our community</a></p>"                 },                 "authentication": "@parameters('$authentication')"               }             }           },           "runAfter": {             "Compose": [               "Succeeded"             ]           },           "expression": {             "greater": [               "@length(body('Select_attendee_email'))",               0             ]           },           "metadata": {             "operationMetadataId": "264fb473-f2d7-4061-a28f-49568ceebaa9"           },           "type": "If"         },         "Get_future_time": {           "runAfter": {},           "metadata": {             "operationMetadataId": "e11c9118-594c-4791-b38c-55c189d7f6c2"           },           "type": "Expression",           "kind": "GetFutureTime",           "inputs": {             "interval": 3,             "timeUnit": "Day"           }         }       },       "outputs": {}     }   },   "schemaVersion": "1.0.0.0" }
