<environmentvariabledefinition schemaname="admin_TimeIntervalInterval">
  <defaultvalue>1</defaultvalue>
  <description default="Specify the interval for the chunks of time to fetch. Default is 1, (for 1 hour)">
    <label description="Specify the interval for the chunks of time to fetch. Default is 1, (for 1 hour)" languagecode="1033" />
  </description>
  <displayname default="TimeInterval-Interval">
    <label description="TimeInterval-Interval" languagecode="1033" />
  </displayname>
  <introducedversion>1.3.9</introducedversion>
  <iscustomizable>1</iscustomizable>
  <isrequired>0</isrequired>
  <type>100000001</type>
</environmentvariabledefinition>