[   {     "parameters": {       "x-ms-apimTemplate-operationName": [         "GetIdentities",         "GetUsers"       ],       "x-ms-apimTemplateParameter.urlTemplate": "https://vssps.dev.azure.com"     },     "templateId": "dynamichosturl",     "title": "Set host to https://vssps.dev.azure.com"   },   {     "parameters": {       "x-ms-apimTemplate-operationName": [         "GetOrganizations"       ],       "x-ms-apimTemplateParameter.urlTemplate": "https://app.vssps.visualstudio.com"     },     "templateId": "dynamichosturl",     "title": "Set host to https://app.vssps.visualstudio.com"   },   {     "parameters": {       "x-ms-apimTemplate-policySection": "Response",       "x-ms-apimTemplateParameter.keyName": "key",       "x-ms-apimTemplateParameter.newPropertyPath": "@item().variables",       "x-ms-apimTemplateParameter.propertyParentPath": "@body().value",       "x-ms-apimTemplateParameter.propertySubPath": "variables",       "x-ms-apimTemplateParameter.valueName": "value"     },     "templateId": "convertobjecttoarray",     "title": "Convert Build Definition Variables to Array"   },   {     "parameters": {       "x-ms-apimTemplate-operationName": [         "RemovMemberFromGroup",         "AddMemberToGroup"       ],       "x-ms-apimTemplateParameter.urlTemplate": "https://vsaex.dev.azure.com"     },     "templateId": "dynamichosturl",     "title": "Set host to https://vsaex.dev.azure.com"   },   {     "parameters": {       "x-ms-apimTemplate-operationName": [         "RunSyncPipeline"       ],       "x-ms-apimTemplateParameter.httpMethod": "POST",       "x-ms-apimTemplateParameter.newPath": "{organization}/{project}/_apis/pipelines/{pipelineId}/runs"     },     "templateId": "routerequesttoendpoint",     "title": "Set method to POST"   } ]
