<environmentvariabledefinition schemaname="admin_QuarantineAppsafterxdaysofnoncompliance">
  <defaultvalue>7</defaultvalue>
  <description default="If using the Compliance flow for apps to gather compliance details from makers, specify if you want to quarantine apps if they're not compliant. Specified in days. ">
    <label description="If using the Compliance flow for apps to gather compliance details from makers, specify if you want to quarantine apps if they're not compliant. Specified in days. " languagecode="1033" />
  </description>
  <displayname default="Quarantine Apps after x days of non-compliance">
    <label description="Quarantine Apps after x days of non-compliance" languagecode="1033" />
  </displayname>
  <introducedversion>0.1</introducedversion>
  <iscustomizable>1</iscustomizable>
  <isrequired>0</isrequired>
  <secretstore>0</secretstore>
  <type>100000001</type>
</environmentvariabledefinition>