<environmentvariabledefinition schemaname="admin_ArchivalPastTimeInterval">
  <defaultvalue>6</defaultvalue>
  <description default="The interval for the past time for how far back to go to see if an app/flow is useful. Default is 6, (for 6 months)">
    <label description="The interval for the past time for how far back to go to see if an app/flow is useful. Default is 6, (for 6 months)" languagecode="1033" />
  </description>
  <displayname default="InactivityNotifications-PastTime-Interval">
    <label description="InactivityNotifications-PastTime-Interval" languagecode="1033" />
  </displayname>
  <introducedversion>2.10.1</introducedversion>
  <iscustomizable>1</iscustomizable>
  <isrequired>0</isrequired>
  <secretstore>0</secretstore>
  <type>100000001</type>
</environmentvariabledefinition>