<environmentvariabledefinition schemaname="admin_eMailHeaderStyle">
  <defaultvalue>&lt;head&gt;     &lt;style&gt;         body {             background-color: #efefef;             font-family: Segoe UI;             text-align: center;         }          #content {             border: 1px solid #742774;             background-color: #ffffff;             width: 650px;             margin-bottom: 50px;             display: inline-block;         }          #logo {             margin-left: 52px;             margin-top: 40px;             width: 60px;             height: 12px;         }          #header {             font-size: 24px;             margin-left: 50px;             margin-top: 20px;             margin-bottom: 20px;         }          #ribbon {             background-color: #742774;         }          #ribbonContent {             font-size: 20px;             padding-left: 30px;             padding-top: 10px;             padding-bottom: 20px;             color: white;             width: 100%;             padding-right: 10px;         }          #message&gt;td {             font-size: 14px;             padding-left: 60px;             padding-right: 60px;             padding-top: 20px;             padding-bottom: 40px;         }          #footer&gt;td {             font-size: 12px;             background-color: #cfcfcf;             height: 40px;             padding-top: 15px;             padding-left: 40px;             padding-bottom: 20px;         }          #form {             width: 100%;             border-collapse: collapse;         }          #app {             width: 60%;             font-size: 12px;         }          .label {             color: #5f5f5f         }          table {             border-collapse: collapse;             width: 100%;         }          th,         td {             padding: 8px;             text-align: left;             border-bottom: 1px solid #ddd;         }     &lt;/style&gt; &lt;/head&gt;</defaultvalue>
  <description default="CSS/Style used for eMails">
    <label description="CSS/Style used for eMails" languagecode="1033" />
  </description>
  <displayname default="eMail Header Style">
    <label description="eMail Header Style" languagecode="1033" />
  </displayname>
  <introducedversion>1.62</introducedversion>
  <iscustomizable>1</iscustomizable>
  <isrequired>0</isrequired>
  <secretstore>0</secretstore>
  <type>100000000</type>
</environmentvariabledefinition>