﻿<?xml version="1.0" encoding="utf-8"?>
<ImportExportXml version="9.2.22085.188" SolutionPackageVersion="9.2" languagecode="1033" generatedBy="CrmLive" xmlns:xsi="http://www.w3.org/2001/XMLSchema-instance">
  <SolutionManifest>
    <UniqueName>CenterofExcellenceAuditComponents</UniqueName>
    <LocalizedNames>
      <LocalizedName description="Center of Excellence - Governance Components" languagecode="1033" />
    </LocalizedNames>
    <Descriptions />
    <Version>2.23</Version>
    <Managed>1</Managed>
    <Publisher>
      <UniqueName>powerplatformadmin</UniqueName>
      <LocalizedNames>
        <LocalizedName description="Power Platform Admin" languagecode="1033" />
      </LocalizedNames>
      <Descriptions />
      <EMailAddress xsi:nil="true"></EMailAddress>
      <SupportingWebsiteUrl xsi:nil="true"></SupportingWebsiteUrl>
      <CustomizationPrefix>admin</CustomizationPrefix>
      <CustomizationOptionValuePrefix>59791</CustomizationOptionValuePrefix>
      <Addresses>
        <Address>
          <AddressNumber>1</AddressNumber>
          <AddressTypeCode>1</AddressTypeCode>
          <City xsi:nil="true"></City>
          <County xsi:nil="true"></County>
          <Country xsi:nil="true"></Country>
          <Fax xsi:nil="true"></Fax>
          <FreightTermsCode xsi:nil="true"></FreightTermsCode>
          <ImportSequenceNumber xsi:nil="true"></ImportSequenceNumber>
          <Latitude xsi:nil="true"></Latitude>
          <Line1 xsi:nil="true"></Line1>
          <Line2 xsi:nil="true"></Line2>
          <Line3 xsi:nil="true"></Line3>
          <Longitude xsi:nil="true"></Longitude>
          <Name xsi:nil="true"></Name>
          <PostalCode xsi:nil="true"></PostalCode>
          <PostOfficeBox xsi:nil="true"></PostOfficeBox>
          <PrimaryContactName xsi:nil="true"></PrimaryContactName>
          <ShippingMethodCode>1</ShippingMethodCode>
          <StateOrProvince xsi:nil="true"></StateOrProvince>
          <Telephone1 xsi:nil="true"></Telephone1>
          <Telephone2 xsi:nil="true"></Telephone2>
          <Telephone3 xsi:nil="true"></Telephone3>
          <TimeZoneRuleVersionNumber xsi:nil="true"></TimeZoneRuleVersionNumber>
          <UPSZone xsi:nil="true"></UPSZone>
          <UTCOffset xsi:nil="true"></UTCOffset>
          <UTCConversionTimeZoneCode xsi:nil="true"></UTCConversionTimeZoneCode>
        </Address>
        <Address>
          <AddressNumber>2</AddressNumber>
          <AddressTypeCode>1</AddressTypeCode>
          <City xsi:nil="true"></City>
          <County xsi:nil="true"></County>
          <Country xsi:nil="true"></Country>
          <Fax xsi:nil="true"></Fax>
          <FreightTermsCode xsi:nil="true"></FreightTermsCode>
          <ImportSequenceNumber xsi:nil="true"></ImportSequenceNumber>
          <Latitude xsi:nil="true"></Latitude>
          <Line1 xsi:nil="true"></Line1>
          <Line2 xsi:nil="true"></Line2>
          <Line3 xsi:nil="true"></Line3>
          <Longitude xsi:nil="true"></Longitude>
          <Name xsi:nil="true"></Name>
          <PostalCode xsi:nil="true"></PostalCode>
          <PostOfficeBox xsi:nil="true"></PostOfficeBox>
          <PrimaryContactName xsi:nil="true"></PrimaryContactName>
          <ShippingMethodCode>1</ShippingMethodCode>
          <StateOrProvince xsi:nil="true"></StateOrProvince>
          <Telephone1 xsi:nil="true"></Telephone1>
          <Telephone2 xsi:nil="true"></Telephone2>
          <Telephone3 xsi:nil="true"></Telephone3>
          <TimeZoneRuleVersionNumber xsi:nil="true"></TimeZoneRuleVersionNumber>
          <UPSZone xsi:nil="true"></UPSZone>
          <UTCOffset xsi:nil="true"></UTCOffset>
          <UTCConversionTimeZoneCode xsi:nil="true"></UTCConversionTimeZoneCode>
        </Address>
      </Addresses>
    </Publisher>
    <RootComponents>
      <RootComponent type="1" schemaName="admin_archiveapproval" behavior="0" />
      <RootComponent type="9" schemaName="cr5d5_archivalitemtype" behavior="0" />
      <RootComponent type="29" id="{086089dc-e290-ec11-b400-000d3a9a39c4}" behavior="0" />
      <RootComponent type="29" id="{33024c20-c222-eb11-a813-000d3a1bb495}" behavior="0" />
      <RootComponent type="29" id="{6c0522f0-6256-eb11-a812-000d3a996adc}" behavior="0" />
      <RootComponent type="29" id="{708e4fc8-5e23-eb11-a813-000d3a1bb495}" behavior="0" />
      <RootComponent type="29" id="{75e6d8dc-0015-ed11-b83d-000d3a14e1b9}" behavior="0" />
      <RootComponent type="29" id="{78466552-7e56-eb11-a812-000d3a996adc}" behavior="0" />
      <RootComponent type="29" id="{7e68d839-0556-eb11-a812-000d3a996adc}" behavior="0" />
      <RootComponent type="29" id="{87805138-5b67-ec11-8f8f-000d3a15a009}" behavior="0" />
      <RootComponent type="29" id="{924f83f0-9fbe-eb11-8236-000d3a8d7fa9}" behavior="0" />
      <RootComponent type="29" id="{957255ce-1b93-ec11-b400-000d3a8fc5c7}" behavior="0" />
      <RootComponent type="29" id="{a405dd4c-78e5-eb11-bacb-000d3a8edeaa}" behavior="0" />
      <RootComponent type="29" id="{ab3784ff-ceef-eb11-bacb-00224820693c}" behavior="0" />
      <RootComponent type="29" id="{b538d20c-d1ef-eb11-bacb-00224820693c}" behavior="0" />
      <RootComponent type="29" id="{d740e841-7057-eb11-a812-000d3a9964a5}" behavior="0" />
      <RootComponent type="29" id="{d9d55dca-d9e4-eb11-bacb-000d3a8edeaa}" behavior="0" />
      <RootComponent type="29" id="{f28355ee-092d-ec11-b6e5-000d3a4efe76}" behavior="0" />
      <RootComponent type="300" schemaName="admin_appandflowarchiveandcleanupview_9feed" behavior="0" />
      <RootComponent type="300" schemaName="admin_cleanupoldobjectsapp_de6d5" behavior="0" />
      <RootComponent type="300" schemaName="admin_powerappcreatorportal_046cc" behavior="0" />
    </RootComponents>
    <MissingDependencies>
      <MissingDependency>
        <Required type="1" schemaName="admin_app" displayName="PowerApps App" solution="CenterofExcellenceCoreComponents (3.45.3)" />
        <Dependent type="10" schemaName="admin_ArchiveApproval_AppLookup_admin_App" displayName="admin_ArchiveApproval_AppLookup_admin_App" parentSchemaName="admin_archiveapproval" parentDisplayName="Archive Approval " />
      </MissingDependency>
      <MissingDependency>
        <Required type="1" schemaName="admin_app" displayName="PowerApps App" solution="CenterofExcellenceCoreComponents (3.45.3)" />
        <Dependent type="29" displayName="Admin | Quarantine non-compliant apps" id="{086089dc-e290-ec11-b400-000d3a9a39c4}" />
      </MissingDependency>
      <MissingDependency>
        <Required type="1" schemaName="admin_app" displayName="PowerApps App" solution="CenterofExcellenceCoreComponents (3.45.3)" />
        <Dependent type="29" displayName="Admin | Inactivity notifications v2 (Check Approval)" id="{6c0522f0-6256-eb11-a812-000d3a996adc}" />
      </MissingDependency>
      <MissingDependency>
        <Required type="1" schemaName="admin_app" displayName="PowerApps App" solution="CenterofExcellenceCoreComponents (3.45.3)" />
        <Dependent type="29" displayName="Admin | Inactivity notifications v2 (Clean Up and Delete)" id="{78466552-7e56-eb11-a812-000d3a996adc}" />
      </MissingDependency>
      <MissingDependency>
        <Required type="1" schemaName="admin_app" displayName="PowerApps App" solution="CenterofExcellenceCoreComponents (3.45.3)" />
        <Dependent type="29" displayName="Admin | Email Managers Ignored Inactivity notifications Approvals" id="{924f83f0-9fbe-eb11-8236-000d3a8d7fa9}" />
      </MissingDependency>
      <MissingDependency>
        <Required type="1" schemaName="admin_app" displayName="PowerApps App" solution="CenterofExcellenceCoreComponents (3.45.3)" />
        <Dependent type="29" displayName="Admin | Set app quarantine status" id="{957255ce-1b93-ec11-b400-000d3a8fc5c7}" />
      </MissingDependency>
      <MissingDependency>
        <Required type="1" schemaName="admin_app" displayName="PowerApps App" solution="CenterofExcellenceCoreComponents (3.45.3)" />
        <Dependent type="29" displayName="Request Orphaned Objects Reassigned (Child)" id="{a405dd4c-78e5-eb11-bacb-000d3a8edeaa}" />
      </MissingDependency>
      <MissingDependency>
        <Required type="1" schemaName="admin_app" displayName="PowerApps App" solution="CenterofExcellenceCoreComponents (3.45.3)" />
        <Dependent type="29" displayName="HELPER - CanvasAppOperations Gov" id="{ab3784ff-ceef-eb11-bacb-00224820693c}" />
      </MissingDependency>
      <MissingDependency>
        <Required type="1" schemaName="admin_app" displayName="PowerApps App" solution="CenterofExcellenceCoreComponents (3.45.3)" />
        <Dependent type="29" displayName="Admin | Inactivity notifications v2 (Start Approval for Apps)" id="{d740e841-7057-eb11-a812-000d3a9964a5}" />
      </MissingDependency>
      <MissingDependency>
        <Required type="1" schemaName="admin_app" displayName="PowerApps App" solution="CenterofExcellenceCoreComponents (3.45.3)" />
        <Dependent type="29" displayName="Request Orphaned Objects Reassigned (Parent)" id="{d9d55dca-d9e4-eb11-bacb-000d3a8edeaa}" />
      </MissingDependency>
      <MissingDependency>
        <Required type="1" schemaName="admin_app" displayName="PowerApps App" solution="CenterofExcellenceCoreComponents (3.45.3)" />
        <Dependent type="300" schemaName="admin_appandflowarchiveandcleanupview_9feed" displayName="App and Flow Inactivity Notifications Clean Up View" />
      </MissingDependency>
      <MissingDependency>
        <Required type="1" schemaName="admin_app" displayName="PowerApps App" solution="CenterofExcellenceCoreComponents (3.45.3)" />
        <Dependent type="300" schemaName="admin_cleanupoldobjectsapp_de6d5" displayName="Cleanup Old Objects App" />
      </MissingDependency>
      <MissingDependency>
        <Required type="1" schemaName="admin_app" displayName="PowerApps App" solution="CenterofExcellenceCoreComponents (3.45.3)" />
        <Dependent type="300" schemaName="admin_powerappcreatorportal_046cc" displayName="Developer Compliance Center" />
      </MissingDependency>
      <MissingDependency>
        <Required type="1" schemaName="admin_archiveapproval" displayName="Archive Approval " solution="CenterofExcellenceCoreComponents (3.45.3)" />
        <Dependent type="1" schemaName="admin_archiveapproval" displayName="Archive Approval " />
      </MissingDependency>
      <MissingDependency>
        <Required type="1" schemaName="admin_connectionreference" displayName="CoE Connection Reference" solution="CenterofExcellenceCoreComponents (3.45.3)" />
        <Dependent type="300" schemaName="admin_powerappcreatorportal_046cc" displayName="Developer Compliance Center" />
      </MissingDependency>
      <MissingDependency>
        <Required type="1" schemaName="admin_connector" displayName="PowerApps Connector" solution="CenterofExcellenceCoreComponents (3.45.3)" />
        <Dependent type="300" schemaName="admin_powerappcreatorportal_046cc" displayName="Developer Compliance Center" />
      </MissingDependency>
      <MissingDependency>
        <Required type="1" schemaName="admin_environment" displayName="Environment" solution="CenterofExcellenceCoreComponents (3.45.3)" />
        <Dependent type="29" displayName="Microsoft Teams Admin | Ask for Business Justification when Microsoft Teams environment is created" id="{33024c20-c222-eb11-a813-000d3a1bb495}" />
      </MissingDependency>
      <MissingDependency>
        <Required type="1" schemaName="admin_environment" displayName="Environment" solution="CenterofExcellenceCoreComponents (3.45.3)" />
        <Dependent type="29" displayName="Admin | Inactivity notifications v2 (Check Approval)" id="{6c0522f0-6256-eb11-a812-000d3a996adc}" />
      </MissingDependency>
      <MissingDependency>
        <Required type="1" schemaName="admin_environment" displayName="Environment" solution="CenterofExcellenceCoreComponents (3.45.3)" />
        <Dependent type="29" displayName="Microsoft Teams Admin  | Weekly Clean Up of Microsoft Teams environments" id="{708e4fc8-5e23-eb11-a813-000d3a1bb495}" />
      </MissingDependency>
      <MissingDependency>
        <Required type="1" schemaName="admin_environment" displayName="Environment" solution="CenterofExcellenceCoreComponents (3.45.3)" />
        <Dependent type="29" displayName="Admin | Inactivity notifications v2 (Clean Up and Delete)" id="{78466552-7e56-eb11-a812-000d3a996adc}" />
      </MissingDependency>
      <MissingDependency>
        <Required type="1" schemaName="admin_environment" displayName="Environment" solution="CenterofExcellenceCoreComponents (3.45.3)" />
        <Dependent type="29" displayName="Microsoft Teams Admin | Send Reminder Mail" id="{87805138-5b67-ec11-8f8f-000d3a15a009}" />
      </MissingDependency>
      <MissingDependency>
        <Required type="1" schemaName="admin_environment" displayName="Environment" solution="CenterofExcellenceCoreComponents (3.45.3)" />
        <Dependent type="29" displayName="HELPER - CloudFlowOperations Gov" id="{b538d20c-d1ef-eb11-bacb-00224820693c}" />
      </MissingDependency>
      <MissingDependency>
        <Required type="1" schemaName="admin_environment" displayName="Environment" solution="CenterofExcellenceCoreComponents (3.45.3)" />
        <Dependent type="300" schemaName="admin_appandflowarchiveandcleanupview_9feed" displayName="App and Flow Inactivity Notifications Clean Up View" />
      </MissingDependency>
      <MissingDependency>
        <Required type="1" schemaName="admin_environment" displayName="Environment" solution="CenterofExcellenceCoreComponents (3.45.3)" />
        <Dependent type="300" schemaName="admin_cleanupoldobjectsapp_de6d5" displayName="Cleanup Old Objects App" />
      </MissingDependency>
      <MissingDependency>
        <Required type="1" schemaName="admin_environment" displayName="Environment" solution="CenterofExcellenceCoreComponents (3.45.3)" />
        <Dependent type="300" schemaName="admin_powerappcreatorportal_046cc" displayName="Developer Compliance Center" />
      </MissingDependency>
      <MissingDependency>
        <Required type="1" schemaName="admin_flow" displayName="Flow" solution="CenterofExcellenceCoreComponents (3.45.3)" />
        <Dependent type="10" schemaName="admin_ArchiveApproval_FlowLookup_admin_Fl" displayName="admin_ArchiveApproval_FlowLookup_admin_Fl" parentSchemaName="admin_archiveapproval" parentDisplayName="Archive Approval " />
      </MissingDependency>
      <MissingDependency>
        <Required type="1" schemaName="admin_flow" displayName="Flow" solution="CenterofExcellenceCoreComponents (3.45.3)" />
        <Dependent type="29" displayName="Admin | Inactivity notifications v2 (Check Approval)" id="{6c0522f0-6256-eb11-a812-000d3a996adc}" />
      </MissingDependency>
      <MissingDependency>
        <Required type="1" schemaName="admin_flow" displayName="Flow" solution="CenterofExcellenceCoreComponents (3.45.3)" />
        <Dependent type="29" displayName="Admin | Inactivity notifications v2 (Clean Up and Delete)" id="{78466552-7e56-eb11-a812-000d3a996adc}" />
      </MissingDependency>
      <MissingDependency>
        <Required type="1" schemaName="admin_flow" displayName="Flow" solution="CenterofExcellenceCoreComponents (3.45.3)" />
        <Dependent type="29" displayName="Admin | Inactivity notifications v2 (Start Approval for Flows)" id="{7e68d839-0556-eb11-a812-000d3a996adc}" />
      </MissingDependency>
      <MissingDependency>
        <Required type="1" schemaName="admin_flow" displayName="Flow" solution="CenterofExcellenceCoreComponents (3.45.3)" />
        <Dependent type="29" displayName="Admin | Email Managers Ignored Inactivity notifications Approvals" id="{924f83f0-9fbe-eb11-8236-000d3a8d7fa9}" />
      </MissingDependency>
      <MissingDependency>
        <Required type="1" schemaName="admin_flow" displayName="Flow" solution="CenterofExcellenceCoreComponents (3.45.3)" />
        <Dependent type="29" displayName="Request Orphaned Objects Reassigned (Child)" id="{a405dd4c-78e5-eb11-bacb-000d3a8edeaa}" />
      </MissingDependency>
      <MissingDependency>
        <Required type="1" schemaName="admin_flow" displayName="Flow" solution="CenterofExcellenceCoreComponents (3.45.3)" />
        <Dependent type="29" displayName="HELPER - CloudFlowOperations Gov" id="{b538d20c-d1ef-eb11-bacb-00224820693c}" />
      </MissingDependency>
      <MissingDependency>
        <Required type="1" schemaName="admin_flow" displayName="Flow" solution="CenterofExcellenceCoreComponents (3.45.3)" />
        <Dependent type="29" displayName="Request Orphaned Objects Reassigned (Parent)" id="{d9d55dca-d9e4-eb11-bacb-000d3a8edeaa}" />
      </MissingDependency>
      <MissingDependency>
        <Required type="1" schemaName="admin_flow" displayName="Flow" solution="CenterofExcellenceCoreComponents (3.45.3)" />
        <Dependent type="300" schemaName="admin_appandflowarchiveandcleanupview_9feed" displayName="App and Flow Inactivity Notifications Clean Up View" />
      </MissingDependency>
      <MissingDependency>
        <Required type="1" schemaName="admin_flow" displayName="Flow" solution="CenterofExcellenceCoreComponents (3.45.3)" />
        <Dependent type="300" schemaName="admin_cleanupoldobjectsapp_de6d5" displayName="Cleanup Old Objects App" />
      </MissingDependency>
      <MissingDependency>
        <Required type="1" schemaName="admin_flow" displayName="Flow" solution="CenterofExcellenceCoreComponents (3.45.3)" />
        <Dependent type="300" schemaName="admin_powerappcreatorportal_046cc" displayName="Developer Compliance Center" />
      </MissingDependency>
      <MissingDependency>
        <Required type="1" schemaName="admin_maker" displayName="Maker" solution="CenterofExcellenceCoreComponents (3.45.3)" />
        <Dependent type="29" displayName="Microsoft Teams Admin | Ask for Business Justification when Microsoft Teams environment is created" id="{33024c20-c222-eb11-a813-000d3a1bb495}" />
      </MissingDependency>
      <MissingDependency>
        <Required type="1" schemaName="admin_maker" displayName="Maker" solution="CenterofExcellenceCoreComponents (3.45.3)" />
        <Dependent type="29" displayName="Admin | Email Managers Ignored Inactivity notifications Approvals" id="{924f83f0-9fbe-eb11-8236-000d3a8d7fa9}" />
      </MissingDependency>
      <MissingDependency>
        <Required type="1" schemaName="admin_maker" displayName="Maker" solution="CenterofExcellenceCoreComponents (3.45.3)" />
        <Dependent type="29" displayName="Admin | Set app quarantine status" id="{957255ce-1b93-ec11-b400-000d3a8fc5c7}" />
      </MissingDependency>
      <MissingDependency>
        <Required type="1" schemaName="admin_maker" displayName="Maker" solution="CenterofExcellenceCoreComponents (3.45.3)" />
        <Dependent type="29" displayName="Request Orphaned Objects Reassigned (Child)" id="{a405dd4c-78e5-eb11-bacb-000d3a8edeaa}" />
      </MissingDependency>
      <MissingDependency>
        <Required type="1" schemaName="admin_maker" displayName="Maker" solution="CenterofExcellenceCoreComponents (3.45.3)" />
        <Dependent type="29" displayName="Request Orphaned Objects Reassigned (Parent)" id="{d9d55dca-d9e4-eb11-bacb-000d3a8edeaa}" />
      </MissingDependency>
      <MissingDependency>
        <Required type="1" schemaName="admin_maker" displayName="Maker" solution="CenterofExcellenceCoreComponents (3.45.3)" />
        <Dependent type="300" schemaName="admin_cleanupoldobjectsapp_de6d5" displayName="Cleanup Old Objects App" />
      </MissingDependency>
      <MissingDependency>
        <Required type="1" schemaName="admin_maker" displayName="Maker" solution="CenterofExcellenceCoreComponents (3.45.3)" />
        <Dependent type="300" schemaName="admin_powerappcreatorportal_046cc" displayName="Developer Compliance Center" />
      </MissingDependency>
      <MissingDependency>
        <Required type="1" schemaName="admin_powerplatformuser" displayName="Power Platform User" solution="CenterofExcellenceCoreComponents (3.45.3)" />
        <Dependent type="29" displayName="HELPER - CanvasAppOperations Gov" id="{ab3784ff-ceef-eb11-bacb-00224820693c}" />
      </MissingDependency>
      <MissingDependency>
        <Required type="1" schemaName="admin_powerplatformuser" displayName="Power Platform User" solution="CenterofExcellenceCoreComponents (3.45.3)" />
        <Dependent type="29" displayName="HELPER - CloudFlowOperations Gov" id="{b538d20c-d1ef-eb11-bacb-00224820693c}" />
      </MissingDependency>
      <MissingDependency>
        <Required type="1" schemaName="admin_powerplatformuser" displayName="Power Platform User" solution="CenterofExcellenceCoreComponents (3.45.3)" />
        <Dependent type="300" schemaName="admin_powerappcreatorportal_046cc" displayName="Developer Compliance Center" />
      </MissingDependency>
      <MissingDependency>
        <Required type="1" schemaName="admin_powerplatformuserrole" displayName="Power Platform User Role" solution="CenterofExcellenceCoreComponents (3.45.3)" />
        <Dependent type="29" displayName="HELPER - CanvasAppOperations Gov" id="{ab3784ff-ceef-eb11-bacb-00224820693c}" />
      </MissingDependency>
      <MissingDependency>
        <Required type="1" schemaName="admin_powerplatformuserrole" displayName="Power Platform User Role" solution="CenterofExcellenceCoreComponents (3.45.3)" />
        <Dependent type="300" schemaName="admin_powerappcreatorportal_046cc" displayName="Developer Compliance Center" />
      </MissingDependency>
      <MissingDependency>
        <Required type="1" schemaName="admin_pva" displayName="PVA" solution="CenterofExcellenceCoreComponents (3.45.3)" />
        <Dependent type="300" schemaName="admin_powerappcreatorportal_046cc" displayName="Developer Compliance Center" />
      </MissingDependency>
      <MissingDependency>
        <Required type="1" schemaName="admin_rpa" displayName="Desktop flow" solution="CenterofExcellenceCoreComponents (3.45.3)" />
        <Dependent type="300" schemaName="admin_powerappcreatorportal_046cc" displayName="Developer Compliance Center" />
      </MissingDependency>
      <MissingDependency>
        <Required type="1" schemaName="connectionreference" displayName="Connection Reference" solution="PowerPlatformConnectionReferences (1.2.7.0)">
          <package>PowerPlatformConnectionReferencesAnchor (1.2.7.0)</package>
        </Required>
        <Dependent type="300" schemaName="admin_powerappcreatorportal_046cc" displayName="Developer Compliance Center" />
      </MissingDependency>
      <MissingDependency>
        <Required type="1" schemaName="environmentvariabledefinition" displayName="Environment Variable Definition" solution="EnvironmentVariables (1.0.2.141)" />
        <Dependent type="29" displayName="Admin | Inactivity notifications v2 (Start Approval for Flows)" id="{7e68d839-0556-eb11-a812-000d3a996adc}" />
      </MissingDependency>
      <MissingDependency>
        <Required type="1" schemaName="environmentvariabledefinition" displayName="Environment Variable Definition" solution="EnvironmentVariables (1.0.2.141)" />
        <Dependent type="29" displayName="Admin | Email Managers Ignored Inactivity notifications Approvals" id="{924f83f0-9fbe-eb11-8236-000d3a8d7fa9}" />
      </MissingDependency>
      <MissingDependency>
        <Required type="1" schemaName="environmentvariabledefinition" displayName="Environment Variable Definition" solution="EnvironmentVariables (1.0.2.141)" />
        <Dependent type="29" displayName="Admin | Inactivity notifications v2 (Start Approval for Apps)" id="{d740e841-7057-eb11-a812-000d3a9964a5}" />
      </MissingDependency>
      <MissingDependency>
        <Required type="1" schemaName="environmentvariabledefinition" displayName="Environment Variable Definition" solution="EnvironmentVariables (1.0.2.141)" />
        <Dependent type="300" schemaName="admin_cleanupoldobjectsapp_de6d5" displayName="Cleanup Old Objects App" />
      </MissingDependency>
      <MissingDependency>
        <Required type="1" schemaName="environmentvariabledefinition" displayName="Environment Variable Definition" solution="EnvironmentVariables (1.0.2.141)" />
        <Dependent type="300" schemaName="admin_powerappcreatorportal_046cc" displayName="Developer Compliance Center" />
      </MissingDependency>
      <MissingDependency>
        <Required type="1" schemaName="environmentvariablevalue" displayName="Environment Variable Value" solution="EnvironmentVariables (1.0.2.141)" />
        <Dependent type="29" displayName="Admin | Inactivity notifications v2 (Start Approval for Flows)" id="{7e68d839-0556-eb11-a812-000d3a996adc}" />
      </MissingDependency>
      <MissingDependency>
        <Required type="1" schemaName="environmentvariablevalue" displayName="Environment Variable Value" solution="EnvironmentVariables (1.0.2.141)" />
        <Dependent type="29" displayName="Admin | Email Managers Ignored Inactivity notifications Approvals" id="{924f83f0-9fbe-eb11-8236-000d3a8d7fa9}" />
      </MissingDependency>
      <MissingDependency>
        <Required type="1" schemaName="environmentvariablevalue" displayName="Environment Variable Value" solution="EnvironmentVariables (1.0.2.141)" />
        <Dependent type="29" displayName="Admin | Inactivity notifications v2 (Start Approval for Apps)" id="{d740e841-7057-eb11-a812-000d3a9964a5}" />
      </MissingDependency>
      <MissingDependency>
        <Required type="1" schemaName="environmentvariablevalue" displayName="Environment Variable Value" solution="EnvironmentVariables (1.0.2.141)" />
        <Dependent type="300" schemaName="admin_cleanupoldobjectsapp_de6d5" displayName="Cleanup Old Objects App" />
      </MissingDependency>
      <MissingDependency>
        <Required type="1" schemaName="environmentvariablevalue" displayName="Environment Variable Value" solution="EnvironmentVariables (1.0.2.141)" />
        <Dependent type="300" schemaName="admin_powerappcreatorportal_046cc" displayName="Developer Compliance Center" />
      </MissingDependency>
      <MissingDependency>
        <Required type="1" schemaName="msdyn_flow_approvalresponse" displayName="Approval Response" solution="msdyn_FlowApprovalsCore (2.0.3.1)">
          <package>msdyn_FlowApprovals (2.0.3.1)</package>
        </Required>
        <Dependent type="29" displayName="Admin | Inactivity notifications v2 (Check Approval)" id="{6c0522f0-6256-eb11-a812-000d3a996adc}" />
      </MissingDependency>
      <MissingDependency>
        <Required type="2" schemaName="admin_appid" displayName="App" parentSchemaName="admin_app" parentDisplayName="PowerApps App" solution="CenterofExcellenceCoreComponents (3.45.3)" />
        <Dependent type="10" schemaName="admin_ArchiveApproval_AppLookup_admin_App" displayName="admin_ArchiveApproval_AppLookup_admin_App" parentSchemaName="admin_archiveapproval" parentDisplayName="Archive Approval " />
      </MissingDependency>
      <MissingDependency>
        <Required type="2" schemaName="admin_displayname" displayName="App Display Name" parentSchemaName="admin_app" parentDisplayName="PowerApps App" solution="CenterofExcellenceCoreComponents (3.45.3)" />
        <Dependent type="10" schemaName="admin_ArchiveApproval_AppLookup_admin_App" displayName="admin_ArchiveApproval_AppLookup_admin_App" parentSchemaName="admin_archiveapproval" parentDisplayName="Archive Approval " />
      </MissingDependency>
      <MissingDependency>
        <Required type="2" schemaName="admin_quarantineapp" displayName="Quarantine App" parentSchemaName="admin_app" parentDisplayName="PowerApps App" solution="CenterofExcellenceCoreComponents (3.45.3)" />
        <Dependent type="29" displayName="Admin | Set app quarantine status" id="{957255ce-1b93-ec11-b400-000d3a8fc5c7}" />
      </MissingDependency>
      <MissingDependency>
        <Required type="2" schemaName="admin_displayname" displayName="Display Name" parentSchemaName="admin_flow" parentDisplayName="Flow" solution="CenterofExcellenceCoreComponents (3.45.3)" />
        <Dependent type="10" schemaName="admin_ArchiveApproval_FlowLookup_admin_Fl" displayName="admin_ArchiveApproval_FlowLookup_admin_Fl" parentSchemaName="admin_archiveapproval" parentDisplayName="Archive Approval " />
      </MissingDependency>
      <MissingDependency>
        <Required type="2" schemaName="admin_flowid" displayName="Flow" parentSchemaName="admin_flow" parentDisplayName="Flow" solution="CenterofExcellenceCoreComponents (3.45.3)" />
        <Dependent type="10" schemaName="admin_ArchiveApproval_FlowLookup_admin_Fl" displayName="admin_ArchiveApproval_FlowLookup_admin_Fl" parentSchemaName="admin_archiveapproval" parentDisplayName="Archive Approval " />
      </MissingDependency>
      <MissingDependency>
        <Required type="29" displayName="HELPER - Maker Check" solution="CenterofExcellenceCoreComponents (3.45.3)" id="{9301f01a-cb40-ec11-8c62-00224829b4c1}" />
        <Dependent type="29" displayName="HELPER - CanvasAppOperations Gov" id="{ab3784ff-ceef-eb11-bacb-00224820693c}" />
      </MissingDependency>
      <MissingDependency>
        <Required type="29" displayName="HELPER - Maker Check" solution="CenterofExcellenceCoreComponents (3.45.3)" id="{9301f01a-cb40-ec11-8c62-00224829b4c1}" />
        <Dependent type="29" displayName="HELPER - CloudFlowOperations Gov" id="{b538d20c-d1ef-eb11-bacb-00224820693c}" />
      </MissingDependency>
      <MissingDependency>
        <Required type="9" schemaName="admin_admin_archiveapproval_complete" displayName="Local Enumeration" solution="CenterofExcellenceCoreComponents (3.45.3)" />
        <Dependent type="9" schemaName="admin_admin_archiveapproval_complete" displayName="Local Enumeration" />
      </MissingDependency>
      <MissingDependency>
        <Required type="9" schemaName="admin_archiveapproval_statecode" displayName="Status" solution="CenterofExcellenceCoreComponents (3.45.3)" />
        <Dependent type="9" schemaName="admin_archiveapproval_statecode" displayName="Status" />
      </MissingDependency>
      <MissingDependency>
        <Required type="9" schemaName="admin_archiveapproval_statuscode" displayName="Status Reason" solution="CenterofExcellenceCoreComponents (3.45.3)" />
        <Dependent type="9" schemaName="admin_archiveapproval_statuscode" displayName="Status Reason" />
      </MissingDependency>
      <MissingDependency>
        <Required type="9" schemaName="cr5d5_archivalitemtype" displayName="Archival Item Type Options" solution="CenterofExcellenceCoreComponents (3.45.3)" />
        <Dependent type="2" schemaName="cr5d5_archivalitemtype" displayName="Archival Item Type" parentSchemaName="admin_archiveapproval" parentDisplayName="Archive Approval " />
      </MissingDependency>
      <MissingDependency>
        <Required type="9" schemaName="cr5d5_archivalitemtype" displayName="Archival Item Type Options" solution="CenterofExcellenceCoreComponents (3.45.3)" />
        <Dependent type="9" schemaName="cr5d5_archivalitemtype" displayName="Archival Item Type Options" />
      </MissingDependency>
      <MissingDependency>
        <Required type="connectionreference" displayName="admin_CoECoreDataverse" solution="CenterofExcellenceCoreComponents (3.45.3)" id.connectionreferencelogicalname="admin_CoECoreDataverse" />
        <Dependent type="29" displayName="Admin | Quarantine non-compliant apps" id="{086089dc-e290-ec11-b400-000d3a9a39c4}" />
      </MissingDependency>
      <MissingDependency>
        <Required type="connectionreference" displayName="admin_CoECoreDataverse" solution="CenterofExcellenceCoreComponents (3.45.3)" id.connectionreferencelogicalname="admin_CoECoreDataverse" />
        <Dependent type="29" displayName="Admin | Inactivity notifications v2 (Start Approval for Flows)" id="{7e68d839-0556-eb11-a812-000d3a996adc}" />
      </MissingDependency>
      <MissingDependency>
        <Required type="connectionreference" displayName="admin_CoECoreDataverse" solution="CenterofExcellenceCoreComponents (3.45.3)" id.connectionreferencelogicalname="admin_CoECoreDataverse" />
        <Dependent type="29" displayName="Admin | Set app quarantine status" id="{957255ce-1b93-ec11-b400-000d3a8fc5c7}" />
      </MissingDependency>
      <MissingDependency>
        <Required type="connectionreference" displayName="admin_CoECoreDataverse" solution="CenterofExcellenceCoreComponents (3.45.3)" id.connectionreferencelogicalname="admin_CoECoreDataverse" />
        <Dependent type="29" displayName="HELPER - CanvasAppOperations Gov" id="{ab3784ff-ceef-eb11-bacb-00224820693c}" />
      </MissingDependency>
      <MissingDependency>
        <Required type="connectionreference" displayName="admin_CoECoreDataverse" solution="CenterofExcellenceCoreComponents (3.45.3)" id.connectionreferencelogicalname="admin_CoECoreDataverse" />
        <Dependent type="29" displayName="HELPER - CloudFlowOperations Gov" id="{b538d20c-d1ef-eb11-bacb-00224820693c}" />
      </MissingDependency>
      <MissingDependency>
        <Required type="connectionreference" displayName="admin_CoECoreDataverse" solution="CenterofExcellenceCoreComponents (3.45.3)" id.connectionreferencelogicalname="admin_CoECoreDataverse" />
        <Dependent type="29" displayName="Admin | Inactivity notifications v2 (Start Approval for Apps)" id="{d740e841-7057-eb11-a812-000d3a9964a5}" />
      </MissingDependency>
      <MissingDependency>
        <Required type="connectionreference" displayName="admin_CoECoreO365Outlook" solution="CenterofExcellenceCoreComponents (3.45.3)" id.connectionreferencelogicalname="admin_CoECoreO365Outlook" />
        <Dependent type="29" displayName="Admin | Broken Connection Cleanup" id="{75e6d8dc-0015-ed11-b83d-000d3a14e1b9}" />
      </MissingDependency>
      <MissingDependency>
        <Required type="connectionreference" displayName="admin_CoECoreO365Outlook" solution="CenterofExcellenceCoreComponents (3.45.3)" id.connectionreferencelogicalname="admin_CoECoreO365Outlook" />
        <Dependent type="29" displayName="Request Orphaned Objects Reassigned (Parent)" id="{d9d55dca-d9e4-eb11-bacb-000d3a8edeaa}" />
      </MissingDependency>
      <MissingDependency>
        <Required type="connectionreference" displayName="admin_CoECoreO365Users" solution="CenterofExcellenceCoreComponents (3.45.3)" id.connectionreferencelogicalname="admin_CoECoreO365Users" />
        <Dependent type="29" displayName="HELPER - CloudFlowOperations Gov" id="{b538d20c-d1ef-eb11-bacb-00224820693c}" />
      </MissingDependency>
      <MissingDependency>
        <Required type="connectionreference" displayName="admin_CoECorePowerAppsAdmin" solution="CenterofExcellenceCoreComponents (3.45.3)" id.connectionreferencelogicalname="admin_CoECorePowerAppsAdmin" />
        <Dependent type="29" displayName="Admin | Broken Connection Cleanup" id="{75e6d8dc-0015-ed11-b83d-000d3a14e1b9}" />
      </MissingDependency>
      <MissingDependency>
        <Required type="connectionreference" displayName="admin_CoECorePowerAutomateAdmin" solution="CenterofExcellenceCoreComponents (3.45.3)" id.connectionreferencelogicalname="admin_CoECorePowerAutomateAdmin" />
        <Dependent type="29" displayName="HELPER - CloudFlowOperations Gov" id="{b538d20c-d1ef-eb11-bacb-00224820693c}" />
      </MissingDependency>
      <MissingDependency>
        <Required type="connectionreference" displayName="admin_CoECorePowerPlatformforAdminsEnvRequest" solution="CenterofExcellenceCoreComponents (3.45.3)" id.connectionreferencelogicalname="admin_CoECorePowerPlatformforAdminsEnvRequest" />
        <Dependent type="29" displayName="Admin | Broken Connection Cleanup" id="{75e6d8dc-0015-ed11-b83d-000d3a14e1b9}" />
      </MissingDependency>
      <MissingDependency>
        <Required type="EnvironmentVariableDefinition" displayName="admin_AdminMail" solution="CenterofExcellenceCoreComponents (3.45.3)" id.schemaname="admin_AdminMail" />
        <Dependent type="29" displayName="Microsoft Teams Admin | Ask for Business Justification when Microsoft Teams environment is created" id="{33024c20-c222-eb11-a813-000d3a1bb495}" />
      </MissingDependency>
      <MissingDependency>
        <Required type="EnvironmentVariableDefinition" displayName="admin_AdminMail" solution="CenterofExcellenceCoreComponents (3.45.3)" id.schemaname="admin_AdminMail" />
        <Dependent type="29" displayName="Admin | Inactivity notifications v2 (Check Approval)" id="{6c0522f0-6256-eb11-a812-000d3a996adc}" />
      </MissingDependency>
      <MissingDependency>
        <Required type="EnvironmentVariableDefinition" displayName="admin_AdminMail" solution="CenterofExcellenceCoreComponents (3.45.3)" id.schemaname="admin_AdminMail" />
        <Dependent type="29" displayName="Microsoft Teams Admin  | Weekly Clean Up of Microsoft Teams environments" id="{708e4fc8-5e23-eb11-a813-000d3a1bb495}" />
      </MissingDependency>
      <MissingDependency>
        <Required type="EnvironmentVariableDefinition" displayName="admin_AdminMail" solution="CenterofExcellenceCoreComponents (3.45.3)" id.schemaname="admin_AdminMail" />
        <Dependent type="29" displayName="Admin | Broken Connection Cleanup" id="{75e6d8dc-0015-ed11-b83d-000d3a14e1b9}" />
      </MissingDependency>
      <MissingDependency>
        <Required type="EnvironmentVariableDefinition" displayName="admin_AdminMail" solution="CenterofExcellenceCoreComponents (3.45.3)" id.schemaname="admin_AdminMail" />
        <Dependent type="29" displayName="Admin | Inactivity notifications v2 (Clean Up and Delete)" id="{78466552-7e56-eb11-a812-000d3a996adc}" />
      </MissingDependency>
      <MissingDependency>
        <Required type="EnvironmentVariableDefinition" displayName="admin_AdminMail" solution="CenterofExcellenceCoreComponents (3.45.3)" id.schemaname="admin_AdminMail" />
        <Dependent type="29" displayName="Admin | Inactivity notifications v2 (Start Approval for Flows)" id="{7e68d839-0556-eb11-a812-000d3a996adc}" />
      </MissingDependency>
      <MissingDependency>
        <Required type="EnvironmentVariableDefinition" displayName="admin_AdminMail" solution="CenterofExcellenceCoreComponents (3.45.3)" id.schemaname="admin_AdminMail" />
        <Dependent type="29" displayName="Microsoft Teams Admin | Send Reminder Mail" id="{87805138-5b67-ec11-8f8f-000d3a15a009}" />
      </MissingDependency>
      <MissingDependency>
        <Required type="EnvironmentVariableDefinition" displayName="admin_AdminMail" solution="CenterofExcellenceCoreComponents (3.45.3)" id.schemaname="admin_AdminMail" />
        <Dependent type="29" displayName="Admin | Email Managers Ignored Inactivity notifications Approvals" id="{924f83f0-9fbe-eb11-8236-000d3a8d7fa9}" />
      </MissingDependency>
      <MissingDependency>
        <Required type="EnvironmentVariableDefinition" displayName="admin_AdminMail" solution="CenterofExcellenceCoreComponents (3.45.3)" id.schemaname="admin_AdminMail" />
        <Dependent type="29" displayName="Admin | Set app quarantine status" id="{957255ce-1b93-ec11-b400-000d3a8fc5c7}" />
      </MissingDependency>
      <MissingDependency>
        <Required type="EnvironmentVariableDefinition" displayName="admin_AdminMail" solution="CenterofExcellenceCoreComponents (3.45.3)" id.schemaname="admin_AdminMail" />
        <Dependent type="29" displayName="Request Orphaned Objects Reassigned (Child)" id="{a405dd4c-78e5-eb11-bacb-000d3a8edeaa}" />
      </MissingDependency>
      <MissingDependency>
        <Required type="EnvironmentVariableDefinition" displayName="admin_AdminMail" solution="CenterofExcellenceCoreComponents (3.45.3)" id.schemaname="admin_AdminMail" />
        <Dependent type="29" displayName="Admin | Inactivity notifications v2 (Start Approval for Apps)" id="{d740e841-7057-eb11-a812-000d3a9964a5}" />
      </MissingDependency>
      <MissingDependency>
        <Required type="EnvironmentVariableDefinition" displayName="admin_AdminMail" solution="CenterofExcellenceCoreComponents (3.45.3)" id.schemaname="admin_AdminMail" />
        <Dependent type="29" displayName="Request Orphaned Objects Reassigned (Parent)" id="{d9d55dca-d9e4-eb11-bacb-000d3a8edeaa}" />
      </MissingDependency>
      <MissingDependency>
        <Required type="EnvironmentVariableDefinition" displayName="admin_ApprovalAdmin" solution="CenterofExcellenceCoreComponents (3.45.3)" id.schemaname="admin_ApprovalAdmin" />
        <Dependent type="29" displayName="Microsoft Teams Admin | Ask for Business Justification when Microsoft Teams environment is created" id="{33024c20-c222-eb11-a813-000d3a1bb495}" />
      </MissingDependency>
      <MissingDependency>
        <Required type="EnvironmentVariableDefinition" displayName="admin_ApprovalAdmin" solution="CenterofExcellenceCoreComponents (3.45.3)" id.schemaname="admin_ApprovalAdmin" />
        <Dependent type="29" displayName="Microsoft Teams Admin  | Weekly Clean Up of Microsoft Teams environments" id="{708e4fc8-5e23-eb11-a813-000d3a1bb495}" />
      </MissingDependency>
      <MissingDependency>
        <Required type="EnvironmentVariableDefinition" displayName="admin_ApprovalAdmin" solution="CenterofExcellenceCoreComponents (3.45.3)" id.schemaname="admin_ApprovalAdmin" />
        <Dependent type="29" displayName="Admin | Inactivity notifications v2 (Start Approval for Flows)" id="{7e68d839-0556-eb11-a812-000d3a996adc}" />
      </MissingDependency>
      <MissingDependency>
        <Required type="EnvironmentVariableDefinition" displayName="admin_ApprovalAdmin" solution="CenterofExcellenceCoreComponents (3.45.3)" id.schemaname="admin_ApprovalAdmin" />
        <Dependent type="29" displayName="Request Orphaned Objects Reassigned (Child)" id="{a405dd4c-78e5-eb11-bacb-000d3a8edeaa}" />
      </MissingDependency>
      <MissingDependency>
        <Required type="EnvironmentVariableDefinition" displayName="admin_ApprovalAdmin" solution="CenterofExcellenceCoreComponents (3.45.3)" id.schemaname="admin_ApprovalAdmin" />
        <Dependent type="29" displayName="Admin | Inactivity notifications v2 (Start Approval for Apps)" id="{d740e841-7057-eb11-a812-000d3a9964a5}" />
      </MissingDependency>
      <MissingDependency>
        <Required type="EnvironmentVariableDefinition" displayName="admin_ApprovalAdmin" solution="CenterofExcellenceCoreComponents (3.45.3)" id.schemaname="admin_ApprovalAdmin" />
        <Dependent type="29" displayName="Request Orphaned Objects Reassigned (Parent)" id="{d9d55dca-d9e4-eb11-bacb-000d3a8edeaa}" />
      </MissingDependency>
      <MissingDependency>
        <Required type="EnvironmentVariableDefinition" displayName="admin_DeveloperComplianceCenterURL" solution="CenterofExcellenceCoreComponents (3.45.3)" id.schemaname="admin_DeveloperComplianceCenterURL" />
        <Dependent type="29" displayName="Admin | Set app quarantine status" id="{957255ce-1b93-ec11-b400-000d3a8fc5c7}" />
      </MissingDependency>
      <MissingDependency>
        <Required type="EnvironmentVariableDefinition" displayName="admin_eMailBodyStart" solution="CenterofExcellenceCoreComponents (3.45.3)" id.schemaname="admin_eMailBodyStart" />
        <Dependent type="29" displayName="Admin | Inactivity notifications v2 (Start Approval for Flows)" id="{7e68d839-0556-eb11-a812-000d3a996adc}" />
      </MissingDependency>
      <MissingDependency>
        <Required type="EnvironmentVariableDefinition" displayName="admin_eMailBodyStart" solution="CenterofExcellenceCoreComponents (3.45.3)" id.schemaname="admin_eMailBodyStart" />
        <Dependent type="29" displayName="Microsoft Teams Admin | Send Reminder Mail" id="{87805138-5b67-ec11-8f8f-000d3a15a009}" />
      </MissingDependency>
      <MissingDependency>
        <Required type="EnvironmentVariableDefinition" displayName="admin_eMailBodyStart" solution="CenterofExcellenceCoreComponents (3.45.3)" id.schemaname="admin_eMailBodyStart" />
        <Dependent type="29" displayName="Admin | Email Managers Ignored Inactivity notifications Approvals" id="{924f83f0-9fbe-eb11-8236-000d3a8d7fa9}" />
      </MissingDependency>
      <MissingDependency>
        <Required type="EnvironmentVariableDefinition" displayName="admin_eMailBodyStart" solution="CenterofExcellenceCoreComponents (3.45.3)" id.schemaname="admin_eMailBodyStart" />
        <Dependent type="29" displayName="Admin | Set app quarantine status" id="{957255ce-1b93-ec11-b400-000d3a8fc5c7}" />
      </MissingDependency>
      <MissingDependency>
        <Required type="EnvironmentVariableDefinition" displayName="admin_eMailBodyStart" solution="CenterofExcellenceCoreComponents (3.45.3)" id.schemaname="admin_eMailBodyStart" />
        <Dependent type="29" displayName="Admin | Inactivity notifications v2 (Start Approval for Apps)" id="{d740e841-7057-eb11-a812-000d3a9964a5}" />
      </MissingDependency>
      <MissingDependency>
        <Required type="EnvironmentVariableDefinition" displayName="admin_eMailBodyStop" solution="CenterofExcellenceCoreComponents (3.45.3)" id.schemaname="admin_eMailBodyStop" />
        <Dependent type="29" displayName="Admin | Inactivity notifications v2 (Start Approval for Flows)" id="{7e68d839-0556-eb11-a812-000d3a996adc}" />
      </MissingDependency>
      <MissingDependency>
        <Required type="EnvironmentVariableDefinition" displayName="admin_eMailBodyStop" solution="CenterofExcellenceCoreComponents (3.45.3)" id.schemaname="admin_eMailBodyStop" />
        <Dependent type="29" displayName="Microsoft Teams Admin | Send Reminder Mail" id="{87805138-5b67-ec11-8f8f-000d3a15a009}" />
      </MissingDependency>
      <MissingDependency>
        <Required type="EnvironmentVariableDefinition" displayName="admin_eMailBodyStop" solution="CenterofExcellenceCoreComponents (3.45.3)" id.schemaname="admin_eMailBodyStop" />
        <Dependent type="29" displayName="Admin | Email Managers Ignored Inactivity notifications Approvals" id="{924f83f0-9fbe-eb11-8236-000d3a8d7fa9}" />
      </MissingDependency>
      <MissingDependency>
        <Required type="EnvironmentVariableDefinition" displayName="admin_eMailBodyStop" solution="CenterofExcellenceCoreComponents (3.45.3)" id.schemaname="admin_eMailBodyStop" />
        <Dependent type="29" displayName="Admin | Set app quarantine status" id="{957255ce-1b93-ec11-b400-000d3a8fc5c7}" />
      </MissingDependency>
      <MissingDependency>
        <Required type="EnvironmentVariableDefinition" displayName="admin_eMailBodyStop" solution="CenterofExcellenceCoreComponents (3.45.3)" id.schemaname="admin_eMailBodyStop" />
        <Dependent type="29" displayName="Admin | Inactivity notifications v2 (Start Approval for Apps)" id="{d740e841-7057-eb11-a812-000d3a9964a5}" />
      </MissingDependency>
      <MissingDependency>
        <Required type="EnvironmentVariableDefinition" displayName="admin_eMailHeaderStyle" solution="CenterofExcellenceCoreComponents (3.45.3)" id.schemaname="admin_eMailHeaderStyle" />
        <Dependent type="29" displayName="Microsoft Teams Admin | Ask for Business Justification when Microsoft Teams environment is created" id="{33024c20-c222-eb11-a813-000d3a1bb495}" />
      </MissingDependency>
      <MissingDependency>
        <Required type="EnvironmentVariableDefinition" displayName="admin_eMailHeaderStyle" solution="CenterofExcellenceCoreComponents (3.45.3)" id.schemaname="admin_eMailHeaderStyle" />
        <Dependent type="29" displayName="Admin | Inactivity notifications v2 (Check Approval)" id="{6c0522f0-6256-eb11-a812-000d3a996adc}" />
      </MissingDependency>
      <MissingDependency>
        <Required type="EnvironmentVariableDefinition" displayName="admin_eMailHeaderStyle" solution="CenterofExcellenceCoreComponents (3.45.3)" id.schemaname="admin_eMailHeaderStyle" />
        <Dependent type="29" displayName="Admin | Broken Connection Cleanup" id="{75e6d8dc-0015-ed11-b83d-000d3a14e1b9}" />
      </MissingDependency>
      <MissingDependency>
        <Required type="EnvironmentVariableDefinition" displayName="admin_eMailHeaderStyle" solution="CenterofExcellenceCoreComponents (3.45.3)" id.schemaname="admin_eMailHeaderStyle" />
        <Dependent type="29" displayName="Admin | Inactivity notifications v2 (Start Approval for Flows)" id="{7e68d839-0556-eb11-a812-000d3a996adc}" />
      </MissingDependency>
      <MissingDependency>
        <Required type="EnvironmentVariableDefinition" displayName="admin_eMailHeaderStyle" solution="CenterofExcellenceCoreComponents (3.45.3)" id.schemaname="admin_eMailHeaderStyle" />
        <Dependent type="29" displayName="Microsoft Teams Admin | Send Reminder Mail" id="{87805138-5b67-ec11-8f8f-000d3a15a009}" />
      </MissingDependency>
      <MissingDependency>
        <Required type="EnvironmentVariableDefinition" displayName="admin_eMailHeaderStyle" solution="CenterofExcellenceCoreComponents (3.45.3)" id.schemaname="admin_eMailHeaderStyle" />
        <Dependent type="29" displayName="Admin | Email Managers Ignored Inactivity notifications Approvals" id="{924f83f0-9fbe-eb11-8236-000d3a8d7fa9}" />
      </MissingDependency>
      <MissingDependency>
        <Required type="EnvironmentVariableDefinition" displayName="admin_eMailHeaderStyle" solution="CenterofExcellenceCoreComponents (3.45.3)" id.schemaname="admin_eMailHeaderStyle" />
        <Dependent type="29" displayName="Admin | Set app quarantine status" id="{957255ce-1b93-ec11-b400-000d3a8fc5c7}" />
      </MissingDependency>
      <MissingDependency>
        <Required type="EnvironmentVariableDefinition" displayName="admin_eMailHeaderStyle" solution="CenterofExcellenceCoreComponents (3.45.3)" id.schemaname="admin_eMailHeaderStyle" />
        <Dependent type="29" displayName="Admin | Inactivity notifications v2 (Start Approval for Apps)" id="{d740e841-7057-eb11-a812-000d3a9964a5}" />
      </MissingDependency>
      <MissingDependency>
        <Required type="EnvironmentVariableDefinition" displayName="admin_PowerAutomateEnvironmentVariable" solution="CenterofExcellenceCoreComponents (3.45.3)" id.schemaname="admin_PowerAutomateEnvironmentVariable" />
        <Dependent type="29" displayName="Request Orphaned Objects Reassigned (Child)" id="{a405dd4c-78e5-eb11-bacb-000d3a8edeaa}" />
      </MissingDependency>
      <MissingDependency>
        <Required type="EnvironmentVariableDefinition" displayName="admin_ProductionEnvironment" solution="CenterofExcellenceCoreComponents (3.45.3)" id.schemaname="admin_ProductionEnvironment" />
        <Dependent type="29" displayName="Microsoft Teams Admin | Ask for Business Justification when Microsoft Teams environment is created" id="{33024c20-c222-eb11-a813-000d3a1bb495}" />
      </MissingDependency>
      <MissingDependency>
        <Required type="EnvironmentVariableDefinition" displayName="admin_ProductionEnvironment" solution="CenterofExcellenceCoreComponents (3.45.3)" id.schemaname="admin_ProductionEnvironment" />
        <Dependent type="29" displayName="Microsoft Teams Admin  | Weekly Clean Up of Microsoft Teams environments" id="{708e4fc8-5e23-eb11-a813-000d3a1bb495}" />
      </MissingDependency>
      <MissingDependency>
        <Required type="EnvironmentVariableDefinition" displayName="admin_ProductionEnvironment" solution="CenterofExcellenceCoreComponents (3.45.3)" id.schemaname="admin_ProductionEnvironment" />
        <Dependent type="29" displayName="Admin | Broken Connection Cleanup" id="{75e6d8dc-0015-ed11-b83d-000d3a14e1b9}" />
      </MissingDependency>
      <MissingDependency>
        <Required type="EnvironmentVariableDefinition" displayName="admin_ProductionEnvironment" solution="CenterofExcellenceCoreComponents (3.45.3)" id.schemaname="admin_ProductionEnvironment" />
        <Dependent type="29" displayName="Admin | Inactivity notifications v2 (Clean Up and Delete)" id="{78466552-7e56-eb11-a812-000d3a996adc}" />
      </MissingDependency>
      <MissingDependency>
        <Required type="EnvironmentVariableDefinition" displayName="admin_ProductionEnvironment" solution="CenterofExcellenceCoreComponents (3.45.3)" id.schemaname="admin_ProductionEnvironment" />
        <Dependent type="29" displayName="Admin | Inactivity notifications v2 (Start Approval for Flows)" id="{7e68d839-0556-eb11-a812-000d3a996adc}" />
      </MissingDependency>
      <MissingDependency>
        <Required type="EnvironmentVariableDefinition" displayName="admin_ProductionEnvironment" solution="CenterofExcellenceCoreComponents (3.45.3)" id.schemaname="admin_ProductionEnvironment" />
        <Dependent type="29" displayName="Microsoft Teams Admin | Send Reminder Mail" id="{87805138-5b67-ec11-8f8f-000d3a15a009}" />
      </MissingDependency>
      <MissingDependency>
        <Required type="EnvironmentVariableDefinition" displayName="admin_ProductionEnvironment" solution="CenterofExcellenceCoreComponents (3.45.3)" id.schemaname="admin_ProductionEnvironment" />
        <Dependent type="29" displayName="Admin | Email Managers Ignored Inactivity notifications Approvals" id="{924f83f0-9fbe-eb11-8236-000d3a8d7fa9}" />
      </MissingDependency>
      <MissingDependency>
        <Required type="EnvironmentVariableDefinition" displayName="admin_ProductionEnvironment" solution="CenterofExcellenceCoreComponents (3.45.3)" id.schemaname="admin_ProductionEnvironment" />
        <Dependent type="29" displayName="Admin | Set app quarantine status" id="{957255ce-1b93-ec11-b400-000d3a8fc5c7}" />
      </MissingDependency>
      <MissingDependency>
        <Required type="EnvironmentVariableDefinition" displayName="admin_ProductionEnvironment" solution="CenterofExcellenceCoreComponents (3.45.3)" id.schemaname="admin_ProductionEnvironment" />
        <Dependent type="29" displayName="Request Orphaned Objects Reassigned (Child)" id="{a405dd4c-78e5-eb11-bacb-000d3a8edeaa}" />
      </MissingDependency>
      <MissingDependency>
        <Required type="EnvironmentVariableDefinition" displayName="admin_ProductionEnvironment" solution="CenterofExcellenceCoreComponents (3.45.3)" id.schemaname="admin_ProductionEnvironment" />
        <Dependent type="29" displayName="Admin | Inactivity notifications v2 (Start Approval for Apps)" id="{d740e841-7057-eb11-a812-000d3a9964a5}" />
      </MissingDependency>
      <MissingDependency>
        <Required type="EnvironmentVariableDefinition" displayName="admin_ProductionEnvironment" solution="CenterofExcellenceCoreComponents (3.45.3)" id.schemaname="admin_ProductionEnvironment" />
        <Dependent type="29" displayName="Request Orphaned Objects Reassigned (Parent)" id="{d9d55dca-d9e4-eb11-bacb-000d3a8edeaa}" />
      </MissingDependency>
    </MissingDependencies>
  </SolutionManifest>
</ImportExportXml>