{   "properties": {     "connectionReferences": {       "shared_commondataservice": {         "runtimeSource": "embedded",         "connection": {           "connectionReferenceLogicalName": "admin_CoECoreDataverseLegacy"         },         "api": {           "name": "shared_commondataservice"         }       },       "shared_powerplatformforadmins_1": {         "runtimeSource": "embedded",         "connection": {           "connectionReferenceLogicalName": "admin_CoECorePowerPlatformforAdmins"         },         "api": {           "name": "shared_powerplatformforadmins"         }       },       "shared_commondataserviceforapps": {         "runtimeSource": "embedded",         "connection": {           "connectionReferenceLogicalName": "admin_CoECoreDataverse"         },         "api": {           "name": "shared_commondataserviceforapps"         }       }     },     "definition": {       "$schema": "https://schema.management.azure.com/providers/Microsoft.Logic/schemas/2016-06-01/workflowdefinition.json#",       "contentVersion": "1.0.0.0",       "parameters": {         "$connections": {           "defaultValue": {},           "type": "Object"         },         "$authentication": {           "defaultValue": {},           "type": "SecureObject"         },         "Power Automate Environment Variable (admin_PowerAutomateEnvironmentVariable)": {           "defaultValue": "https://us.flow.microsoft.com/manage/environments/",           "type": "String",           "metadata": {             "schemaName": "admin_PowerAutomateEnvironmentVariable",             "description": "Environment, including geographic location, for Power Automate - Ex for commercial: https://flow.microsoft.com/manage/environments/"           }         },         "FullInventory (admin_FullInventory)": {           "defaultValue": false,           "type": "Bool",           "metadata": {             "schemaName": "admin_FullInventory",             "description": "Determines if you want to only update objects that have changed, or all objects. Defaults to No. Switching to Yes will cause the flows to inventory every single app/flow/etc in the tenant and make the flows long running "           }         }       },       "triggers": {         "When_a_record_is_created_or_updated": {           "metadata": {             "operationMetadataId": "6e0614d6-4f90-4354-82f1-1727dc613c50"           },           "type": "OpenApiConnectionWebhook",           "inputs": {             "host": {               "connectionName": "shared_commondataserviceforapps",               "operationId": "SubscribeWebhookTrigger",               "apiId": "/providers/Microsoft.PowerApps/apis/shared_commondataserviceforapps"             },             "parameters": {               "subscriptionRequest/message": 4,               "subscriptionRequest/entityname": "admin_environment",               "subscriptionRequest/scope": 4             },             "authentication": "@parameters('$authentication')"           }         }       },       "actions": {         "Check_if_CDS,_terminate_if_false": {           "actions": {             "Not_CDS_so_no_PVA_Bots": {               "runAfter": {},               "metadata": {                 "operationMetadataId": "e2e97fee-3f7d-4039-bcff-dc2a4aa56f06"               },               "type": "Terminate",               "inputs": {                 "runStatus": "Succeeded"               }             }           },           "runAfter": {             "Check_if_Environment_Deleted,_terminate_if_true": [               "Succeeded"             ]           },           "expression": {             "equals": [               "@triggerOutputs()?['body/admin_hascds']",               "@false"             ]           },           "metadata": {             "operationMetadataId": "4c73c6d2-c504-4af3-9bb2-353010cf6e61"           },           "type": "If"         },         "Check_if_Dev_SKU,_terminate_if_true": {           "actions": {             "Inquiry_not_supported_for_Dev_Sku": {               "runAfter": {},               "metadata": {                 "operationMetadataId": "07e3db40-bfd9-4212-bd95-2089d20f54dd"               },               "type": "Terminate",               "inputs": {                 "runStatus": "Succeeded"               }             }           },           "runAfter": {             "Check_if_CDS,_terminate_if_false": [               "Succeeded"             ]           },           "expression": {             "equals": [               "@triggerOutputs()?['body/admin_environmentsku']",               "Developer"             ]           },           "metadata": {             "operationMetadataId": "915772cd-d1ec-42b6-9a83-109194b2cab1"           },           "type": "If"         },         "Check_if_Environment_Deleted,_terminate_if_true": {           "actions": {             "Terminate_for_environments_marked_deleted": {               "runAfter": {},               "metadata": {                 "operationMetadataId": "5cda13cc-953b-42c4-843e-66d61f674663"               },               "type": "Terminate",               "inputs": {                 "runStatus": "Succeeded"               }             }           },           "runAfter": {},           "expression": {             "equals": [               "@triggerOutputs()?['body/admin_environmentdeleted']",               "@true"             ]           },           "metadata": {             "operationMetadataId": "528ad957-e94c-4db9-9a78-367f3108f968"           },           "type": "If"         },         "Exit_if_no_bots_in_envt": {           "actions": {             "List_Bots": {               "runAfter": {},               "metadata": {                 "operationMetadataId": "67dc6fd7-3529-4d9f-b64c-50c3bf61584f"               },               "type": "OpenApiConnection",               "inputs": {                 "host": {                   "connectionName": "shared_commondataservice",                   "operationId": "GetItems_V2",                   "apiId": "/providers/Microsoft.PowerApps/apis/shared_commondataservice"                 },                 "parameters": {                   "dataset": "@triggerOutputs()?['body/admin_environmentcdsmetadataname']",                   "table": "bots"                 },                 "authentication": "@parameters('$authentication')",                 "retryPolicy": {                   "type": "exponential",                   "count": 10,                   "interval": "PT10S"                 }               },               "runtimeConfiguration": {                 "paginationPolicy": {                   "minimumItemCount": 100000                 }               }             },             "Quit_if_no_bots": {               "runAfter": {                 "List_Bots": [                   "Failed"                 ]               },               "metadata": {                 "operationMetadataId": "fa04fce0-94f3-43d4-af21-e30e71b0589f"               },               "type": "Terminate",               "inputs": {                 "runStatus": "Succeeded"               }             },             "Count_bots_and_exit_if_empty": {               "actions": {                 "Quit_if_no_bots_2": {                   "runAfter": {},                   "metadata": {                     "operationMetadataId": "fa04fce0-94f3-43d4-af21-e30e71b0589f"                   },                   "type": "Terminate",                   "inputs": {                     "runStatus": "Succeeded"                   }                 }               },               "runAfter": {                 "Quit_if_no_bots": [                   "Skipped"                 ]               },               "expression": {                 "equals": [                   "@length(outputs('List_Bots')?['body/value'])",                   0                 ]               },               "metadata": {                 "operationMetadataId": "e0f91cee-fd71-4f70-92f5-73ee8f4bc012"               },               "type": "If"             }           },           "runAfter": {             "Get_Environment_from_Tenant": [               "Succeeded"             ]           },           "metadata": {             "operationMetadataId": "c8001aee-3246-48a3-bc49-060d14fb2010"           },           "type": "Scope"         },         "Get_Environment_from_Tenant": {           "runAfter": {             "Check_if_Teams_SKU,_terminate_if_true": [               "Succeeded"             ]           },           "metadata": {             "operationMetadataId": "88b9cf75-1ee6-4950-95cb-c85b60c1f81e"           },           "type": "OpenApiConnection",           "inputs": {             "host": {               "connectionName": "shared_powerplatformforadmins_1",               "operationId": "GetSingleEnvironment",               "apiId": "/providers/Microsoft.PowerApps/apis/shared_powerplatformforadmins"             },             "parameters": {               "environment": "@triggerOutputs()?['body/admin_environmentname']",               "api-version": "2020-06-01"             },             "authentication": "@parameters('$authentication')",             "retryPolicy": {               "type": "exponential",               "count": 10,               "interval": "PT10S"             }           }         },         "Get_PVA_fails_-_Error_Handling": {           "actions": {             "Create_a_new_record_-_Sync_Flow_Errors": {               "runAfter": {},               "metadata": {                 "operationMetadataId": "a27f3d5c-2097-4352-87fb-a7e01012dbf0"               },               "type": "OpenApiConnection",               "inputs": {                 "host": {                   "connectionName": "shared_commondataserviceforapps",                   "operationId": "CreateRecord",                   "apiId": "/providers/Microsoft.PowerApps/apis/shared_commondataserviceforapps"                 },                 "parameters": {                   "entityName": "admin_syncflowerrorses",                   "item/admin_name": "Admin | Sync Template v3 (PVA)",                   "item/admin_environmentname": "@triggerOutputs()?['body/admin_displayname']",                   "item/admin_flowinstanceurl": "@concat(variables('flowEnvironment'), workflow()?['tags']['environmentName'], '/flows/', workflow()?['name'], '/runs/', workflow()?['run']['name'])"                 },                 "authentication": "@parameters('$authentication')"               }             },             "Terminate": {               "runAfter": {                 "Create_a_new_record_-_Sync_Flow_Errors": [                   "Succeeded"                 ]               },               "metadata": {                 "operationMetadataId": "52de3289-940f-47db-8abb-5ff162335983"               },               "type": "Terminate",               "inputs": {                 "runStatus": "Failed",                 "runError": {                   "code": "500",                   "message": "Get PVAs Failed"                 }               }             }           },           "runAfter": {             "Put_Bots_in_CoE": [               "Failed"             ]           },           "metadata": {             "operationMetadataId": "23e507d5-284e-432c-aa48-d9291cb1ec7e"           },           "type": "Scope"         },         "Initialize_ChangedBots": {           "runAfter": {             "Exit_if_no_bots_in_envt": [               "Succeeded"             ]           },           "metadata": {             "operationMetadataId": "b9ef1320-83e9-46f4-9f32-234d5cb2da7a"           },           "type": "InitializeVariable",           "inputs": {             "variables": [               {                 "name": "ChangedBots",                 "type": "array"               }             ]           }         },         "Initialize_isFlowAction": {           "runAfter": {             "Initialize_ChangedBots": [               "Succeeded"             ]           },           "metadata": {             "operationMetadataId": "fb8a9c34-26e0-4b44-9e33-cb2296f7e6cb"           },           "type": "InitializeVariable",           "inputs": {             "variables": [               {                 "name": "isFlowAction",                 "type": "boolean",                 "value": "@false"               }             ]           }         },         "Initialize_varLastLaunched": {           "runAfter": {             "Initialize_varNumberConvos": [               "Succeeded"             ]           },           "metadata": {             "operationMetadataId": "0e285ece-fe95-4ada-9f76-9fabe45c0bb3"           },           "type": "InitializeVariable",           "inputs": {             "variables": [               {                 "name": "varLastLaunched",                 "type": "string",                 "value": "1990-01-01T15:24:42Z"               }             ]           }         },         "Initialize_varNumberConvos": {           "runAfter": {             "Initialize_isFlowAction": [               "Succeeded"             ]           },           "metadata": {             "operationMetadataId": "c94930cb-ce9c-4e92-aef6-67ad5d6c4970"           },           "type": "InitializeVariable",           "inputs": {             "variables": [               {                 "name": "varNumberConvos",                 "type": "integer",                 "value": 0               }             ]           }         },         "Initialize_variable_BotNeedsUpdateToCoE": {           "runAfter": {             "Initialize_variable_isNewToCoE": [               "Succeeded"             ]           },           "metadata": {             "operationMetadataId": "135a94f0-542d-4498-8888-d35443aac868"           },           "type": "InitializeVariable",           "inputs": {             "variables": [               {                 "name": "BotNeedsUpdateToCoE",                 "type": "boolean",                 "value": "@false"               }             ]           }         },         "Initialize_variable_flowEnvironment": {           "runAfter": {             "Initialize_variable_today": [               "Succeeded"             ]           },           "metadata": {             "operationMetadataId": "58f3185f-e100-4765-a926-69ff0e5bb8e0"           },           "type": "InitializeVariable",           "inputs": {             "variables": [               {                 "name": "flowEnvironment",                 "type": "string",                 "value": "@parameters('Power Automate Environment Variable (admin_PowerAutomateEnvironmentVariable)')"               }             ]           },           "description": "Environment location specific Flow URL - remember / at the end"         },         "Initialize_variable_fullInventory": {           "runAfter": {             "Initialize_variable_flowEnvironment": [               "Succeeded"             ]           },           "metadata": {             "operationMetadataId": "3216a757-8d1a-496e-8bbe-ea6c22e3018c"           },           "type": "InitializeVariable",           "inputs": {             "variables": [               {                 "name": "fullInventory",                 "type": "string",                 "value": "@{parameters('FullInventory (admin_FullInventory)')}"               }             ]           },           "description": "Environment location specific Flow URL - remember / at the end"         },         "Initialize_variable_isNewToCoE": {           "runAfter": {             "Initialize_varLastLaunched": [               "Succeeded"             ]           },           "metadata": {             "operationMetadataId": "7ee6a435-e28e-49bc-bf5a-6f1db85790e2"           },           "type": "InitializeVariable",           "inputs": {             "variables": [               {                 "name": "isNewToCoE",                 "type": "boolean",                 "value": false               }             ]           }         },         "Initialize_variable_today": {           "runAfter": {             "Initialize_variable_BotNeedsUpdateToCoE": [               "Succeeded"             ]           },           "metadata": {             "operationMetadataId": "763af2eb-dd44-4158-ba35-b6d4a55e9e5e"           },           "type": "InitializeVariable",           "inputs": {             "variables": [               {                 "name": "today",                 "type": "string",                 "value": "@{utcNow()}"               }             ]           }         },         "Put_Bots_in_CoE": {           "actions": {             "For_Each_Bot": {               "foreach": "@outputs('List_Bots')?['body/value']",               "actions": {                 "Get_Bot_Creator": {                   "runAfter": {                     "Parse_Bot_JSON": [                       "Succeeded"                     ]                   },                   "metadata": {                     "operationMetadataId": "140402ce-6be5-474e-9a95-b7dfb8da826d"                   },                   "type": "OpenApiConnection",                   "inputs": {                     "host": {                       "connectionName": "shared_commondataservice",                       "operationId": "GetItem_V2",                       "apiId": "/providers/Microsoft.PowerApps/apis/shared_commondataservice"                     },                     "parameters": {                       "dataset": "@triggerOutputs()?['body/admin_environmentcdsmetadataname']",                       "table": "systemusers",                       "id": "@body('Parse_Bot_JSON')?['_ownerid_value']"                     },                     "authentication": "@parameters('$authentication')",                     "retryPolicy": {                       "type": "exponential",                       "count": 10,                       "interval": "PT10S"                     }                   }                 },                 "Get_PVA_from_CoE": {                   "runAfter": {                     "Get_Bot_Creator": [                       "Succeeded"                     ]                   },                   "metadata": {                     "operationMetadataId": "966e8643-58a1-41c5-97e6-705db0f0b285"                   },                   "type": "OpenApiConnection",                   "inputs": {                     "host": {                       "connectionName": "shared_commondataserviceforapps",                       "operationId": "GetItem",                       "apiId": "/providers/Microsoft.PowerApps/apis/shared_commondataserviceforapps"                     },                     "parameters": {                       "entityName": "admin_pvas",                       "recordId": "@body('Parse_Bot_JSON')?['ItemInternalId']"                     },                     "authentication": "@parameters('$authentication')",                     "retryPolicy": {                       "type": "exponential",                       "count": 10,                       "interval": "PT10S"                     }                   }                 },                 "Get_Usage": {                   "actions": {                     "Apply_to_each": {                       "foreach": "@outputs('Get_Conversation_Transcripts')?['body/value']",                       "actions": {                         "Increment_varNumberConvos": {                           "runAfter": {},                           "metadata": {                             "operationMetadataId": "dc24bb1b-6bbb-49e8-982d-10420aad5704"                           },                           "type": "IncrementVariable",                           "inputs": {                             "name": "varNumberConvos",                             "value": 1                           }                         },                         "Parse_conversation_JSON": {                           "runAfter": {                             "Increment_varNumberConvos": [                               "Succeeded"                             ]                           },                           "metadata": {                             "operationMetadataId": "dc686e14-3053-457d-89d5-8770f3a3d0b7"                           },                           "type": "ParseJson",                           "inputs": {                             "content": "@items('Apply_to_each')",                             "schema": {                               "properties": {                                 "@@odata.etag": {                                   "type": "string"                                 },                                 "@@odata.id": {                                   "type": "string"                                 },                                 "conversationstarttime": {                                   "type": "string"                                 }                               },                               "type": "object"                             }                           }                         },                         "See_if_more_recent_convo": {                           "actions": {                             "Set_BotNeedsUpdateToCoE_to_true": {                               "runAfter": {                                 "Set_varLastLaunched": [                                   "Succeeded"                                 ]                               },                               "metadata": {                                 "operationMetadataId": "6445c0c7-585f-4130-813b-a97e38bf7a23"                               },                               "type": "SetVariable",                               "inputs": {                                 "name": "BotNeedsUpdateToCoE",                                 "value": "@true"                               }                             },                             "Set_varLastLaunched": {                               "runAfter": {},                               "metadata": {                                 "operationMetadataId": "85ff3fb7-46ee-4cef-b79c-2580cc68387e"                               },                               "type": "SetVariable",                               "inputs": {                                 "name": "varLastLaunched",                                 "value": "@body('Parse_conversation_JSON')?['conversationstarttime']"                               }                             }                           },                           "runAfter": {                             "Parse_conversation_JSON": [                               "Succeeded"                             ]                           },                           "expression": {                             "greater": [                               "@body('Parse_conversation_JSON')?['conversationstarttime']",                               "@variables('varLastLaunched')"                             ]                           },                           "metadata": {                             "operationMetadataId": "7de89229-58e3-434a-8e0c-d5aaa91f5626"                           },                           "type": "If"                         }                       },                       "runAfter": {                         "Get_Conversation_Transcripts": [                           "Succeeded"                         ]                       },                       "metadata": {                         "operationMetadataId": "8d3b7c93-7432-4209-a3cb-a13ee8b096ad"                       },                       "type": "Foreach"                     },                     "Get_Conversation_Transcripts": {                       "runAfter": {                         "shrink_guid": [                           "Succeeded"                         ]                       },                       "metadata": {                         "operationMetadataId": "4aa6ae94-a69a-43fa-b011-4b944569bb99"                       },                       "type": "OpenApiConnection",                       "inputs": {                         "host": {                           "connectionName": "shared_commondataservice",                           "operationId": "GetItems_V2",                           "apiId": "/providers/Microsoft.PowerApps/apis/shared_commondataservice"                         },                         "parameters": {                           "dataset": "@triggerOutputs()?['body/admin_environmentcdsmetadataname']",                           "table": "conversationtranscripts",                           "$filter": "contains(metadata, '@{outputs('shrink_guid')}') eq true"                         },                         "authentication": "@parameters('$authentication')"                       },                       "runtimeConfiguration": {                         "paginationPolicy": {                           "minimumItemCount": 100000                         }                       }                     },                     "shrink_guid": {                       "runAfter": {},                       "metadata": {                         "operationMetadataId": "871ecd31-4241-4bdc-a9b0-1a8fe83c69e8"                       },                       "type": "Compose",                       "inputs": "@substring(body('Parse_Bot_JSON')?['ItemInternalId'], 0, 22)"                     }                   },                   "runAfter": {                     "reset_varLastLaunched": [                       "Succeeded"                     ]                   },                   "metadata": {                     "operationMetadataId": "6ebbe2d9-5e4c-456c-a693-7e3b303eaba5"                   },                   "type": "Scope"                 },                 "Parse_Bot_JSON": {                   "runAfter": {                     "ReSet_varNumberConvos": [                       "Succeeded"                     ]                   },                   "metadata": {                     "operationMetadataId": "c87867fd-29b8-46e5-bc69-09c501b97841"                   },                   "type": "ParseJson",                   "inputs": {                     "content": "@items('For_Each_Bot')",                     "schema": {                       "properties": {                         "@@odata.etag": {                           "type": "string"                         },                         "@@odata.id": {                           "type": "string"                         },                         "ItemInternalId": {                           "type": "string"                         },                         "_componentstate_label": {                           "type": "string"                         },                         "_createdby_type": {                           "type": "string"                         },                         "_createdby_value": {                           "type": "string"                         },                         "_language_label": {                           "type": "string"                         },                         "_modifiedby_type": {                           "type": "string"                         },                         "_modifiedby_value": {                           "type": "string"                         },                         "_ownerid_type": {                           "type": "string"                         },                         "_ownerid_value": {                           "type": "string"                         },                         "_owningbusinessunit_type": {                           "type": "string"                         },                         "_owningbusinessunit_value": {                           "type": "string"                         },                         "_owningteam_value": {},                         "_statecode_label": {                           "type": "string"                         },                         "_statuscode_label": {                           "type": "string"                         },                         "botid": {                           "type": "string"                         },                         "componentidunique": {                           "type": "string"                         },                         "componentstate": {                           "type": "integer"                         },                         "createdon": {                           "type": "string"                         },                         "importsequencenumber": {},                         "iscustomizable": {                           "type": "boolean"                         },                         "ismanaged": {                           "type": "boolean"                         },                         "language": {                           "type": "integer"                         },                         "modifiedon": {                           "type": "string"                         },                         "name": {                           "type": "string"                         },                         "overriddencreatedon": {},                         "overwritetime": {                           "type": "string"                         },                         "schemaname": {                           "type": "string"                         },                         "solutionid": {                           "type": "string"                         },                         "statecode": {                           "type": "integer"                         },                         "statuscode": {                           "type": "integer"                         },                         "timezoneruleversionnumber": {},                         "utcconversiontimezonecode": {},                         "versionnumber": {                           "type": "integer"                         }                       },                       "type": "object"                     }                   }                 },                 "ReSet_BotNeedsUpdateToCoE": {                   "runAfter": {                     "ReSet_isNewToCoE": [                       "Succeeded"                     ]                   },                   "metadata": {                     "operationMetadataId": "646db882-3744-4906-b253-c68b1af4089e"                   },                   "type": "SetVariable",                   "inputs": {                     "name": "BotNeedsUpdateToCoE",                     "value": "@false"                   }                 },                 "ReSet_isNewToCoE": {                   "runAfter": {},                   "metadata": {                     "operationMetadataId": "e745f35f-6aa5-4adb-b6ac-16912c712bb9"                   },                   "type": "SetVariable",                   "inputs": {                     "name": "isNewToCoE",                     "value": "@false"                   }                 },                 "ReSet_varNumberConvos": {                   "runAfter": {                     "ReSet_BotNeedsUpdateToCoE": [                       "Succeeded"                     ]                   },                   "metadata": {                     "operationMetadataId": "01d9a6e8-94ee-48d4-954b-fbc3add08868"                   },                   "type": "SetVariable",                   "inputs": {                     "name": "varNumberConvos",                     "value": 0                   }                 },                 "See_if_BotNeedsUpdateToCoE": {                   "actions": {                     "Condition": {                       "actions": {                         "Set_BotNeedsUpdateToCoE_to_true_2": {                           "runAfter": {},                           "metadata": {                             "operationMetadataId": "ba39adb8-e1fe-4df3-9499-23ed7c986937"                           },                           "type": "SetVariable",                           "inputs": {                             "name": "BotNeedsUpdateToCoE",                             "value": "@true"                           }                         }                       },                       "runAfter": {},                       "expression": {                         "or": [                           {                             "equals": [                               "@variables('isNewToCoE')",                               "@true"                             ]                           },                           {                             "equals": [                               "@variables('fullInventory')",                               "True"                             ]                           },                           {                             "less": [                               "@coalesce(formatDateTime(outputs('Get_PVA_from_CoE')?['body/admin_pvamodifiedon'], 'yyyy-MM-dd HH:mm:ss'), '')",                               "@formatDateTime(body('Parse_Bot_JSON')?['modifiedon'], 'yyyy-MM-dd HH:mm:ss')"                             ]                           }                         ]                       },                       "metadata": {                         "operationMetadataId": "0d6f8df7-6584-4a2b-8fbc-6d2878d38458"                       },                       "type": "If"                     }                   },                   "runAfter": {                     "Get_Usage": [                       "Succeeded"                     ]                   },                   "metadata": {                     "operationMetadataId": "fb6b6854-d518-4f55-99bc-94d88a949f24"                   },                   "type": "Scope",                   "description": "Need to set this outside a condition because also setting via last launched above"                 },                 "Set_isNewToCoE_to_true_if_not_found": {                   "runAfter": {                     "Get_PVA_from_CoE": [                       "Failed"                     ]                   },                   "metadata": {                     "operationMetadataId": "8c0ec73a-979d-4644-b9a8-7760b918e105"                   },                   "type": "SetVariable",                   "inputs": {                     "name": "isNewToCoE",                     "value": "@true"                   }                 },                 "Update_or_Insert_Bot_and_Owner": {                   "actions": {                     "Only_proceed_if_set_to_needing_update": {                       "actions": {                         "Append_updated_Bot_to_ChangedBots": {                           "runAfter": {                             "Check_if_Orphan_-_Edit": [                               "Succeeded"                             ]                           },                           "metadata": {                             "operationMetadataId": "8bd03706-45ac-4c4e-9492-8b762223f4ec"                           },                           "type": "AppendToArrayVariable",                           "inputs": {                             "name": "ChangedBots",                             "value": "@body('Parse_Bot_JSON')?['ItemInternalId']"                           }                         },                         "Maker_Check_-_Edit": {                           "runAfter": {},                           "metadata": {                             "operationMetadataId": "7695b688-33df-4aa6-b281-4e8d64a18f78"                           },                           "type": "Workflow",                           "inputs": {                             "host": {                               "workflowReferenceName": "9301f01a-cb40-ec11-8c62-00224829b4c1"                             },                             "body": {                               "text": "@if(equals(body('Get_Bot_Creator')?['azureactivedirectoryobjectid'], null), '', body('Get_Bot_Creator')?['azureactivedirectoryobjectid'])",                               "text_1": "@body('Get_Bot_Creator')?['fullname']",                               "boolean": false                             }                           }                         },                         "Check_if_Orphan_-_Edit": {                           "actions": {                             "Update_Bot_(orphaned)": {                               "runAfter": {},                               "metadata": {                                 "operationMetadataId": "3652694e-edbb-467f-abf1-5f57a761ebf9"                               },                               "type": "OpenApiConnection",                               "inputs": {                                 "host": {                                   "connectionName": "shared_commondataserviceforapps",                                   "operationId": "UpdateRecord",                                   "apiId": "/providers/Microsoft.PowerApps/apis/shared_commondataserviceforapps"                                 },                                 "parameters": {                                   "entityName": "admin_pvas",                                   "recordId": "@body('Parse_Bot_JSON')?['ItemInternalId']",                                   "item/admin_name": "@body('Parse_Bot_JSON')?['name']",                                   "item/admin_pvacreatedon": "@body('Parse_Bot_JSON')?['createdon']",                                   "item/admin_pvadeleted": "@if(equals(substring(body('Parse_Bot_JSON')?['_componentstate_label'], 0, 7), 'Deleted'), true, false)",                                   "item/admin_pvadisplayname": "@body('Parse_Bot_JSON')?['name']",                                   "item/admin_PVAEnvironment@odata.bind": "admin_environments(@{triggerBody()?['admin_environmentid']})",                                   "item/admin_pvaenvironmentdisplayname": "@triggerOutputs()?['body/admin_displayname']",                                   "item/admin_pvaisorphaned": "Yes",                                   "item/admin_pvalastlaunchedon": "@if(lessOrEquals(variables('varNumberConvos'), 0), body('Parse_Bot_JSON')?['createdon'], variables('varLastLaunched'))",                                   "item/admin_pvamodifiedon": "@body('Parse_Bot_JSON')?['modifiedon']",                                   "item/admin_pvanumberlaunches": "@variables('varNumberConvos')",                                   "item/admin_pvastate": "@body('Parse_Bot_JSON')?['_componentstate_label']",                                   "item/admin_recordguidasstring": "@body('Parse_Bot_JSON')?['ItemInternalId']"                                 },                                 "authentication": "@parameters('$authentication')",                                 "retryPolicy": {                                   "type": "exponential",                                   "count": 10,                                   "interval": "PT10S"                                 }                               }                             }                           },                           "runAfter": {                             "Maker_Check_-_Edit": [                               "Succeeded"                             ]                           },                           "else": {                             "actions": {                               "Update_Bot": {                                 "runAfter": {},                                 "metadata": {                                   "operationMetadataId": "3586a448-1a38-4e86-b107-730460f0a90e"                                 },                                 "type": "OpenApiConnection",                                 "inputs": {                                   "host": {                                     "connectionName": "shared_commondataserviceforapps",                                     "operationId": "UpdateRecord",                                     "apiId": "/providers/Microsoft.PowerApps/apis/shared_commondataserviceforapps"                                   },                                   "parameters": {                                     "entityName": "admin_pvas",                                     "recordId": "@body('Parse_Bot_JSON')?['ItemInternalId']",                                     "item/admin_name": "@body('Parse_Bot_JSON')?['name']",                                     "item/admin_pvacreatedon": "@body('Parse_Bot_JSON')?['createdon']",                                     "item/admin_pvadeleted": "@if(equals(substring(body('Parse_Bot_JSON')?['_componentstate_label'], 0, 7), 'Deleted'), true, false)",                                     "item/admin_pvadisplayname": "@body('Parse_Bot_JSON')?['name']",                                     "item/admin_PVAEnvironment@odata.bind": "admin_environments(@{triggerBody()?['admin_environmentid']})",                                     "item/admin_pvaenvironmentdisplayname": "@triggerOutputs()?['body/admin_displayname']",                                     "item/admin_pvaisorphaned": "No",                                     "item/admin_pvalastlaunchedon": "@if(lessOrEquals(variables('varNumberConvos'), 0), body('Parse_Bot_JSON')?['createdon'], variables('varLastLaunched'))",                                     "item/admin_pvamodifiedon": "@body('Parse_Bot_JSON')?['modifiedon']",                                     "item/admin_pvanumberlaunches": "@variables('varNumberConvos')",                                     "item/admin_PVAOwner@odata.bind": "admin_makers(@{outputs('Maker_Check_-_Edit')?['Body']?['userid']})",                                     "item/admin_pvastate": "@body('Parse_Bot_JSON')?['_componentstate_label']",                                     "item/admin_recordguidasstring": "@body('Parse_Bot_JSON')?['ItemInternalId']"                                   },                                   "authentication": "@parameters('$authentication')",                                   "retryPolicy": {                                     "type": "exponential",                                     "count": 10,                                     "interval": "PT10S"                                   }                                 }                               }                             }                           },                           "expression": {                             "equals": [                               "@outputs('Maker_Check_-_Edit')?['Body']?['userisorphan']",                               "True"                             ]                           },                           "metadata": {                             "operationMetadataId": "4e7ff877-69a7-460c-8936-92933433099b"                           },                           "type": "If"                         }                       },                       "runAfter": {},                       "expression": {                         "equals": [                           "@variables('BotNeedsUpdateToCoE')",                           "@true"                         ]                       },                       "metadata": {                         "operationMetadataId": "5ffff01a-cf68-451c-b9af-c305b2b1c5fb"                       },                       "type": "If"                     }                   },                   "runAfter": {                     "See_if_BotNeedsUpdateToCoE": [                       "Succeeded"                     ]                   },                   "else": {                     "actions": {                       "Append_inserted_Bot_to_ChangedBots": {                         "runAfter": {                           "Check_if_Orphan_-_New": [                             "Succeeded"                           ]                         },                         "metadata": {                           "operationMetadataId": "a4c96082-0393-432e-a18e-0d147f3fbf71"                         },                         "type": "AppendToArrayVariable",                         "inputs": {                           "name": "ChangedBots",                           "value": "@body('Parse_Bot_JSON')?['ItemInternalId']"                         }                       },                       "Maker_Check_-_New": {                         "runAfter": {},                         "metadata": {                           "operationMetadataId": "c0a53a2f-b9f9-4f26-a2db-d5d77801624f"                         },                         "type": "Workflow",                         "inputs": {                           "host": {                             "workflowReferenceName": "9301f01a-cb40-ec11-8c62-00224829b4c1"                           },                           "body": {                             "text": "@if(equals(body('Get_Bot_Creator')?['azureactivedirectoryobjectid'], null), '', body('Get_Bot_Creator')?['azureactivedirectoryobjectid'])",                             "text_1": "@body('Get_Bot_Creator')?['fullname']",                             "boolean": false                           }                         }                       },                       "Check_if_Orphan_-_New": {                         "actions": {                           "Create_Bot_(Orphaned)": {                             "runAfter": {},                             "metadata": {                               "operationMetadataId": "bf263edf-98b6-49a8-985d-d0dc1f2cce15"                             },                             "type": "OpenApiConnection",                             "inputs": {                               "host": {                                 "connectionName": "shared_commondataserviceforapps",                                 "operationId": "CreateRecord",                                 "apiId": "/providers/Microsoft.PowerApps/apis/shared_commondataserviceforapps"                               },                               "parameters": {                                 "entityName": "admin_pvas",                                 "item/admin_name": "@body('Parse_Bot_JSON')?['name']",                                 "item/admin_pvacreatedon": "@body('Parse_Bot_JSON')?['createdon']",                                 "item/admin_pvadeleted": "@if(equals(substring(body('Parse_Bot_JSON')?['_componentstate_label'], 0, 7), 'Deleted'), true, false)",                                 "item/admin_pvadisplayname": "@body('Parse_Bot_JSON')?['name']",                                 "item/admin_PVAEnvironment@odata.bind": "admin_environments(@{triggerBody()?['admin_environmentid']})",                                 "item/admin_pvaenvironmentdisplayname": "@triggerOutputs()?['body/admin_displayname']",                                 "item/admin_chatbotexcusedfromcompliance": false,                                 "item/admin_pvaisorphaned": "Yes",                                 "item/admin_pvalastlaunchedon": "@if(lessOrEquals(variables('varNumberConvos'), 0), body('Parse_Bot_JSON')?['createdon'], variables('varLastLaunched'))",                                 "item/admin_pvamodifiedon": "@body('Parse_Bot_JSON')?['modifiedon']",                                 "item/admin_pvanumberlaunches": "@variables('varNumberConvos')",                                 "item/admin_pvastate": "@body('Parse_Bot_JSON')?['_componentstate_label']",                                 "item/admin_pvaid": "@body('Parse_Bot_JSON')?['ItemInternalId']",                                 "item/admin_recordguidasstring": "@body('Parse_Bot_JSON')?['ItemInternalId']"                               },                               "authentication": "@parameters('$authentication')",                               "retryPolicy": {                                 "type": "exponential",                                 "count": 10,                                 "interval": "PT10S"                               }                             }                           }                         },                         "runAfter": {                           "Maker_Check_-_New": [                             "Succeeded"                           ]                         },                         "else": {                           "actions": {                             "Create_Bot": {                               "runAfter": {},                               "metadata": {                                 "operationMetadataId": "70f7b4d4-b4d2-48d1-971a-2839137558e8"                               },                               "type": "OpenApiConnection",                               "inputs": {                                 "host": {                                   "connectionName": "shared_commondataserviceforapps",                                   "operationId": "CreateRecord",                                   "apiId": "/providers/Microsoft.PowerApps/apis/shared_commondataserviceforapps"                                 },                                 "parameters": {                                   "entityName": "admin_pvas",                                   "item/admin_name": "@body('Parse_Bot_JSON')?['name']",                                   "item/admin_pvacreatedon": "@body('Parse_Bot_JSON')?['createdon']",                                   "item/admin_pvadeleted": "@if(equals(substring(body('Parse_Bot_JSON')?['_componentstate_label'], 0, 7), 'Deleted'), true, false)",                                   "item/admin_pvadisplayname": "@body('Parse_Bot_JSON')?['name']",                                   "item/admin_PVAEnvironment@odata.bind": "admin_environments(@{triggerBody()?['admin_environmentid']})",                                   "item/admin_pvaenvironmentdisplayname": "@triggerOutputs()?['body/admin_displayname']",                                   "item/admin_chatbotexcusedfromcompliance": false,                                   "item/admin_pvaisorphaned": "No",                                   "item/admin_pvalastlaunchedon": "@if(lessOrEquals(variables('varNumberConvos'), 0), body('Parse_Bot_JSON')?['createdon'], variables('varLastLaunched'))",                                   "item/admin_pvamodifiedon": "@body('Parse_Bot_JSON')?['modifiedon']",                                   "item/admin_pvanumberlaunches": "@variables('varNumberConvos')",                                   "item/admin_PVAOwner@odata.bind": "admin_makers(@{outputs('Maker_Check_-_New')?['Body']?['userid']})",                                   "item/admin_pvastate": "@body('Parse_Bot_JSON')?['_componentstate_label']",                                   "item/admin_pvaid": "@body('Parse_Bot_JSON')?['ItemInternalId']",                                   "item/admin_recordguidasstring": "@body('Parse_Bot_JSON')?['ItemInternalId']"                                 },                                 "authentication": "@parameters('$authentication')",                                 "retryPolicy": {                                   "type": "exponential",                                   "count": 10,                                   "interval": "PT10S"                                 }                               }                             }                           }                         },                         "expression": {                           "equals": [                             "@outputs('Maker_Check_-_New')?['Body']?['userisorphan']",                             "True"                           ]                         },                         "metadata": {                           "operationMetadataId": "e61db4f0-6bc4-4c8e-9bbb-3de29749538c"                         },                         "type": "If"                       }                     }                   },                   "expression": {                     "equals": [                       "@variables('isNewToCoE')",                       "@false"                     ]                   },                   "metadata": {                     "operationMetadataId": "ba0f81b4-a1f4-446f-91eb-4b5909a357d1"                   },                   "type": "If"                 },                 "reset_varLastLaunched": {                   "runAfter": {                     "Set_isNewToCoE_to_true_if_not_found": [                       "Succeeded",                       "Skipped"                     ]                   },                   "metadata": {                     "operationMetadataId": "bd8b3c52-6482-4325-8a93-5f726d652541"                   },                   "type": "SetVariable",                   "inputs": {                     "name": "varLastLaunched",                     "value": "@outputs('Get_PVA_from_CoE')?['body/admin_pvalastlaunchedon']"                   }                 }               },               "runAfter": {},               "metadata": {                 "operationMetadataId": "21a7a6db-2516-4cdb-a290-1d403b79f0be"               },               "type": "Foreach"             },             "Update_Components_for_Changed_Bots": {               "actions": {                 "Apply_to_each_of_the_Changed_Bots": {                   "foreach": "@variables('ChangedBots')",                   "actions": {                     "Delete_old_records": {                       "actions": {                         "Apply_to_each_PVA_Component": {                           "foreach": "@outputs('List_PVA_Components')?['body/value']",                           "actions": {                             "Apply_to_each_component_flow": {                               "foreach": "@outputs('List_component_flows')?['body/value']",                               "actions": {                                 "Delete_the_component_flow": {                                   "runAfter": {},                                   "metadata": {                                     "operationMetadataId": "2a1a4216-d0b1-4464-a70e-6e831a65f066"                                   },                                   "type": "OpenApiConnection",                                   "inputs": {                                     "host": {                                       "connectionName": "shared_commondataserviceforapps",                                       "operationId": "DeleteRecord",                                       "apiId": "/providers/Microsoft.PowerApps/apis/shared_commondataserviceforapps"                                     },                                     "parameters": {                                       "entityName": "admin_pvacomponentflowlookups",                                       "recordId": "@items('Apply_to_each_component_flow')?['admin_pvacomponentflowlookupid']"                                     },                                     "authentication": "@parameters('$authentication')",                                     "retryPolicy": {                                       "type": "exponential",                                       "count": 10,                                       "interval": "PT10S"                                     }                                   }                                 }                               },                               "runAfter": {                                 "List_component_flows": [                                   "Succeeded"                                 ]                               },                               "metadata": {                                 "operationMetadataId": "0b70955a-36c1-4904-af0b-d1c8fe0e4b87"                               },                               "type": "Foreach"                             },                             "Delete_the_component": {                               "runAfter": {                                 "Apply_to_each_component_flow": [                                   "Succeeded"                                 ]                               },                               "metadata": {                                 "operationMetadataId": "44aeb998-17a0-4f5c-a161-59fb9e014067"                               },                               "type": "OpenApiConnection",                               "inputs": {                                 "host": {                                   "connectionName": "shared_commondataserviceforapps",                                   "operationId": "DeleteRecord",                                   "apiId": "/providers/Microsoft.PowerApps/apis/shared_commondataserviceforapps"                                 },                                 "parameters": {                                   "entityName": "admin_pvacomponents",                                   "recordId": "@items('Apply_to_each_PVA_Component')?['admin_pvacomponentid']"                                 },                                 "authentication": "@parameters('$authentication')",                                 "retryPolicy": {                                   "type": "exponential",                                   "count": 10,                                   "interval": "PT10S"                                 }                               }                             },                             "List_component_flows": {                               "runAfter": {},                               "metadata": {                                 "operationMetadataId": "778478cb-bc63-4445-8ea4-a83a7eaebff9"                               },                               "type": "OpenApiConnection",                               "inputs": {                                 "host": {                                   "connectionName": "shared_commondataserviceforapps",                                   "operationId": "ListRecords",                                   "apiId": "/providers/Microsoft.PowerApps/apis/shared_commondataserviceforapps"                                 },                                 "parameters": {                                   "entityName": "admin_pvacomponentflowlookups",                                   "$select": "_admin_pvacomponent_value, admin_pvacomponentflowlookupid",                                   "$filter": "_admin_pvacomponent_value eq @{items('Apply_to_each_PVA_Component')?['admin_pvacomponentid']}"                                 },                                 "authentication": "@parameters('$authentication')"                               },                               "runtimeConfiguration": {                                 "paginationPolicy": {                                   "minimumItemCount": 100000                                 }                               }                             }                           },                           "runAfter": {},                           "metadata": {                             "operationMetadataId": "6bbd554a-4865-4dcb-b6a4-817f014c708a"                           },                           "type": "Foreach"                         }                       },                       "runAfter": {                         "List_PVA_Components": [                           "Succeeded"                         ]                       },                       "metadata": {                         "operationMetadataId": "71ccb239-1a75-45d9-aa24-a62af61ffe93"                       },                       "type": "Scope"                     },                     "List_PVA_Components": {                       "runAfter": {},                       "metadata": {                         "operationMetadataId": "61e17ce3-bf63-4e7a-af6b-563e0e6696be"                       },                       "type": "OpenApiConnection",                       "inputs": {                         "host": {                           "connectionName": "shared_commondataserviceforapps",                           "operationId": "ListRecords",                           "apiId": "/providers/Microsoft.PowerApps/apis/shared_commondataserviceforapps"                         },                         "parameters": {                           "entityName": "admin_pvacomponents",                           "$select": "admin_pvacomponentid, _admin_pvabot_value",                           "$filter": "_admin_pvabot_value eq @{items('Apply_to_each_of_the_Changed_Bots')}"                         },                         "authentication": "@parameters('$authentication')"                       },                       "runtimeConfiguration": {                         "paginationPolicy": {                           "minimumItemCount": 100000                         }                       }                     }                   },                   "runAfter": {},                   "metadata": {                     "operationMetadataId": "27648d10-842a-46ff-9747-1ca063072916"                   },                   "type": "Foreach"                 },                 "List_BotComponents": {                   "runAfter": {                     "Apply_to_each_of_the_Changed_Bots": [                       "Succeeded"                     ]                   },                   "metadata": {                     "operationMetadataId": "c7e4898a-db5d-47ca-893d-56195b0b21ce"                   },                   "type": "OpenApiConnection",                   "inputs": {                     "host": {                       "connectionName": "shared_commondataservice",                       "operationId": "GetItems_V2",                       "apiId": "/providers/Microsoft.PowerApps/apis/shared_commondataservice"                     },                     "parameters": {                       "dataset": "@triggerOutputs()?['body/admin_environmentcdsmetadataname']",                       "table": "botcomponents",                       "$filter": "botcomponentid ne null"                     },                     "authentication": "@parameters('$authentication')"                   },                   "runtimeConfiguration": {                     "paginationPolicy": {                       "minimumItemCount": 100000                     }                   }                 },                 "proceed_if_component_count_gt_zero": {                   "actions": {                     "Apply_to_each_Bot_Component": {                       "foreach": "@outputs('List_BotComponents')?['body/value']",                       "actions": {                         "Get_Parent_Bot_ID": {                           "actions": {                             "List_bot_for_a_botcomponent": {                               "runAfter": {},                               "metadata": {                                 "operationMetadataId": "54b327e5-b383-448d-9ef4-381310976f8a"                               },                               "type": "OpenApiConnection",                               "inputs": {                                 "host": {                                   "connectionName": "shared_commondataservice",                                   "operationId": "GetItems_V2",                                   "apiId": "/providers/Microsoft.PowerApps/apis/shared_commondataservice"                                 },                                 "parameters": {                                   "dataset": "@triggerOutputs()?['body/admin_environmentcdsmetadataname']",                                   "table": "bot_botcomponentset",                                   "$filter": "botcomponentid eq @{body('Parse_Bot_Component_JSON')?['ItemInternalId']}"                                 },                                 "authentication": "@parameters('$authentication')"                               },                               "runtimeConfiguration": {                                 "paginationPolicy": {                                   "minimumItemCount": 100000                                 }                               }                             },                             "If_parent_bot_found,_get_ID": {                               "actions": {                                 "GetBotID": {                                   "runAfter": {},                                   "metadata": {                                     "operationMetadataId": "2101de9c-15e2-4cee-ae32-6b22506860eb"                                   },                                   "type": "Compose",                                   "inputs": "@first(body('List_bot_for_a_botcomponent')?['value'])['botid']"                                 }                               },                               "runAfter": {                                 "List_bot_for_a_botcomponent": [                                   "Succeeded"                                 ]                               },                               "expression": {                                 "greater": [                                   "@length(outputs('List_bot_for_a_botcomponent')?['body/value'])",                                   0                                 ]                               },                               "metadata": {                                 "operationMetadataId": "3688b620-eb92-4418-8031-c03dab825ebe"                               },                               "type": "If"                             }                           },                           "runAfter": {                             "Parse_Bot_Component_JSON": [                               "Succeeded"                             ]                           },                           "metadata": {                             "operationMetadataId": "6c8b3e3a-4b5f-4672-9850-38bdc7c250f8"                           },                           "type": "Scope"                         },                         "If_an_updated_bot,_proceed_to_insert_its_components_and_component_flows": {                           "actions": {                             "Add_flows": {                               "actions": {                                 "For_Each_Flow": {                                   "foreach": "@outputs('List_flows_for_a_botcomponent')?['body/value']",                                   "actions": {                                     "Catch:_Sync_of_Flow_in_COE_not_yet_complete_": {                                       "runAfter": {                                         "Get_CoE_version_of_the_flow": [                                           "Failed",                                           "TimedOut"                                         ]                                       },                                       "metadata": {                                         "operationMetadataId": "800a6260-f8fa-4873-8f4d-37f5efb50fb9"                                       },                                       "type": "Compose",                                       "inputs": "Catch: Sync of Flow in COE not yet complete "                                     },                                     "Get_CoE_version_of_the_flow": {                                       "runAfter": {                                         "Get_WorkflowID_value": [                                           "Succeeded"                                         ]                                       },                                       "metadata": {                                         "operationMetadataId": "11ad14ae-ae8d-4921-987e-16a5501638db"                                       },                                       "type": "OpenApiConnection",                                       "inputs": {                                         "host": {                                           "connectionName": "shared_commondataserviceforapps",                                           "operationId": "ListRecords",                                           "apiId": "/providers/Microsoft.PowerApps/apis/shared_commondataserviceforapps"                                         },                                         "parameters": {                                           "entityName": "admin_flows",                                           "$select": "admin_flowid",                                           "$filter": "admin_workflowentityid eq @{outputs('Get_WorkflowID_value')}"                                         },                                         "authentication": "@parameters('$authentication')"                                       },                                       "runtimeConfiguration": {                                         "paginationPolicy": {                                           "minimumItemCount": 100000                                         }                                       }                                     },                                     "Get_WorkflowID_value": {                                       "runAfter": {},                                       "metadata": {                                         "operationMetadataId": "da18b8c4-0806-4030-9f43-f96e95a11d86"                                       },                                       "type": "Compose",                                       "inputs": "@items('For_Each_Flow')?['workflowid']"                                     },                                     "if_flow_found,_add_PVA_Component_Flow_Lookup": {                                       "actions": {                                         "Get_CoE_GUID_for_the_flow": {                                           "runAfter": {},                                           "metadata": {                                             "operationMetadataId": "a2099739-fdef-4a8b-b17f-4ec9730c0db8"                                           },                                           "type": "Compose",                                           "inputs": "@first(body('Get_CoE_version_of_the_flow')?['value'])['admin_flowid']"                                         },                                         "Upsert_PVA_Component_Flow_Lookups": {                                           "runAfter": {                                             "Get_CoE_GUID_for_the_flow": [                                               "Succeeded"                                             ]                                           },                                           "metadata": {                                             "operationMetadataId": "3e0a03a1-1c53-4e9a-a5d0-b5c71c4805bf"                                           },                                           "type": "OpenApiConnection",                                           "inputs": {                                             "host": {                                               "connectionName": "shared_commondataserviceforapps",                                               "operationId": "CreateRecord",                                               "apiId": "/providers/Microsoft.PowerApps/apis/shared_commondataserviceforapps"                                             },                                             "parameters": {                                               "entityName": "admin_pvacomponentflowlookups",                                               "item/admin_name": "@items('For_Each_Flow')?['ItemInternalId']",                                               "item/admin_Flow@odata.bind": "admin_flows(@{outputs('Get_CoE_GUID_for_the_flow')})",                                               "item/admin_PVAComponent@odata.bind": "admin_pvacomponents(@{body('Parse_Bot_Component_JSON')?['ItemInternalId']})",                                               "item/admin_pvacomponentflowlookupid": "@items('For_Each_Flow')?['ItemInternalId']"                                             },                                             "authentication": "@parameters('$authentication')",                                             "retryPolicy": {                                               "type": "exponential",                                               "count": 10,                                               "interval": "PT10S"                                             }                                           }                                         }                                       },                                       "runAfter": {                                         "Catch:_Sync_of_Flow_in_COE_not_yet_complete_": [                                           "Skipped"                                         ]                                       },                                       "expression": {                                         "greater": [                                           "@length(body('Get_CoE_version_of_the_flow')?['value'])",                                           0                                         ]                                       },                                       "metadata": {                                         "operationMetadataId": "5e4076fc-d816-4d40-b299-876e3acdcb6f"                                       },                                       "type": "If"                                     }                                   },                                   "runAfter": {},                                   "metadata": {                                     "operationMetadataId": "6f3117cc-dcaf-40d6-86b4-9e0e9431309e"                                   },                                   "type": "Foreach"                                 }                               },                               "runAfter": {                                 "Create_PVA_Component": [                                   "Succeeded"                                 ]                               },                               "expression": {                                 "equals": [                                   "@variables('isFlowAction')",                                   "@true"                                 ]                               },                               "metadata": {                                 "operationMetadataId": "32401ec8-4f26-4fee-8f9e-fb408ca3b6d9"                               },                               "type": "If"                             },                             "Create_PVA_Component": {                               "runAfter": {                                 "See_if_flows_exist": [                                   "Succeeded"                                 ]                               },                               "metadata": {                                 "operationMetadataId": "c60ca6d7-90f8-4dc2-ab66-983b2da5b922"                               },                               "type": "OpenApiConnection",                               "inputs": {                                 "host": {                                   "connectionName": "shared_commondataserviceforapps",                                   "operationId": "CreateRecord",                                   "apiId": "/providers/Microsoft.PowerApps/apis/shared_commondataserviceforapps"                                 },                                 "parameters": {                                   "entityName": "admin_pvacomponents",                                   "item/admin_name": "@body('Parse_Bot_Component_JSON')?['name']",                                   "item/admin_componentcreatedon": "@body('Parse_Bot_Component_JSON')?['createdon']",                                   "item/admin_componentdeleted": false,                                   "item/admin_componentdescription": "@body('Parse_Bot_Component_JSON')?['description']",                                   "item/admin_componentdisplayname": "@body('Parse_Bot_Component_JSON')?['name']",                                   "item/admin_ComponentEnvt@odata.bind": "admin_environments(@{triggerBody()?['admin_environmentid']})",                                   "item/admin_componentmodifiedon": "@body('Parse_Bot_Component_JSON')?['modifiedon']",                                   "item/admin_componentstate": "@body('Parse_Bot_Component_JSON')?['_componentstate_label']",                                   "item/admin_componenttype": "@body('Parse_Bot_Component_JSON')?['_componenttype_label']",                                   "item/admin_componentusesflow": "@variables('isFlowAction')",                                   "item/admin_PVABot@odata.bind": "admin_pvas(@{outputs('GetBotID')})",                                   "item/admin_pvacomponentid": "@body('Parse_Bot_Component_JSON')?['ItemInternalId']",                                   "item/admin_recordguidasstring": "@body('Parse_Bot_Component_JSON')?['ItemInternalId']"                                 },                                 "authentication": "@parameters('$authentication')",                                 "retryPolicy": {                                   "type": "exponential",                                   "count": 10,                                   "interval": "PT10S"                                 }                               }                             },                             "List_flows_for_a_botcomponent": {                               "runAfter": {                                 "ReSet_isFlowAction": [                                   "Succeeded"                                 ]                               },                               "metadata": {                                 "operationMetadataId": "399cec66-b1e3-4df3-abe9-f3801dd93456"                               },                               "type": "OpenApiConnection",                               "inputs": {                                 "host": {                                   "connectionName": "shared_commondataservice",                                   "operationId": "GetItems_V2",                                   "apiId": "/providers/Microsoft.PowerApps/apis/shared_commondataservice"                                 },                                 "parameters": {                                   "dataset": "@triggerOutputs()?['body/admin_environmentcdsmetadataname']",                                   "table": "botcomponent_workflowset",                                   "$filter": "botcomponentid eq @{body('Parse_Bot_Component_JSON')?['ItemInternalId']}"                                 },                                 "authentication": "@parameters('$authentication')",                                 "retryPolicy": {                                   "type": "exponential",                                   "count": 10,                                   "interval": "PT10S"                                 }                               },                               "runtimeConfiguration": {                                 "paginationPolicy": {                                   "minimumItemCount": 100000                                 }                               }                             },                             "ReSet_isFlowAction": {                               "runAfter": {},                               "metadata": {                                 "operationMetadataId": "a8ff03aa-aa52-4840-8550-867a28feeb90"                               },                               "type": "SetVariable",                               "inputs": {                                 "name": "isFlowAction",                                 "value": "@false"                               }                             },                             "See_if_flows_exist": {                               "actions": {                                 "Set_isFlowAction_to_true": {                                   "runAfter": {},                                   "metadata": {                                     "operationMetadataId": "a2b6cf66-ce9a-457f-b83d-9630c8117f16"                                   },                                   "type": "SetVariable",                                   "inputs": {                                     "name": "isFlowAction",                                     "value": "@true"                                   }                                 }                               },                               "runAfter": {                                 "List_flows_for_a_botcomponent": [                                   "Succeeded"                                 ]                               },                               "expression": {                                 "greater": [                                   "@length(body('List_flows_for_a_botcomponent')?['value'])",                                   0                                 ]                               },                               "metadata": {                                 "operationMetadataId": "3199e532-420d-45dd-8faa-7b12a8bde9e3"                               },                               "type": "If"                             }                           },                           "runAfter": {                             "Get_Parent_Bot_ID": [                               "Succeeded"                             ]                           },                           "expression": {                             "contains": [                               "@variables('ChangedBots')",                               "@outputs('GetBotID')"                             ]                           },                           "metadata": {                             "operationMetadataId": "8573e337-6c82-4a80-90ae-1a52a94c3b83"                           },                           "type": "If"                         },                         "Parse_Bot_Component_JSON": {                           "runAfter": {},                           "metadata": {                             "operationMetadataId": "f77a6114-955d-4e4a-9065-4741c8f47fa5"                           },                           "type": "ParseJson",                           "inputs": {                             "content": "@items('Apply_to_each_Bot_Component')",                             "schema": {                               "properties": {                                 "@@odata.etag": {                                   "type": "string"                                 },                                 "@@odata.id": {                                   "type": "string"                                 },                                 "ItemInternalId": {                                   "type": "string"                                 },                                 "_componentstate_label": {                                   "type": "string"                                 },                                 "_componenttype_label": {                                   "type": "string"                                 },                                 "_createdby_type": {                                   "type": "string"                                 },                                 "_createdby_value": {                                   "type": "string"                                 },                                 "_modifiedby_type": {                                   "type": "string"                                 },                                 "_modifiedby_value": {                                   "type": "string"                                 },                                 "_ownerid_type": {                                   "type": "string"                                 },                                 "_ownerid_value": {                                   "type": "string"                                 },                                 "_owningbusinessunit_type": {                                   "type": "string"                                 },                                 "_owningbusinessunit_value": {                                   "type": "string"                                 },                                 "_owningteam_value": {},                                 "_statecode_label": {                                   "type": "string"                                 },                                 "_statuscode_label": {                                   "type": "string"                                 },                                 "botcomponentid": {                                   "type": "string"                                 },                                 "componentidunique": {                                   "type": "string"                                 },                                 "componentstate": {                                   "type": "integer"                                 },                                 "componenttype": {                                   "type": "integer"                                 },                                 "createdon": {                                   "type": "string"                                 },                                 "description": {},                                 "importsequencenumber": {},                                 "iscustomizable": {                                   "type": "boolean"                                 },                                 "ismanaged": {                                   "type": "boolean"                                 },                                 "modifiedon": {                                   "type": "string"                                 },                                 "name": {                                   "type": "string"                                 },                                 "overriddencreatedon": {},                                 "overwritetime": {                                   "type": "string"                                 },                                 "schemaname": {                                   "type": "string"                                 },                                 "solutionid": {                                   "type": "string"                                 },                                 "statecode": {                                   "type": "integer"                                 },                                 "statuscode": {                                   "type": "integer"                                 },                                 "timezoneruleversionnumber": {},                                 "utcconversiontimezonecode": {},                                 "versionnumber": {                                   "type": "integer"                                 }                               },                               "type": "object"                             }                           }                         }                       },                       "runAfter": {},                       "metadata": {                         "operationMetadataId": "8b67306b-a344-4be9-a5b0-388ebc9834a4"                       },                       "type": "Foreach"                     }                   },                   "runAfter": {                     "List_BotComponents": [                       "Succeeded"                     ]                   },                   "expression": {                     "greater": [                       "@length(outputs('List_BotComponents')?['body/value'])",                       0                     ]                   },                   "metadata": {                     "operationMetadataId": "9a1d84cb-1228-4fbb-97bc-164259ad8011"                   },                   "type": "If",                   "description": "needed for edge case https://github.com/microsoft/coe-starter-kit/issues/1921"                 }               },               "runAfter": {                 "For_Each_Bot": [                   "Succeeded"                 ]               },               "metadata": {                 "operationMetadataId": "0a112d13-8b00-40fc-9032-a8bb4289288c"               },               "type": "Scope"             }           },           "runAfter": {             "Initialize_variable_fullInventory": [               "Succeeded"             ]           },           "metadata": {             "operationMetadataId": "ddd5a336-f1f2-4b44-859d-9f102744f4b0"           },           "type": "Scope"         },         "Check_if_Teams_SKU,_terminate_if_true": {           "actions": {             "Inquiry_not_supported_for_Teams_Sku": {               "runAfter": {},               "metadata": {                 "operationMetadataId": "f2d6e8d5-3589-4dba-b450-f97aaedbd8ff"               },               "type": "Terminate",               "inputs": {                 "runStatus": "Succeeded"               }             }           },           "runAfter": {             "Check_if_Dev_SKU,_terminate_if_true": [               "Succeeded"             ]           },           "expression": {             "equals": [               "@triggerOutputs()?['body/admin_environmentsku']",               "Teams"             ]           },           "metadata": {             "operationMetadataId": "dc72e031-c9b8-41cb-a8cb-65c2c7da86b6"           },           "type": "If"         }       },       "outputs": {}     }   },   "schemaVersion": "1.0.0.0" }
