{   "properties": {     "connectionReferences": {       "shared_commondataserviceforapps": {         "runtimeSource": "embedded",         "connection": {           "connectionReferenceLogicalName": "admin_CoECoreDataverse2"         },         "api": {           "name": "shared_commondataserviceforapps"         }       }     },     "definition": {       "$schema": "https://schema.management.azure.com/providers/Microsoft.Logic/schemas/2016-06-01/workflowdefinition.json#",       "contentVersion": "1.0.0.0",       "parameters": {         "$connections": {           "defaultValue": {},           "type": "Object"         },         "$authentication": {           "defaultValue": {},           "type": "SecureObject"         }       },       "triggers": {         "When_a_PowerApps_App_Approval_BPF_is_completed": {           "metadata": {             "operationMetadataId": "f1be8b26-3cd6-4311-82d2-046a1f53cb47"           },           "type": "OpenApiConnectionWebhook",           "inputs": {             "host": {               "connectionName": "shared_commondataserviceforapps",               "operationId": "SubscribeWebhookTrigger",               "apiId": "/providers/Microsoft.PowerApps/apis/shared_commondataserviceforapps"             },             "parameters": {               "subscriptionRequest/message": 3,               "subscriptionRequest/entityname": "new_bpf_ffa183a676d64ec9aee6a558129651a2",               "subscriptionRequest/scope": 4             },             "authentication": "@parameters('$authentication')"           }         }       },       "actions": {         "If_completed,_update_app_with_that_information": {           "actions": {             "Mark_app_as_risk_assessment_complete": {               "runAfter": {},               "metadata": {                 "operationMetadataId": "6ca18d75-6276-470f-b661-f2aebf76ce74"               },               "type": "OpenApiConnection",               "inputs": {                 "host": {                   "connectionName": "shared_commondataserviceforapps",                   "operationId": "UpdateRecord",                   "apiId": "/providers/Microsoft.PowerApps/apis/shared_commondataserviceforapps"                 },                 "parameters": {                   "entityName": "admin_apps",                   "recordId": "@triggerOutputs()?['body/_bpf_admin_appid_value']",                   "item/admin_adminrequirementriskassessmentstate": 597910003                 },                 "authentication": "@parameters('$authentication')"               }             }           },           "runAfter": {},           "expression": {             "not": {               "equals": [                 "@triggerOutputs()?['body/completedon']",                 "@null"               ]             }           },           "metadata": {             "operationMetadataId": "d9805040-507d-4053-999b-f35e8bc4f4d6"           },           "type": "If"         }       }     }   },   "schemaVersion": "1.0.0.0" }
