{   "properties": {     "connectionReferences": {       "shared_commondataserviceforapps": {         "runtimeSource": "embedded",         "connection": {           "connectionReferenceLogicalName": "admin_CoECoreDataverse2"         },         "api": {           "name": "shared_commondataserviceforapps"         }       }     },     "definition": {       "$schema": "https://schema.management.azure.com/providers/Microsoft.Logic/schemas/2016-06-01/workflowdefinition.json#",       "contentVersion": "1.0.0.0",       "parameters": {         "$connections": {           "defaultValue": {},           "type": "Object"         },         "$authentication": {           "defaultValue": {},           "type": "SecureObject"         }       },       "triggers": {         "When_a_Flow_Approval_BPF_is_completed": {           "metadata": {             "operationMetadataId": "d982ec7d-7e46-4a07-974f-dbaea917eb44"           },           "type": "OpenApiConnectionWebhook",           "inputs": {             "host": {               "connectionName": "shared_commondataserviceforapps",               "operationId": "SubscribeWebhookTrigger",               "apiId": "/providers/Microsoft.PowerApps/apis/shared_commondataserviceforapps"             },             "parameters": {               "subscriptionRequest/message": 3,               "subscriptionRequest/entityname": "new_flowapprovalbpf",               "subscriptionRequest/scope": 4             },             "authentication": "@parameters('$authentication')"           }         }       },       "actions": {         "If_completed,_update_flow_with_that_information": {           "actions": {             "Mark_flow_as_risk_assessment_complete": {               "runAfter": {},               "metadata": {                 "operationMetadataId": "656a047a-8afb-42fe-b3ae-8f370649321d"               },               "type": "OpenApiConnection",               "inputs": {                 "host": {                   "connectionName": "shared_commondataserviceforapps",                   "operationId": "UpdateRecord",                   "apiId": "/providers/Microsoft.PowerApps/apis/shared_commondataserviceforapps"                 },                 "parameters": {                   "entityName": "admin_flows",                   "recordId": "@triggerOutputs()?['body/_bpf_admin_flowid_value']",                   "item/admin_adminrequirementriskassessmentstate": 597910003                 },                 "authentication": "@parameters('$authentication')"               }             }           },           "runAfter": {},           "expression": {             "not": {               "equals": [                 "@triggerOutputs()?['body/completedon']",                 "@null"               ]             }           },           "metadata": {             "operationMetadataId": "f614ab1c-7282-47c0-9359-2a0ea38bc1ec"           },           "type": "If"         }       }     }   },   "schemaVersion": "1.0.0.0" }
