{   "properties": {     "connectionReferences": {       "shared_commondataserviceforapps": {         "runtimeSource": "embedded",         "connection": {           "connectionReferenceLogicalName": "admin_CoECoreDataverse2"         },         "api": {           "name": "shared_commondataserviceforapps"         }       }     },     "definition": {       "$schema": "https://schema.management.azure.com/providers/Microsoft.Logic/schemas/2016-06-01/workflowdefinition.json#",       "contentVersion": "1.0.0.0",       "parameters": {         "$connections": {           "defaultValue": {},           "type": "Object"         },         "$authentication": {           "defaultValue": {},           "type": "SecureObject"         }       },       "triggers": {         "When_a_Chatbot_Approval_BPF_is_completed": {           "metadata": {             "operationMetadataId": "565bf5d8-444c-4c18-93b9-c84918fd6389"           },           "type": "OpenApiConnectionWebhook",           "inputs": {             "host": {               "connectionName": "shared_commondataserviceforapps",               "operationId": "SubscribeWebhookTrigger",               "apiId": "/providers/Microsoft.PowerApps/apis/shared_commondataserviceforapps"             },             "parameters": {               "subscriptionRequest/message": 3,               "subscriptionRequest/entityname": "new_chatbotapprovalbpf",               "subscriptionRequest/scope": 4             },             "authentication": "@parameters('$authentication')"           }         }       },       "actions": {         "If_completed,_update_bot_with_that_information": {           "actions": {             "Mark_bot_as_risk_assessment_complete": {               "runAfter": {},               "metadata": {                 "operationMetadataId": "cd985092-b7df-47a4-85e5-238b5ec41401"               },               "type": "OpenApiConnection",               "inputs": {                 "host": {                   "connectionName": "shared_commondataserviceforapps",                   "operationId": "UpdateRecord",                   "apiId": "/providers/Microsoft.PowerApps/apis/shared_commondataserviceforapps"                 },                 "parameters": {                   "entityName": "admin_pvas",                   "recordId": "@triggerOutputs()?['body/_bpf_admin_pvaid_value']",                   "item/admin_adminrequirementriskassessmentstate": 597910003                 },                 "authentication": "@parameters('$authentication')"               }             }           },           "runAfter": {},           "expression": {             "not": {               "equals": [                 "@triggerOutputs()?['body/completedon']",                 "@null"               ]             }           },           "metadata": {             "operationMetadataId": "509689a5-47ea-4e6b-9f42-c3820d21eaeb"           },           "type": "If"         }       }     }   },   "schemaVersion": "1.0.0.0" }
