{   "properties": {     "connectionReferences": {       "shared_commondataserviceforapps_1": {         "impersonation": {},         "runtimeSource": "embedded",         "connection": {           "connectionReferenceLogicalName": "admin_sharedcommondataserviceforapps_98924"         },         "api": {           "name": "shared_commondataserviceforapps"         }       },       "shared_commondataserviceforapps": {         "impersonation": {},         "runtimeSource": "embedded",         "connection": {           "connectionReferenceLogicalName": "admin_sharedcommondataserviceforapps_98924"         },         "api": {           "name": "shared_commondataserviceforapps"         }       },       "shared_commondataservice": {         "runtimeSource": "embedded",         "connection": {           "connectionReferenceLogicalName": "admin_CoECoreDataverseLegacy"         },         "api": {           "name": "shared_commondataservice"         }       }     },     "definition": {       "$schema": "https://schema.management.azure.com/providers/Microsoft.Logic/schemas/2016-06-01/workflowdefinition.json#",       "contentVersion": "1.0.0.0",       "parameters": {         "$connections": {           "defaultValue": {},           "type": "Object"         },         "$authentication": {           "defaultValue": {},           "type": "SecureObject"         },         "Power Automate Environment Variable (admin_PowerAutomateEnvironmentVariable)": {           "defaultValue": "https://flow.microsoft.com/manage/environments/",           "type": "String",           "metadata": {             "schemaName": "admin_PowerAutomateEnvironmentVariable",             "description": "Environment, including geographic location, for Power Automate - Ex for commercial: https://flow.microsoft.com/manage/environments/"           }         }       },       "triggers": {         "manual": {           "metadata": {             "operationMetadataId": "527d800d-1d4e-4f23-a647-dd7e1a0b2186"           },           "type": "Request",           "kind": "Button",           "inputs": {             "schema": {               "type": "object",               "properties": {                 "text": {                   "title": "EnvtID",                   "type": "string",                   "x-ms-dynamically-added": true,                   "description": "Please enter your input",                   "x-ms-content-hint": "TEXT"                 },                 "boolean": {                   "title": "CheckIfDeleted",                   "type": "boolean",                   "x-ms-dynamically-added": true,                   "description": "Please select yes or no",                   "x-ms-content-hint": "BOOLEAN"                 },                 "boolean_1": {                   "title": "DeleteFromCoE",                   "type": "boolean",                   "x-ms-dynamically-added": true,                   "description": "Please select yes or no",                   "x-ms-content-hint": "BOOLEAN"                 },                 "text_1": {                   "title": "EnvtName",                   "type": "string",                   "x-ms-dynamically-added": true,                   "description": "Please enter your input",                   "x-ms-content-hint": "TEXT"                 }               },               "required": [                 "text",                 "boolean",                 "boolean_1",                 "text_1"               ]             }           }         }       },       "actions": {         "Initialize_noAiModels": {           "runAfter": {             "Initialize_returnValue": [               "Succeeded"             ]           },           "metadata": {             "operationMetadataId": "2d52707e-44c0-494c-896c-7aba5dc44d61"           },           "type": "InitializeVariable",           "inputs": {             "variables": [               {                 "name": "noAiModels",                 "type": "boolean",                 "value": "@false"               }             ]           }         },         "Get_Envt_CDS_MetaDataName": {           "actions": {             "Get_Envt_from_CoE_inventory": {               "runAfter": {},               "metadata": {                 "operationMetadataId": "66a9b415-a575-4d8c-a3c5-7a8c57e04fc2"               },               "type": "OpenApiConnection",               "inputs": {                 "host": {                   "apiId": "/providers/Microsoft.PowerApps/apis/shared_commondataserviceforapps",                   "connectionName": "shared_commondataserviceforapps_1",                   "operationId": "GetItem"                 },                 "parameters": {                   "entityName": "admin_environments",                   "recordId": "@triggerBody()['text']",                   "$select": "admin_environmentcdsmetadataname"                 },                 "retryPolicy": {                   "type": "exponential",                   "count": 10,                   "interval": "PT10S"                 },                 "authentication": "@parameters('$authentication')"               }             },             "EnvtMetadataName": {               "runAfter": {                 "Get_Envt_from_CoE_inventory": [                   "Succeeded"                 ]               },               "metadata": {                 "operationMetadataId": "56873fc8-d3c0-4aa6-a839-9cc96da0fb5c"               },               "type": "Compose",               "inputs": "@outputs('Get_Envt_from_CoE_inventory')?['body/admin_environmentcdsmetadataname']"             }           },           "runAfter": {},           "metadata": {             "operationMetadataId": "326a5697-e2fd-4c96-b266-d5442c1963a1"           },           "type": "Scope"         },         "Initialize_returnValue": {           "runAfter": {             "Get_Envt_CDS_MetaDataName": [               "Succeeded"             ]           },           "metadata": {             "operationMetadataId": "9bd12cd4-f02c-4af0-ad8d-846691b32ef6"           },           "type": "InitializeVariable",           "inputs": {             "variables": [               {                 "name": "returnValue",                 "type": "string",                 "value": "pass"               }             ]           }         },         "Initialize_AiModelFound": {           "runAfter": {             "Initialize_noAiModels": [               "Succeeded"             ]           },           "metadata": {             "operationMetadataId": "72d92743-03ae-49c6-91aa-56b7c926e6b8"           },           "type": "InitializeVariable",           "inputs": {             "variables": [               {                 "name": "AiModelFound",                 "type": "boolean",                 "value": "@false"               }             ]           }         },         "Check_Deleted_Scope": {           "actions": {             "List_AI_Models": {               "runAfter": {},               "metadata": {                 "operationMetadataId": "be66251e-dbfd-4d85-9f10-21844ff88b31"               },               "type": "OpenApiConnection",               "inputs": {                 "host": {                   "apiId": "/providers/Microsoft.PowerApps/apis/shared_commondataserviceforapps",                   "connectionName": "shared_commondataserviceforapps",                   "operationId": "ListRecords"                 },                 "parameters": {                   "entityName": "admin_aibuildermodels",                   "$select": "admin_aibuildermodelid, admin_aideletedon, admin_aideleted, admin_aiuniquename, admin_ainonuniquename",                   "$filter": "_admin_aienvironment_value eq '@{triggerBody()['text']}'"                 },                 "authentication": "@parameters('$authentication')"               },               "runtimeConfiguration": {                 "paginationPolicy": {                   "minimumItemCount": 100000                 }               }             },             "See_if_need_to_check_deleted_status_before_marking_delete": {               "actions": {                 "List_AI_Models_not_yet_marked_deleted": {                   "runAfter": {},                   "metadata": {                     "operationMetadataId": "addbd585-8835-4584-a215-c71fa769404c"                   },                   "type": "OpenApiConnection",                   "inputs": {                     "host": {                       "apiId": "/providers/Microsoft.PowerApps/apis/shared_commondataserviceforapps",                       "connectionName": "shared_commondataserviceforapps",                       "operationId": "ListRecords"                     },                     "parameters": {                       "entityName": "admin_aibuildermodels",                       "$select": "admin_aibuildermodelid, admin_aideletedon, admin_aideleted, admin_aiuniquename, admin_ainonuniquename",                       "$filter": "_admin_aienvironment_value eq '@{triggerBody()['text']}' and admin_aideleted eq false"                     },                     "authentication": "@parameters('$authentication')"                   },                   "runtimeConfiguration": {                     "paginationPolicy": {                       "minimumItemCount": 100000                     }                   }                 },                 "Get_this_envs_AI_Models_from_msdyn_aimodels": {                   "runAfter": {                     "List_AI_Models_not_yet_marked_deleted": [                       "Succeeded"                     ]                   },                   "metadata": {                     "operationMetadataId": "d44fc35f-ed48-4a3c-8897-ad81820772bd"                   },                   "type": "OpenApiConnection",                   "inputs": {                     "host": {                       "apiId": "/providers/Microsoft.PowerApps/apis/shared_commondataservice",                       "connectionName": "shared_commondataservice",                       "operationId": "GetItems_V2"                     },                     "parameters": {                       "dataset": "@outputs('EnvtMetadataName')",                       "table": "msdyn_aimodels"                     },                     "authentication": "@parameters('$authentication')"                   },                   "runtimeConfiguration": {                     "paginationPolicy": {                       "minimumItemCount": 100000                     }                   }                 },                 "Catch_failure_and_set_noAiModels_to_true": {                   "runAfter": {                     "Get_this_envs_AI_Models_from_msdyn_aimodels": [                       "Failed"                     ]                   },                   "metadata": {                     "operationMetadataId": "106f9ece-63ea-48c4-baf9-6983f3dec3d2"                   },                   "type": "SetVariable",                   "inputs": {                     "name": "noAiModels",                     "value": "@true"                   }                 },                 "if_no_AiModels,_mark_all_deleted,_else_look_each_up": {                   "actions": {                     "Mark_all_Ai_Models_deleted": {                       "foreach": "@outputs('List_AI_Models_not_yet_marked_deleted')?['body/value']",                       "actions": {                         "Mark_all_Ai_Models_deleted_-_this_Ai_Model": {                           "runAfter": {},                           "metadata": {                             "operationMetadataId": "e0ecb1e6-4a23-4d1d-a494-004feaf31ac8"                           },                           "type": "OpenApiConnection",                           "inputs": {                             "host": {                               "apiId": "/providers/Microsoft.PowerApps/apis/shared_commondataserviceforapps",                               "connectionName": "shared_commondataserviceforapps",                               "operationId": "UpdateRecord"                             },                             "parameters": {                               "entityName": "admin_aibuildermodels",                               "recordId": "@items('Mark_all_Ai_Models_deleted')?['admin_aibuildermodelid']",                               "item/admin_aideleted": true,                               "item/admin_aideletedon": "@utcNow()"                             },                             "authentication": "@parameters('$authentication')"                           }                         }                       },                       "runAfter": {},                       "metadata": {                         "operationMetadataId": "e1475abb-e776-4462-95e0-d2ce3eb5aada"                       },                       "type": "Foreach"                     }                   },                   "runAfter": {                     "Catch_failure_and_set_noAiModels_to_true": [                       "Succeeded",                       "Skipped"                     ]                   },                   "else": {                     "actions": {                       "Check_each_model_to_see_if_still_in_environment": {                         "foreach": "@outputs('List_AI_Models_not_yet_marked_deleted')?['body/value']",                         "actions": {                           "reset_AiModelFound": {                             "runAfter": {},                             "metadata": {                               "operationMetadataId": "b840cc9a-ade4-41ce-89f4-fcd56b3f4970"                             },                             "type": "SetVariable",                             "inputs": {                               "name": "AiModelFound",                               "value": "@false"                             }                           },                           "Apply_to_each_Ai_Model": {                             "foreach": "@outputs('Get_this_envs_AI_Models_from_msdyn_aimodels')?['body/value']",                             "actions": {                               "Parse_Ai_Model_JSON": {                                 "runAfter": {},                                 "metadata": {                                   "operationMetadataId": "d67881ae-69b6-44c1-8c98-caa19c47fc9d"                                 },                                 "type": "ParseJson",                                 "inputs": {                                   "content": "@items('Apply_to_each_Ai_Model')",                                   "schema": {                                     "type": "object",                                     "properties": {                                       "ItemInternalId": {                                         "type": "string"                                       },                                       "msdyn_aimodelid": {                                         "type": "string"                                       }                                     }                                   }                                 }                               },                               "See_if_our_current_Ai_Model": {                                 "actions": {                                   "Set_AiModelFound_to_true": {                                     "runAfter": {},                                     "metadata": {                                       "operationMetadataId": "abc29c53-aa28-442d-a013-1e961d42e4f9"                                     },                                     "type": "SetVariable",                                     "inputs": {                                       "name": "AiModelFound",                                       "value": "@true"                                     }                                   }                                 },                                 "runAfter": {                                   "Parse_Ai_Model_JSON": [                                     "Succeeded"                                   ]                                 },                                 "expression": {                                   "equals": [                                     "@body('Parse_Ai_Model_JSON')?['msdyn_aimodelid']",                                     "@items('Check_each_model_to_see_if_still_in_environment')?['admin_ainonuniquename']"                                   ]                                 },                                 "metadata": {                                   "operationMetadataId": "fa3d6312-36c3-45e1-ab32-d0dbc36d1684"                                 },                                 "type": "If"                               }                             },                             "runAfter": {                               "reset_AiModelFound": [                                 "Succeeded"                               ]                             },                             "metadata": {                               "operationMetadataId": "bf780e58-88a8-4b41-a783-8cc429f86f8f"                             },                             "type": "Foreach"                           },                           "If_model_not_found,_delete_or_mark_deleted": {                             "actions": {                               "See_if_delete_row_from_inventory_or_mark_deleted_-_check_deleted": {                                 "actions": {                                   "Delete_this_model_from_inventory": {                                     "runAfter": {},                                     "metadata": {                                       "operationMetadataId": "f1f8923b-b60e-4759-89c9-5b5985732749"                                     },                                     "type": "OpenApiConnection",                                     "inputs": {                                       "host": {                                         "apiId": "/providers/Microsoft.PowerApps/apis/shared_commondataserviceforapps",                                         "connectionName": "shared_commondataserviceforapps",                                         "operationId": "DeleteRecord"                                       },                                       "parameters": {                                         "entityName": "admin_aibuildermodels",                                         "recordId": "@items('Check_each_model_to_see_if_still_in_environment')?['admin_aibuildermodelid']"                                       },                                       "authentication": "@parameters('$authentication')"                                     }                                   }                                 },                                 "runAfter": {},                                 "else": {                                   "actions": {                                     "Mark_this_model_as_deleted_today": {                                       "runAfter": {},                                       "metadata": {                                         "operationMetadataId": "cc9e5336-2929-49c5-8b56-f9139865d8b7"                                       },                                       "type": "OpenApiConnection",                                       "inputs": {                                         "host": {                                           "apiId": "/providers/Microsoft.PowerApps/apis/shared_commondataserviceforapps",                                           "connectionName": "shared_commondataserviceforapps",                                           "operationId": "UpdateRecord"                                         },                                         "parameters": {                                           "entityName": "admin_aibuildermodels",                                           "recordId": "@items('Check_each_model_to_see_if_still_in_environment')?['admin_aibuildermodelid']",                                           "item/admin_aideleted": true,                                           "item/admin_aideletedon": "@utcnow()"                                         },                                         "authentication": "@parameters('$authentication')"                                       }                                     }                                   }                                 },                                 "expression": {                                   "equals": [                                     "@triggerBody()['boolean_1']",                                     "@true"                                   ]                                 },                                 "metadata": {                                   "operationMetadataId": "e9068cf7-37e6-4db4-8296-dd909f8b1074"                                 },                                 "type": "If"                               }                             },                             "runAfter": {                               "Apply_to_each_Ai_Model": [                                 "Succeeded"                               ]                             },                             "expression": {                               "not": {                                 "equals": [                                   "@variables('AiModelFound')",                                   "@true"                                 ]                               }                             },                             "metadata": {                               "operationMetadataId": "576710cd-4a0f-4b4b-868f-e527053c4963"                             },                             "type": "If"                           }                         },                         "runAfter": {},                         "metadata": {                           "operationMetadataId": "27318ae4-7ef7-4d78-ad19-5280fe80acbd"                         },                         "type": "Foreach"                       }                     }                   },                   "expression": {                     "equals": [                       "@variables('noAiModels')",                       "@true"                     ]                   },                   "metadata": {                     "operationMetadataId": "d81c5415-c709-46b9-8b4e-5c7864c8df8f"                   },                   "type": "If"                 }               },               "runAfter": {                 "List_AI_Models": [                   "Succeeded"                 ]               },               "else": {                 "actions": {                   "See_if_delete_row_from_inventory_or_mark_deleted": {                     "actions": {                       "Delete_all_the_models_from_inventory": {                         "foreach": "@outputs('List_AI_Models')?['body/value']",                         "actions": {                           "Delete_model_from_inventory": {                             "runAfter": {},                             "metadata": {                               "operationMetadataId": "7599ec83-8d37-41ea-a7f1-a140b449182f"                             },                             "type": "OpenApiConnection",                             "inputs": {                               "host": {                                 "apiId": "/providers/Microsoft.PowerApps/apis/shared_commondataserviceforapps",                                 "connectionName": "shared_commondataserviceforapps",                                 "operationId": "DeleteRecord"                               },                               "parameters": {                                 "entityName": "admin_aibuildermodels",                                 "recordId": "@items('Delete_all_the_models_from_inventory')?['admin_aibuildermodelid']"                               },                               "authentication": "@parameters('$authentication')"                             }                           }                         },                         "runAfter": {},                         "metadata": {                           "operationMetadataId": "2169686f-81b8-496d-be31-4e69c3101f19"                         },                         "type": "Foreach"                       }                     },                     "runAfter": {},                     "else": {                       "actions": {                         "Mark_all_models_in_inventory_as_deleted_today": {                           "foreach": "@outputs('List_AI_Models')?['body/value']",                           "actions": {                             "Mark_model_as_deleted_today": {                               "runAfter": {},                               "metadata": {                                 "operationMetadataId": "1e6c2592-1f0b-4d9f-aadc-b277c5e00f91"                               },                               "type": "OpenApiConnection",                               "inputs": {                                 "host": {                                   "apiId": "/providers/Microsoft.PowerApps/apis/shared_commondataserviceforapps",                                   "connectionName": "shared_commondataserviceforapps",                                   "operationId": "UpdateRecord"                                 },                                 "parameters": {                                   "entityName": "admin_aibuildermodels",                                   "recordId": "@items('Mark_all_models_in_inventory_as_deleted_today')?['admin_aibuildermodelid']",                                   "item/admin_aideleted": true,                                   "item/admin_aideletedon": "@utcnow()"                                 },                                 "authentication": "@parameters('$authentication')"                               }                             }                           },                           "runAfter": {},                           "metadata": {                             "operationMetadataId": "8ed5c686-9528-4b10-a383-d46ba724bda0"                           },                           "type": "Foreach"                         }                       }                     },                     "expression": {                       "equals": [                         "@triggerBody()['boolean_1']",                         "@true"                       ]                     },                     "metadata": {                       "operationMetadataId": "e078dd2c-7990-4db8-bedf-697a13b8a5c6"                     },                     "type": "If"                   }                 }               },               "expression": {                 "equals": [                   "@triggerBody()['boolean']",                   "@true"                 ]               },               "metadata": {                 "operationMetadataId": "e805bbc3-c88b-4e1c-a722-14ff3bbbd097"               },               "type": "If"             }           },           "runAfter": {             "Initialize_AiModelFound": [               "Succeeded"             ]           },           "metadata": {             "operationMetadataId": "86c68153-2b1b-4eeb-b1c8-2b6781eb5328"           },           "type": "Scope"         },         "Error_Handling_Scope": {           "actions": {             "Create_Sync_Flow_Error_record": {               "runAfter": {},               "metadata": {                 "operationMetadataId": "5b82c812-1579-4bbf-8acc-ee590b198894"               },               "type": "OpenApiConnection",               "inputs": {                 "host": {                   "apiId": "/providers/Microsoft.PowerApps/apis/shared_commondataserviceforapps",                   "connectionName": "shared_commondataserviceforapps",                   "operationId": "CreateRecord"                 },                 "parameters": {                   "entityName": "admin_syncflowerrorses",                   "item/admin_name": "CLEANUP HELPER - Check Deleted (Ai Models)",                   "item/admin_environmentname": "@triggerBody()['text']",                   "item/admin_flowinstanceurl": "@concat(parameters('Power Automate Environment Variable (admin_PowerAutomateEnvironmentVariable)'), workflow()?['tags']['environmentName'], '/flows/', workflow()?['name'], '/runs/', workflow()?['run']['name'])"                 },                 "retryPolicy": {                   "type": "exponential",                   "count": 10,                   "interval": "PT10S"                 },                 "authentication": "@parameters('$authentication')"               }             },             "Set_returnValue_to_fail": {               "runAfter": {                 "Create_Sync_Flow_Error_record": [                   "Succeeded"                 ]               },               "metadata": {                 "operationMetadataId": "e44f9ef4-0bf9-4157-b035-fdffaec370ef"               },               "type": "SetVariable",               "inputs": {                 "name": "returnValue",                 "value": "fail"               }             }           },           "runAfter": {             "Check_Deleted_Scope": [               "Failed"             ]           },           "metadata": {             "operationMetadataId": "6b3c7768-bdb9-46ea-a0a6-ae4f7b045971"           },           "type": "Scope"         },         "Respond_to_a_PowerApp_or_flow": {           "runAfter": {             "Error_Handling_Scope": [               "Succeeded",               "Skipped"             ]           },           "metadata": {             "operationMetadataId": "46ffd88b-93ad-4000-9377-42f486a1b662"           },           "type": "Response",           "kind": "PowerApp",           "inputs": {             "statusCode": 200,             "body": {               "thereturnvalue": "@variables('returnValue')"             },             "schema": {               "type": "object",               "properties": {                 "thereturnvalue": {                   "title": "theReturnValue",                   "x-ms-dynamically-added": true,                   "type": "string"                 }               }             }           }         }       }     }   },   "schemaVersion": "1.0.0.0" }
