{   "properties": {     "connectionReferences": {       "shared_office365_1": {         "runtimeSource": "invoker",         "connection": {           "connectionReferenceLogicalName": "admin_CoECoreO365Outlook"         },         "api": {           "name": "shared_office365"         }       },       "shared_commondataserviceforapps_1": {         "runtimeSource": "embedded",         "connection": {           "connectionReferenceLogicalName": "admin_CoECoreDataverse2"         },         "api": {           "name": "shared_commondataserviceforapps"         }       },       "shared_office365users": {         "runtimeSource": "invoker",         "connection": {           "connectionReferenceLogicalName": "admin_CoECoreOffice365Users"         },         "api": {           "name": "shared_office365users"         }       }     },     "definition": {       "$schema": "https://schema.management.azure.com/providers/Microsoft.Logic/schemas/2016-06-01/workflowdefinition.json#",       "contentVersion": "1.0.0.0",       "parameters": {         "$connections": {           "defaultValue": {},           "type": "Object"         },         "$authentication": {           "defaultValue": {},           "type": "SecureObject"         },         "eMail Body Start (admin_eMailBodyStart)": {           "defaultValue": "<body>     <div id='content'>         <table id='form'>             <tr>                 <td><img id='logo' src='https://upload.wikimedia.org/wikipedia/commons/thumb/9/96/Microsoft_logo_%282012%29.svg/1280px-Microsoft_logo_%282012%29.svg.png' width='300px'></td>             </tr>             <tr>                 <td>                     <p id='header'>Power Platform</p>                 </td>             </tr>             <tr id='ribbon'>                 <td>                     <tr>                         <td></td>                     </tr>                     <tr id='message'>                         <td>",           "type": "String",           "metadata": {             "schemaName": "admin_eMailBodyStart",             "description": "Starter HTML format for eMails"           }         },         "eMail Body Stop (admin_eMailBodyStop)": {           "defaultValue": "</td>                     </tr>         </table>     </div> </body>",           "type": "String",           "metadata": {             "schemaName": "admin_eMailBodyStop",             "description": "Ending HTML format for eMails"           }         },         "eMail Header Style (admin_eMailHeaderStyle)": {           "defaultValue": "<head>     <style>         body {             background-color: #efefef;             font-family: Segoe UI;             text-align: center;         }          #content {             border: 1px solid #742774;             background-color: #ffffff;             width: 650px;             margin-bottom: 50px;             display: inline-block;         }          #logo {             margin-left: 52px;             margin-top: 40px;             width: 60px;             height: 12px;         }          #header {             font-size: 24px;             margin-left: 50px;             margin-top: 20px;             margin-bottom: 20px;         }          #ribbon {             background-color: #742774;         }          #ribbonContent {             font-size: 20px;             padding-left: 30px;             padding-top: 10px;             padding-bottom: 20px;             color: white;             width: 100%;             padding-right: 10px;         }          #message>td {             font-size: 14px;             padding-left: 60px;             padding-right: 60px;             padding-top: 20px;             padding-bottom: 40px;         }          #footer>td {             font-size: 12px;             background-color: #cfcfcf;             height: 40px;             padding-top: 15px;             padding-left: 40px;             padding-bottom: 20px;         }          #form {             width: 100%;             border-collapse: collapse;         }          #app {             width: 60%;             font-size: 12px;         }          .label {             color: #5f5f5f         }          table {             border-collapse: collapse;             width: 100%;         }          th,         td {             padding: 8px;             text-align: left;             border-bottom: 1px solid #ddd;         }     </style> </head>",           "type": "String",           "metadata": {             "schemaName": "admin_eMailHeaderStyle",             "description": "CSS/Style used for eMails"           }         }       },       "triggers": {         "manual": {           "metadata": {             "operationMetadataId": "2b1695af-cb57-474b-8108-a78199674ac6"           },           "type": "Request",           "kind": "PowerApp",           "inputs": {             "schema": {               "type": "object",               "properties": {                 "ParseJSON_Content": {                   "type": "any",                   "x-ms-powerflows-param-ispartial": false                 },                 "ParseJSON2_Content": {                   "type": "any",                   "x-ms-powerflows-param-ispartial": false                 },                 "ParseJSON_Content_1": {                   "type": "any"                 },                 "ParseJSON_Content_2": {                   "type": "any"                 },                 "ParseJSON_Content_3": {                   "type": "any"                 },                 "Sendanemail(V2)_To": {                   "type": "string",                   "format": "email",                   "description": "Specify email addresses separated by semicolons like someone@contoso.com",                   "x-ms-powerflows-param-ispartial": false                 }               },               "required": [                 "ParseJSON_Content",                 "ParseJSON2_Content",                 "ParseJSON_Content_1",                 "ParseJSON_Content_2",                 "ParseJSON_Content_3",                 "Sendanemail(V2)_To"               ]             }           }         }       },       "actions": {         "Parse_Business_connectors": {           "runAfter": {             "List_flows": [               "Succeeded"             ]           },           "metadata": {             "operationMetadataId": "cff4a545-5991-4052-894b-cbcd2cc10baa"           },           "type": "ParseJson",           "inputs": {             "content": "@triggerBody()['ParseJSON2_Content']",             "schema": {               "type": "array",               "items": {                 "type": "object",                 "properties": {                   "name": {                     "type": "string"                   }                 },                 "required": [                   "name"                 ]               }             }           }         },         "Parse_Non-Business_connectors": {           "runAfter": {             "Select_business": [               "Succeeded"             ]           },           "metadata": {             "operationMetadataId": "a53bfb51-e9b4-4e8f-83b6-bcd1dffb8863"           },           "type": "ParseJson",           "inputs": {             "content": "@triggerBody()['ParseJSON_Content_2']",             "schema": {               "type": "array",               "items": {                 "type": "object",                 "properties": {                   "name": {                     "type": "string"                   }                 },                 "required": [                   "name"                 ]               }             }           }         },         "Parse_Blocked_Connectors": {           "runAfter": {             "Select_nonbusiness": [               "Succeeded"             ]           },           "metadata": {             "operationMetadataId": "740d75d5-a818-4852-8ef6-41dfa490dc50"           },           "type": "ParseJson",           "inputs": {             "content": "@triggerBody()['ParseJSON_Content_3']",             "schema": {               "type": "array",               "items": {                 "type": "object",                 "properties": {                   "name": {                     "type": "string"                   }                 },                 "required": [                   "name"                 ]               }             }           }         },         "Apply_to_each_app": {           "foreach": "@outputs('List_apps')?['body/value']",           "actions": {             "If_App_has_connections": {               "actions": {                 "If_apps_with_both_business_and_non_business_connections_found": {                   "actions": {                     "Add_app_to_impacted_apps_2": {                       "runAfter": {},                       "metadata": {                         "operationMetadataId": "c4a23435-6402-4d5c-bb7e-1585d1f2b3d2"                       },                       "type": "AppendToArrayVariable",                       "inputs": {                         "name": "varImpactedApps",                         "value": "@items('Apply_to_each_app')"                       }                     }                   },                   "runAfter": {                     "Conflict_-_NonBusinessApps": [                       "Succeeded"                     ]                   },                   "expression": {                     "and": [                       {                         "equals": [                           "@empty(body('Conflict_-_BusinessApps'))",                           "@false"                         ]                       },                       {                         "equals": [                           "@empty(body('Conflict_-_NonBusinessApps'))",                           "@false"                         ]                       }                     ]                   },                   "metadata": {                     "operationMetadataId": "f83eda25-e634-4527-9cf7-d026ad2d5ce1"                   },                   "type": "If"                 },                 "Conflict_-_NonBusinessApps": {                   "runAfter": {                     "Conflict_-_BusinessApps": [                       "Succeeded"                     ]                   },                   "metadata": {                     "operationMetadataId": "36f0e261-de81-401f-865c-ce84f2496b30"                   },                   "type": "Query",                   "inputs": {                     "from": "@split(items('Apply_to_each_app')['admin_appconnections'], ',')",                     "where": "@contains(body('Select_nonbusiness'), item())"                   }                 },                 "Conflict_-_BusinessApps": {                   "runAfter": {                     "If_apps_with_blocked_connections_found": [                       "Succeeded"                     ]                   },                   "metadata": {                     "operationMetadataId": "58089950-9c9a-40f4-86ea-a7ee5957036b"                   },                   "type": "Query",                   "inputs": {                     "from": "@split(items('Apply_to_each_app')['admin_appconnections'], ',')",                     "where": "@contains(body('Select_business'), item())"                   }                 },                 "If_apps_with_blocked_connections_found": {                   "actions": {                     "Add_app_to_impacted_apps": {                       "runAfter": {},                       "metadata": {                         "operationMetadataId": "31802361-0e19-4d86-bc40-2d3535a90795"                       },                       "type": "AppendToArrayVariable",                       "inputs": {                         "name": "varImpactedApps",                         "value": "@items('Apply_to_each_app')"                       }                     }                   },                   "runAfter": {                     "Blocked_-_Impacted_Apps": [                       "Succeeded"                     ]                   },                   "expression": {                     "equals": [                       "@empty(body('Blocked_-_Impacted_Apps'))",                       "@false"                     ]                   },                   "metadata": {                     "operationMetadataId": "6a8dd835-76f3-4419-862d-255710e0e5e2"                   },                   "type": "If"                 },                 "Blocked_-_Impacted_Apps": {                   "runAfter": {},                   "metadata": {                     "operationMetadataId": "8a72d016-14e5-4ef8-a6a6-55ae2925fa59"                   },                   "type": "Query",                   "inputs": {                     "from": "@split(items('Apply_to_each_app')['admin_appconnections'], ',')",                     "where": "@contains(body('Select_blocked'), item())"                   }                 }               },               "runAfter": {},               "expression": {                 "equals": [                   "@empty(items('Apply_to_each_app')?['admin_appconnections'])",                   "@false"                 ]               },               "metadata": {                 "operationMetadataId": "c5e2802c-324c-45d3-8700-e3c68b2f0f2e"               },               "type": "If"             }           },           "runAfter": {             "Select_blocked": [               "Succeeded"             ]           },           "metadata": {             "operationMetadataId": "f038732a-eaf8-4894-9cb7-acb5da93b80c"           },           "type": "Foreach",           "runtimeConfiguration": {             "concurrency": {               "repetitions": 50             }           }         },         "Select_blocked": {           "runAfter": {             "Parse_Blocked_Connectors": [               "Succeeded"             ]           },           "metadata": {             "operationMetadataId": "41b74a81-4559-4040-9110-5a0c818a7a2e"           },           "type": "Select",           "inputs": {             "from": "@body('Parse_Blocked_Connectors')",             "select": "@item()['name']"           }         },         "Initialize_variable": {           "runAfter": {},           "metadata": {             "operationMetadataId": "745280d5-220e-4d36-bd71-cfb3719b76c5"           },           "type": "InitializeVariable",           "inputs": {             "variables": [               {                 "name": "varImpactedApps",                 "type": "array"               }             ]           }         },         "Select_business": {           "runAfter": {             "Parse_Business_connectors": [               "Succeeded"             ]           },           "metadata": {             "operationMetadataId": "71ba5df5-e490-4a96-946a-0b8aa63296b0"           },           "type": "Select",           "inputs": {             "from": "@body('Parse_Business_connectors')",             "select": "@item()['name']"           }         },         "Select_nonbusiness": {           "runAfter": {             "Parse_Non-Business_connectors": [               "Succeeded"             ]           },           "metadata": {             "operationMetadataId": "b6c8c37c-0b06-4506-b60a-f297c43dcaac"           },           "type": "Select",           "inputs": {             "from": "@body('Parse_Non-Business_connectors')",             "select": "@item()['name']"           }         },         "Apply_to_each_flow": {           "foreach": "@outputs('List_flows')?['body/value']",           "actions": {             "If_Flow_has_connections": {               "actions": {                 "Blocked_-_Impacted_Flows": {                   "runAfter": {},                   "metadata": {                     "operationMetadataId": "aeb0f0ed-d850-495e-bf48-be2b09ebf6be"                   },                   "type": "Query",                   "inputs": {                     "from": "@split(items('Apply_to_each_flow')['admin_flowconnections'], ',')",                     "where": "@contains(body('Select_blocked'), item())"                   }                 },                 "If_flows_with_blocked_connections_found": {                   "actions": {                     "Add_flow_to_impacted_flows": {                       "runAfter": {},                       "metadata": {                         "operationMetadataId": "17f758f8-abf4-4ee1-b521-c706cd662cb5"                       },                       "type": "AppendToArrayVariable",                       "inputs": {                         "name": "varImpactedFlows",                         "value": "@items('Apply_to_each_flow')"                       }                     }                   },                   "runAfter": {                     "Blocked_-_Impacted_Flows": [                       "Succeeded"                     ]                   },                   "expression": {                     "equals": [                       "@empty(body('Blocked_-_Impacted_Flows'))",                       "@false"                     ]                   },                   "metadata": {                     "operationMetadataId": "86619a00-94c7-4adf-9eb0-da2ce9e5601f"                   },                   "type": "If"                 },                 "Conflict_-_Business_Flows": {                   "runAfter": {                     "If_flows_with_blocked_connections_found": [                       "Succeeded"                     ]                   },                   "metadata": {                     "operationMetadataId": "b3c6ce18-cb6f-4a5a-bf46-c0fdd7eae73e"                   },                   "type": "Query",                   "inputs": {                     "from": "@split(items('Apply_to_each_flow')['admin_flowconnections'], ',')",                     "where": "@contains(body('Select_business'), item())"                   }                 },                 "If_flows_with_both_business_and_non_business_connections_found": {                   "actions": {                     "Add_flow_to_impacted_flows_2": {                       "runAfter": {},                       "metadata": {                         "operationMetadataId": "b6448393-0c44-4705-be2b-79b7debf8319"                       },                       "type": "AppendToArrayVariable",                       "inputs": {                         "name": "varImpactedFlows",                         "value": "@items('Apply_to_each_flow')"                       }                     }                   },                   "runAfter": {                     "Conflict_-_NonBusinessFlows": [                       "Succeeded"                     ]                   },                   "expression": {                     "and": [                       {                         "equals": [                           "@empty(body('Conflict_-_Business_Flows'))",                           "@false"                         ]                       },                       {                         "equals": [                           "@empty(body('Conflict_-_NonBusinessFlows'))",                           "@false"                         ]                       }                     ]                   },                   "metadata": {                     "operationMetadataId": "e4a6d320-9344-4559-b09a-83bb5323921a"                   },                   "type": "If"                 },                 "Conflict_-_NonBusinessFlows": {                   "runAfter": {                     "Conflict_-_Business_Flows": [                       "Succeeded"                     ]                   },                   "metadata": {                     "operationMetadataId": "cab6f0b5-81f9-478a-a16c-c04e80fa7d51"                   },                   "type": "Query",                   "inputs": {                     "from": "@split(items('Apply_to_each_flow')['admin_flowconnections'], ',')",                     "where": "@contains(body('Select_nonbusiness'), item())"                   }                 }               },               "runAfter": {},               "expression": {                 "equals": [                   "@empty(items('Apply_to_each_flow')?['admin_flowconnections'])",                   "@false"                 ]               },               "metadata": {                 "operationMetadataId": "2dd35457-ffa1-416d-9d47-db4ee7328f89"               },               "type": "If"             }           },           "runAfter": {             "Apply_to_each_app": [               "Succeeded"             ]           },           "metadata": {             "operationMetadataId": "66333f69-f6fc-4330-a2d0-7144892ec652"           },           "type": "Foreach",           "runtimeConfiguration": {             "concurrency": {               "repetitions": 50             }           }         },         "Initialize_variable_2": {           "runAfter": {             "Initialize_variable": [               "Succeeded"             ]           },           "metadata": {             "operationMetadataId": "2a49175f-5f3b-42f9-a284-3e977b4408a4"           },           "type": "InitializeVariable",           "inputs": {             "variables": [               {                 "name": "varImpactedFlows",                 "type": "array"               }             ]           }         },         "Create_CSV_table_for_apps": {           "runAfter": {             "Create_CSV_table_for_flows": [               "Succeeded"             ]           },           "metadata": {             "operationMetadataId": "f518adaf-9bff-4ed0-b46b-2cbf37c5afa3"           },           "type": "Table",           "inputs": {             "from": "@variables('varImpactedApps')",             "format": "CSV",             "columns": [               {                 "header": "AppName",                 "value": "@item()['admin_displayname']"               },               {                 "header": "AppOwner",                 "value": "@coalesce(item()?['admin_appownerdisplayname'], '')"               },               {                 "header": "AppOwnerEmail",                 "value": "@coalesce(item()?['admin_appowner/admin_userprincipalname'], '')"               },               {                 "header": "AppConnections",                 "value": "@item()?['admin_appconnections']"               },               {                 "header": "AppID",                 "value": "@item()['admin_appid']"               },               {                 "header": "AppEnvironmentID",                 "value": "@item()['admin_appenvironmentid']"               },               {                 "header": "AppLastLaunched",                 "value": "@item()?['admin_applastlaunchedon']"               }             ]           }         },         "Send_Impacted_Objects": {           "runAfter": {             "Get_Row_-_Send_Impacted_Objects": [               "Succeeded"             ]           },           "metadata": {             "operationMetadataId": "092e6070-b489-41d3-bd1e-80dd44d6a4da"           },           "type": "OpenApiConnection",           "inputs": {             "host": {               "connectionName": "shared_office365_1",               "operationId": "SendEmailV2",               "apiId": "/providers/Microsoft.PowerApps/apis/shared_office365"             },             "parameters": {               "emailMessage/To": "@triggerBody()['Sendanemail(V2)_To']",               "emailMessage/Subject": "@outputs('Get_a_row_by_ID')?['body/admin_subject']",               "emailMessage/Body": "<p>@{parameters('eMail Header Style (admin_eMailHeaderStyle)')}<br>\n@{parameters('eMail Body Start (admin_eMailBodyStart)')}<br>\n@{outputs('Get_a_row_by_ID')?['body/admin_body']}<br>\n@{parameters('eMail Body Stop (admin_eMailBodyStop)')}</p>",               "emailMessage/From": "@if(equals(outputs('Get_a_row_by_ID')?['body/admin_sendonbehalf'], null), '', outputs('Get_a_row_by_ID')?['body/admin_sendonbehalf'])",               "emailMessage/Cc": "@if(equals(outputs('Get_a_row_by_ID')?['body/admin_cc'], null), '', outputs('Get_a_row_by_ID')?['body/admin_cc'])",               "emailMessage/Attachments": [                 {                   "Name": "ImpactedFlows.csv",                   "ContentBytes": "@body('Create_CSV_table_for_flows')"                 },                 {                   "Name": "ImpactedApps.csv",                   "ContentBytes": "@body('Create_CSV_table_for_apps')"                 }               ],               "emailMessage/ReplyTo": "@if(equals(outputs('Get_a_row_by_ID')?['body/admin_replyto'], null), '', outputs('Get_a_row_by_ID')?['body/admin_replyto'])",               "emailMessage/Importance": "@if(equals(outputs('Get_a_row_by_ID')?['body/admin_importance'], null), '', outputs('Get_a_row_by_ID')?['body/admin_importance'])"             },             "authentication": {               "type": "Raw",               "value": "@json(decodeBase64(triggerOutputs().headers['X-MS-APIM-Tokens']))['$ConnectionKey']"             }           }         },         "Get_Row_-_Send_Impacted_Objects": {           "actions": {             "emailGUID_to_en-US": {               "runAfter": {},               "metadata": {                 "operationMetadataId": "3c46d691-0f2a-4c36-9611-c2c7de1ec33d"               },               "type": "Compose",               "inputs": "b0f83a79-fc63-ec11-8f8f-000d3a13d289"             },             "List_emails_for_preferred_language": {               "runAfter": {                 "emailGUID_to_en-US": [                   "Succeeded"                 ]               },               "metadata": {                 "operationMetadataId": "29188a43-3a3a-46da-a4f6-f162180d8254"               },               "type": "OpenApiConnection",               "inputs": {                 "host": {                   "connectionName": "shared_commondataserviceforapps_1",                   "operationId": "ListRecords",                   "apiId": "/providers/Microsoft.PowerApps/apis/shared_commondataserviceforapps"                 },                 "parameters": {                   "entityName": "admin_customizedemails",                   "$select": "admin_customizedemailid",                   "$filter": "admin_basedon eq '@{outputs('emailGUID_to_en-US')}' and admin_language eq '@{outputs('Get_user_profile_(V2)')?['body/preferredLanguage']}'"                 },                 "authentication": {                   "type": "Raw",                   "value": "@json(decodeBase64(triggerOutputs().headers['X-MS-APIM-Tokens']))['$ConnectionKey']"                 }               }             },             "Set_emailGUID_to_localized_row": {               "runAfter": {                 "List_emails_for_preferred_language": [                   "Succeeded"                 ]               },               "metadata": {                 "operationMetadataId": "1e1c0a09-41a6-4b3d-a558-df89f10ca738"               },               "type": "SetVariable",               "inputs": {                 "name": "emailGUID",                 "value": "@{if(greater(length(outputs('List_emails_for_preferred_language')?['body/value']), 0), first(body('List_emails_for_preferred_language')?['value'])['admin_customizedemailid'], outputs('emailGUID_to_en-US'))}"               },               "description": "if(greater(length(outputs('List_emails_for_preferred_language')?['body/value']),0), first(body('List_emails_for_preferred_language')?['value'])['admin_customizedemailid'], outputs('emailGUID_to_en-US'))"             },             "Get_a_row_by_ID": {               "runAfter": {                 "Set_emailGUID_to_localized_row": [                   "Succeeded"                 ]               },               "metadata": {                 "operationMetadataId": "c34df6f5-d327-47a2-8e25-e33c207762e2"               },               "type": "OpenApiConnection",               "inputs": {                 "host": {                   "connectionName": "shared_commondataserviceforapps_1",                   "operationId": "GetItem",                   "apiId": "/providers/Microsoft.PowerApps/apis/shared_commondataserviceforapps"                 },                 "parameters": {                   "entityName": "admin_customizedemails",                   "recordId": "@variables('emailGUID')",                   "$select": "admin_body, admin_cc, admin_replyto, admin_sendonbehalf, admin_subject, admin_importance"                 },                 "authentication": {                   "type": "Raw",                   "value": "@json(decodeBase64(triggerOutputs().headers['X-MS-APIM-Tokens']))['$ConnectionKey']"                 }               }             }           },           "runAfter": {             "Get_user_profile_(V2)": [               "Succeeded"             ]           },           "metadata": {             "operationMetadataId": "74c8fe2a-d9bd-4ab1-a2a7-1ceffc6c9c18"           },           "type": "Scope"         },         "Get_user_profile_(V2)": {           "runAfter": {             "Create_CSV_table_for_apps": [               "Succeeded"             ]           },           "metadata": {             "operationMetadataId": "5c040609-7080-4699-acce-099612680591"           },           "type": "OpenApiConnection",           "inputs": {             "host": {               "connectionName": "shared_office365users",               "operationId": "UserProfile_V2",               "apiId": "/providers/Microsoft.PowerApps/apis/shared_office365users"             },             "parameters": {               "id": "@triggerBody()['Sendanemail(V2)_To']",               "$select": "preferredLanguage"             },             "authentication": {               "type": "Raw",               "value": "@json(decodeBase64(triggerOutputs().headers['X-MS-APIM-Tokens']))['$ConnectionKey']"             },             "retryPolicy": {               "type": "exponential",               "count": 10,               "interval": "PT10S"             }           }         },         "Initialize_emailGUID": {           "runAfter": {             "Initialize_variable_2": [               "Succeeded"             ]           },           "metadata": {             "operationMetadataId": "dad8eca6-7937-47c0-aa57-f2d48dd1c5a2"           },           "type": "InitializeVariable",           "inputs": {             "variables": [               {                 "name": "emailGUID",                 "type": "string"               }             ]           }         },         "List_apps": {           "runAfter": {             "Select_Environments": [               "Succeeded"             ]           },           "metadata": {             "operationMetadataId": "06fa203d-e828-4f0d-a4aa-ebc41015b394"           },           "type": "OpenApiConnection",           "inputs": {             "host": {               "connectionName": "shared_commondataserviceforapps_1",               "operationId": "ListRecords",               "apiId": "/providers/Microsoft.PowerApps/apis/shared_commondataserviceforapps"             },             "parameters": {               "entityName": "admin_apps",               "$select": "admin_appconnections,admin_appid,admin_appenvironmentdisplayname,admin_appownerdisplayname,admin_appenvironmentid,admin_displayname,admin_applastlaunchedon",               "$filter": "Microsoft.Dynamics.CRM.In(PropertyName='admin_appenvironmentid',PropertyValues=@{body('Select_Environments')}) and admin_appdeleted eq false",               "$expand": "admin_AppOwner($select=admin_userprincipalname)"             },             "authentication": {               "type": "Raw",               "value": "@json(decodeBase64(triggerOutputs().headers['X-MS-APIM-Tokens']))['$ConnectionKey']"             }           },           "runtimeConfiguration": {             "paginationPolicy": {               "minimumItemCount": 100000             }           }         },         "Select_Environments": {           "runAfter": {             "Parse_Environments": [               "Succeeded"             ]           },           "metadata": {             "operationMetadataId": "3f597f0c-4f6c-497d-b55b-6eaea6cdc511"           },           "type": "Select",           "inputs": {             "from": "@body('Parse_Environments')",             "select": "@item()['name']"           }         },         "Parse_Environments": {           "runAfter": {             "Initialize_emailGUID": [               "Succeeded"             ]           },           "metadata": {             "operationMetadataId": "2533b9e8-852b-4b3a-bde5-4730d23a8083"           },           "type": "ParseJson",           "inputs": {             "content": "@triggerBody()['ParseJSON_Content']",             "schema": {               "type": "array",               "items": {                 "type": "object",                 "properties": {                   "name": {                     "type": "string"                   }                 },                 "required": [                   "name"                 ]               }             }           }         },         "List_flows": {           "runAfter": {             "List_apps": [               "Succeeded"             ]           },           "metadata": {             "operationMetadataId": "b34831c1-3c52-42bd-a5a3-72340a937900"           },           "type": "OpenApiConnection",           "inputs": {             "host": {               "connectionName": "shared_commondataserviceforapps_1",               "operationId": "ListRecords",               "apiId": "/providers/Microsoft.PowerApps/apis/shared_commondataserviceforapps"             },             "parameters": {               "entityName": "admin_flows",               "$select": "admin_flowconnections,admin_flowid,admin_flowenvironmentdisplayname,admin_flowmakerdisplayname,admin_flowenvironmentid,admin_displayname,admin_flowstate",               "$filter": "Microsoft.Dynamics.CRM.In(PropertyName='admin_flowenvironmentid',PropertyValues=@{body('Select_Environments')}) and admin_flowdeleted eq false",               "$expand": "admin_FlowCreator($select=admin_userprincipalname)"             },             "authentication": {               "type": "Raw",               "value": "@json(decodeBase64(triggerOutputs().headers['X-MS-APIM-Tokens']))['$ConnectionKey']"             }           },           "runtimeConfiguration": {             "paginationPolicy": {               "minimumItemCount": 100000             }           }         },         "Create_CSV_table_for_flows": {           "runAfter": {             "Apply_to_each_flow": [               "Succeeded"             ]           },           "metadata": {             "operationMetadataId": "44a05c9c-4f51-4fd8-affd-a77b756c5e46"           },           "type": "Table",           "inputs": {             "from": "@variables('varImpactedFlows')",             "format": "CSV",             "columns": [               {                 "header": "FlowName",                 "value": "@item()['admin_displayname']"               },               {                 "header": "FlowOwner",                 "value": "@coalesce(item()?['admin_flowmakerdisplayname'], '')"               },               {                 "header": "FlowOwnerEMail",                 "value": "@coalesce(item()?['admin_flowcreator/admin_userprincipalname'], '')"               },               {                 "header": "FlowConnections",                 "value": "@item()?['admin_flowconnections']"               },               {                 "header": "FlowID",                 "value": "@item()['admin_flowid']"               },               {                 "header": "FlowEnvironmentID",                 "value": "@item()['admin_flowenvironmentid']"               },               {                 "header": "FlowState",                 "value": "@item()?['admin_flowstate']"               }             ]           }         }       },       "outputs": {}     }   },   "schemaVersion": "1.0.0.0" }
