{   "properties": {     "connectionReferences": {       "shared_office365": {         "runtimeSource": "embedded",         "connection": {           "connectionReferenceLogicalName": "admin_CoECoreO365Outlook"         },         "api": {           "name": "shared_office365"         }       }     },     "definition": {       "$schema": "https://schema.management.azure.com/providers/Microsoft.Logic/schemas/2016-06-01/workflowdefinition.json#",       "contentVersion": "1.0.0.0",       "parameters": {         "$connections": {           "defaultValue": {},           "type": "Object"         },         "$authentication": {           "defaultValue": {},           "type": "SecureObject"         },         "eMail Body Start (admin_eMailBodyStart)": {           "defaultValue": "<body>     <div id='content'>         <table id='form'>             <tr>                 <td><img id='logo' src='https://upload.wikimedia.org/wikipedia/commons/thumb/9/96/Microsoft_logo_%282012%29.svg/1280px-Microsoft_logo_%282012%29.svg.png' width='300px'></td>             </tr>             <tr>                 <td>                     <p id='header'>Power Platform</p>                 </td>             </tr>             <tr id='ribbon'>                 <td>                     <tr>                         <td></td>                     </tr>                     <tr id='message'>                         <td>",           "type": "String",           "metadata": {             "schemaName": "admin_eMailBodyStart",             "description": "Starter HTML format for eMails"           }         },         "eMail Body Stop (admin_eMailBodyStop)": {           "defaultValue": "</td>                     </tr>         </table>     </div> </body>",           "type": "String",           "metadata": {             "schemaName": "admin_eMailBodyStop",             "description": "Ending HTML format for eMails"           }         },         "eMail Header Style (admin_eMailHeaderStyle)": {           "defaultValue": "<head>     <style>         body {             background-color: #efefef;             font-family: Segoe UI;             text-align: center;         }          #content {             border: 1px solid #742774;             background-color: #ffffff;             width: 650px;             margin-bottom: 50px;             display: inline-block;         }          #logo {             margin-left: 52px;             margin-top: 40px;             width: 60px;             height: 12px;         }          #header {             font-size: 24px;             margin-left: 50px;             margin-top: 20px;             margin-bottom: 20px;         }          #ribbon {             background-color: #742774;         }          #ribbonContent {             font-size: 20px;             padding-left: 30px;             padding-top: 10px;             padding-bottom: 20px;             color: white;             width: 100%;             padding-right: 10px;         }          #message>td {             font-size: 14px;             padding-left: 60px;             padding-right: 60px;             padding-top: 20px;             padding-bottom: 40px;         }          #footer>td {             font-size: 12px;             background-color: #cfcfcf;             height: 40px;             padding-top: 15px;             padding-left: 40px;             padding-bottom: 20px;         }          #form {             width: 100%;             border-collapse: collapse;         }          #app {             width: 60%;             font-size: 12px;         }          .label {             color: #5f5f5f         }          table {             border-collapse: collapse;             width: 100%;         }          th,         td {             padding: 8px;             text-align: left;             border-bottom: 1px solid #ddd;         }     </style> </head>",           "type": "String",           "metadata": {             "schemaName": "admin_eMailHeaderStyle",             "description": "CSS/Style used for eMails"           }         }       },       "triggers": {         "manual": {           "metadata": {             "operationMetadataId": "a0143d7a-3a74-4bad-a3a9-cff20616e58a"           },           "type": "Request",           "kind": "Button",           "inputs": {             "schema": {               "type": "object",               "properties": {                 "email": {                   "title": "To",                   "type": "string",                   "format": "email",                   "x-ms-dynamically-added": true,                   "description": "Please enter an e-mail address",                   "x-ms-content-hint": "EMAIL"                 },                 "text": {                   "title": "Subject",                   "type": "string",                   "x-ms-dynamically-added": true,                   "description": "Please enter your input",                   "x-ms-content-hint": "TEXT"                 },                 "text_1": {                   "title": "Body",                   "type": "string",                   "x-ms-dynamically-added": true,                   "description": "Please enter your input",                   "x-ms-content-hint": "TEXT"                 },                 "email_1": {                   "title": "CC",                   "type": "string",                   "format": "email",                   "x-ms-dynamically-added": true,                   "description": "Please enter an e-mail address",                   "x-ms-content-hint": "EMAIL"                 },                 "email_2": {                   "title": "SendOnBehalf",                   "type": "string",                   "format": "email",                   "x-ms-dynamically-added": true,                   "description": "Please enter an e-mail address",                   "x-ms-content-hint": "EMAIL"                 },                 "email_3": {                   "title": "ReplyTo",                   "type": "string",                   "format": "email",                   "x-ms-dynamically-added": true,                   "description": "Please enter an e-mail address",                   "x-ms-content-hint": "EMAIL"                 },                 "text_2": {                   "title": "Importance",                   "type": "string",                   "x-ms-dynamically-added": true,                   "description": "Please enter your input",                   "x-ms-content-hint": "TEXT"                 }               },               "required": [                 "email",                 "text",                 "text_1"               ]             }           }         }       },       "actions": {         "Send_an_email_(V2)": {           "runAfter": {             "Initialize_returnVariable_to_pass": [               "Succeeded"             ]           },           "metadata": {             "operationMetadataId": "8c6f9e3d-94be-4b06-8d5f-6722cb9d9da2"           },           "type": "OpenApiConnection",           "inputs": {             "host": {               "connectionName": "shared_office365",               "operationId": "SendEmailV2",               "apiId": "/providers/Microsoft.PowerApps/apis/shared_office365"             },             "parameters": {               "emailMessage/To": "@triggerBody()['email']",               "emailMessage/Subject": "@triggerBody()['text']",               "emailMessage/Body": "@{parameters('eMail Header Style (admin_eMailHeaderStyle)')}\n@{parameters('eMail Body Start (admin_eMailBodyStart)')}\n@{triggerBody()['text_1']}\n@{parameters('eMail Body Stop (admin_eMailBodyStop)')}",               "emailMessage/From": "@if(equals(triggerBody()?['email_2'], null), '', triggerBody()?['email_2'])",               "emailMessage/Cc": "@if(equals(triggerBody()?['email_1'], null), '', triggerBody()?['email_1'])",               "emailMessage/ReplyTo": "@if(equals(triggerBody()?['email_3'], null), '', triggerBody()?['email_3'])",               "emailMessage/Importance": "@if(equals(triggerBody()?['text_2'], null), 'Normal', triggerBody()?['text_2'])"             },             "authentication": {               "type": "Raw",               "value": "@json(decodeBase64(triggerOutputs().headers['X-MS-APIM-Tokens']))['$ConnectionKey']"             }           }         },         "Initialize_returnVariable_to_pass": {           "runAfter": {},           "metadata": {             "operationMetadataId": "07fc9250-8f54-4dc6-9fde-f18fafbbef34"           },           "type": "InitializeVariable",           "inputs": {             "variables": [               {                 "name": "returnVariable",                 "type": "string",                 "value": "pass"               }             ]           }         },         "Set_returnVariable_to_fail": {           "runAfter": {             "Send_an_email_(V2)": [               "Failed"             ]           },           "metadata": {             "operationMetadataId": "1b5fed02-be82-4be9-a978-9ad510e2165f"           },           "type": "SetVariable",           "inputs": {             "name": "returnVariable",             "value": "fail"           }         },         "Respond_to_a_PowerApp_or_flow": {           "runAfter": {             "Set_returnVariable_to_fail": [               "Succeeded",               "Skipped"             ]           },           "metadata": {             "operationMetadataId": "05a27ea2-9c22-436e-9d84-1e5f21c60730"           },           "type": "Response",           "kind": "PowerApp",           "inputs": {             "statusCode": 200,             "body": {               "thereturnstring": "@variables('returnVariable')"             },             "schema": {               "type": "object",               "properties": {                 "thereturnstring": {                   "title": "theReturnString",                   "x-ms-dynamically-added": true,                   "type": "string"                 }               }             }           }         }       }     }   },   "schemaVersion": "1.0.0.0" }
