<environmentvariabledefinition schemaname="admin_StartTimeUnit">
  <defaultvalue>Day</defaultvalue>
  <description default="Specify the units for the start time for how far back to go to fetch. Default is Day (for 1 Day). Options are those of the Add to time action's Time Unit Parameter">
    <label description="Specify the units for the start time for how far back to go to fetch. Default is Day (for 1 Day). Options are those of the Add to time action's Time Unit Parameter" languagecode="1033" />
  </description>
  <displayname default="StartTime-Unit">
    <label description="StartTime-Unit" languagecode="1033" />
  </displayname>
  <introducedversion>2.2</introducedversion>
  <iscustomizable>1</iscustomizable>
  <isrequired>0</isrequired>
  <type>100000000</type>
</environmentvariabledefinition>