<environmentvariabledefinition schemaname="admin_eMailHeaderStyle">
  <defaultvalue>&lt;head&gt; &lt;style&gt;  body {     background-color: #ffffff;     font-family: Segoe UI;     text-align: left; }  #content {     border: 1px solid #742774;     background-color: #ffffff;     width: 650px;     margin-bottom: 50px;     display: inline-block; }  #logo {     margin-left: 0px;     margin-top: 0px;     width: 60px;     height: 12px; }  #header {     font-size: 24px;     margin-left: 0px;     margin-top: 0px;     margin-bottom: 0px; }  #ribbon {     background-color: #742774; }  #ribbonContent {     font-size: 20px;     padding-left: 30px;     padding-top: 10px;     padding-bottom: 20px;     color: white;     width: 100%;     padding-right: 10px; }  #message &gt; {     font-size: 14px;     padding-left: 60px;     padding-right: 60px;     padding-top: 20px;     padding-bottom: 40px; }  #footer &gt; {     font-size: 12px;     background-color: #cfcfcf;     height: 40px;     padding-top: 15px;     padding-left: 40px;     padding-bottom: 20px; }  #form {     width: 100%;     border-collapse: collapse; }  #app {     width: 60%;     font-size: 12px; }  .label {     color: #5f5f5f }  table {     border-collapse: collapse;     width: 100%; }  th, td {     padding: 8px;     text-align: left;     border-bottom: 1px solid #ddd; }  &lt;/style&gt; &lt;/head&gt; &lt;body&gt; &lt;div id='content'&gt; &lt;table id='form'&gt; &lt;tr&gt;&lt;td&gt;&lt;img id='logo' src=''&gt;&lt;/td&gt;&lt;/tr&gt; &lt;tr&gt;&lt;td&gt;&lt;p id='header'&gt;Power Platform&lt;/p&gt;&lt;/td&gt;&lt;/tr&gt; &lt;tr id='ribbon'&gt;&lt;td&gt; &lt;tr&gt;&lt;td&gt;&lt;/td&gt; &lt;/tr&gt;&lt;/table&gt;&lt;/td&gt;&lt;/tr&gt; &lt;tr id='message'&gt;&lt;td&gt;</defaultvalue>
  <description default="CSS/Style used for eMails">
    <label description="CSS/Style used for eMails" languagecode="1033" />
  </description>
  <displayname default="eMail Header Style">
    <label description="eMail Header Style" languagecode="1033" />
  </displayname>
  <introducedversion>1.70.7</introducedversion>
  <iscustomizable>1</iscustomizable>
  <isrequired>0</isrequired>
  <type>100000000</type>
</environmentvariabledefinition>