<environmentvariabledefinition schemaname="admin_StartTimeInterval">
  <defaultvalue>1</defaultvalue>
  <description default="Specify the interval for the start time for how far back to go to fetch. Default is 1, (for 1 day)">
    <label description="Specify the interval for the start time for how far back to go to fetch. Default is 1, (for 1 day)" languagecode="1033" />
  </description>
  <displayname default="StartTime-Interval">
    <label description="StartTime-Interval" languagecode="1033" />
  </displayname>
  <introducedversion>2.2</introducedversion>
  <iscustomizable>1</iscustomizable>
  <isrequired>0</isrequired>
  <type>100000001</type>
</environmentvariabledefinition>