{   "properties": {     "connectionReferences": {},     "definition": {       "$schema": "https://schema.management.azure.com/providers/Microsoft.Logic/schemas/2016-06-01/workflowdefinition.json#",       "contentVersion": "1.0.0.0",       "parameters": {         "$authentication": {           "defaultValue": {},           "type": "SecureObject"         }       },       "triggers": {         "manual": {           "metadata": {             "operationMetadataId": "8cd1bb2b-ed38-4cf9-9877-17d317e5659b"           },           "type": "Request",           "kind": "PowerAppV2",           "inputs": {             "schema": {               "type": "object",               "properties": {},               "required": []             }           }         }       },       "actions": {         "Response": {           "runAfter": {},           "metadata": {             "operationMetadataId": "305421ab-c30e-4bdf-827f-6f1eb4febcdd"           },           "type": "Response",           "kind": "Http",           "inputs": {             "statusCode": 200,             "body": "@workflow()",             "schema": {               "properties": {                 "id": {                   "type": "string"                 },                 "location": {                   "type": "string"                 },                 "name": {                   "type": "string"                 },                 "run": {                   "properties": {                     "id": {                       "type": "string"                     },                     "name": {                       "type": "string"                     },                     "type": {                       "type": "string"                     }                   },                   "type": "object"                 },                 "tags": {                   "properties": {                     "environmentFlowSuspensionReason": {                       "type": "string"                     },                     "environmentName": {                       "type": "string"                     },                     "environmentWorkflowId": {                       "type": "string"                     },                     "flowDisplayName": {                       "type": "string"                     },                     "logicAppName": {                       "type": "string"                     },                     "sharingType": {                       "type": "string"                     },                     "xrmWorkflowId": {                       "type": "string"                     }                   },                   "type": "object"                 },                 "type": {                   "type": "string"                 }               },               "type": "object"             }           }         }       },       "outputs": {}     }   },   "schemaVersion": "1.0.0.0" }
