{   "properties": {     "connectionReferences": {       "shared_commondataservice_1": {         "runtimeSource": "invoker",         "connection": {           "connectionReferenceLogicalName": "cat_CDSDevOps"         },         "api": {           "name": "shared_commondataservice"         }       }     },     "definition": {       "$schema": "https://schema.management.azure.com/providers/Microsoft.Logic/schemas/2016-06-01/workflowdefinition.json#",       "contentVersion": "1.0.0.0",       "parameters": {         "$connections": {           "defaultValue": {},           "type": "Object"         },         "$authentication": {           "defaultValue": {},           "type": "SecureObject"         }       },       "triggers": {         "manual": {           "metadata": {             "operationMetadataId": "57cb96dc-b7c5-4b69-85d4-7b224c8fa2f4"           },           "type": "Request",           "kind": "PowerApp",           "inputs": {             "schema": {               "type": "object",               "properties": {                 "EnvironmentUniqueName_Value": {                   "description": "Enter initial value",                   "type": "string",                   "x-ms-powerflows-param-ispartial": false                 },                 "RegionSubdomain_Value": {                   "description": "Enter initial value",                   "type": "string",                   "x-ms-powerflows-param-ispartial": false                 }               },               "required": [                 "EnvironmentUniqueName_Value",                 "RegionSubdomain_Value"               ]             }           }         }       },       "actions": {         "EnvironmentUniqueName": {           "runAfter": {             "RegionSubdomain": [               "Succeeded"             ]           },           "metadata": {             "operationMetadataId": "e7e05a68-14c1-4810-aa28-866969f53d89"           },           "type": "InitializeVariable",           "inputs": {             "variables": [               {                 "name": "EnvironmentUniqueName",                 "type": "string",                 "value": "@{triggerBody()['EnvironmentUniqueName_Value']}"               }             ]           }         },         "List_records": {           "runAfter": {             "EnvironmentUniqueName": [               "Succeeded"             ]           },           "metadata": {             "operationMetadataId": "d24bc712-0037-4c63-b2b8-46fa006480f1"           },           "type": "OpenApiConnection",           "inputs": {             "host": {               "connectionName": "shared_commondataservice_1",               "operationId": "GetItems_V2",               "apiId": "/providers/Microsoft.PowerApps/apis/shared_commondataservice"             },             "parameters": {               "dataset": "@{variables('EnvironmentUniqueName')}.@{variables('RegionSubdomain')}",               "table": "solutions",               "$filter": "ismanaged eq false and isvisible eq true and uniquename ne 'Default' and solutionid ne 00000001-0000-0000-0001-00000000009b"             },             "authentication": {               "type": "Raw",               "value": "@json(decodeBase64(triggerOutputs().headers['X-MS-APIM-Tokens']))['$ConnectionKey']"             }           }         },         "RegionSubdomain": {           "runAfter": {},           "metadata": {             "operationMetadataId": "9c142738-5386-407d-9330-16499a024c55"           },           "type": "InitializeVariable",           "inputs": {             "variables": [               {                 "name": "RegionSubdomain",                 "type": "string",                 "value": "@{triggerBody()['RegionSubdomain_Value']}"               }             ]           }         },         "Response": {           "runAfter": {             "List_records": [               "Succeeded"             ]           },           "metadata": {             "operationMetadataId": "cb0a139f-28ca-4cde-a4e4-2f918cc5f105"           },           "type": "Response",           "kind": "Http",           "inputs": {             "statusCode": 200,             "body": "@outputs('List_records')?['body/value']",             "schema": {               "items": {                 "properties": {                   "@@odata.etag": {                     "type": "string"                   },                   "@@odata.id": {                     "type": "string"                   },                   "ItemInternalId": {                     "type": "string"                   },                   "_createdby_type": {                     "type": "string"                   },                   "_createdby_value": {                     "type": "string"                   },                   "_modifiedby_type": {                     "type": "string"                   },                   "_modifiedby_value": {                     "type": "string"                   },                   "_organizationid_type": {                     "type": "string"                   },                   "_organizationid_value": {                     "type": "string"                   },                   "_publisherid_type": {                     "type": "string"                   },                   "_publisherid_value": {                     "type": "string"                   },                   "_solutiontype_label": {                     "type": "string"                   },                   "createdon": {                     "type": "string"                   },                   "friendlyname": {                     "type": "string"                   },                   "installedon": {                     "type": "string"                   },                   "isapimanaged": {                     "type": "boolean"                   },                   "ismanaged": {                     "type": "boolean"                   },                   "isvisible": {                     "type": "boolean"                   },                   "modifiedon": {                     "type": "string"                   },                   "solutionid": {                     "type": "string"                   },                   "uniquename": {                     "type": "string"                   },                   "version": {                     "type": "string"                   },                   "versionnumber": {                     "type": "integer"                   }                 },                 "required": [                   "@@odata.id",                   "@@odata.etag",                   "ItemInternalId",                   "_organizationid_value",                   "_organizationid_type",                   "versionnumber",                   "solutionid",                   "uniquename",                   "friendlyname",                   "_createdby_value",                   "_createdby_type",                   "_publisherid_value",                   "_publisherid_type",                   "isapimanaged",                   "ismanaged",                   "_modifiedby_value",                   "_modifiedby_type",                   "isvisible",                   "version",                   "modifiedon",                   "createdon",                   "installedon",                   "_solutiontype_label"                 ],                 "type": "object"               },               "type": "array"             }           }         }       },       "outputs": {}     }   },   "schemaVersion": "1.0.0.0" }
