{   "properties": {     "connectionReferences": {},     "definition": {       "$schema": "https://schema.management.azure.com/providers/Microsoft.Logic/schemas/2016-06-01/workflowdefinition.json#",       "contentVersion": "1.0.0.0",       "parameters": {         "$authentication": {           "defaultValue": {},           "type": "SecureObject"         }       },       "triggers": {         "manual": {           "metadata": {             "operationMetadataId": "dfe297e8-35b7-478a-a37d-65a5ba5c85ab"           },           "type": "Request",           "kind": "PowerApp",           "inputs": {             "schema": {               "type": "object",               "properties": {                 "releaseTag_Value": {                   "type": "string",                   "description": "Enter initial value",                   "x-ms-powerflows-param-ispartial": false                 }               },               "required": [                 "releaseTag_Value"               ]             }           }         }       },       "actions": {         "HTTP": {           "runAfter": {             "releaseTag": [               "Succeeded"             ]           },           "metadata": {             "operationMetadataId": "78cfcc14-c9ff-41af-af40-1e6bd31a2ba2"           },           "type": "Http",           "inputs": {             "method": "GET",             "uri": "https://raw.githubusercontent.com/microsoft/coe-alm-accelerator-templates/@{variables('releaseTag')}/Pipelines/sync-pipeline-repo.yml"           }         },         "Respond_to_a_PowerApp_or_flow": {           "runAfter": {             "HTTP": [               "Succeeded"             ]           },           "metadata": {             "operationMetadataId": "b8e96f09-142c-4981-9c1b-bdf38ed13086"           },           "type": "Response",           "kind": "PowerApp",           "inputs": {             "statusCode": 200,             "body": {               "filecontent": "@{base64(body('HTTP'))}"             },             "schema": {               "type": "object",               "properties": {                 "filecontent": {                   "title": "fileContent",                   "x-ms-dynamically-added": true,                   "type": "string"                 }               }             }           }         },         "releaseTag": {           "runAfter": {},           "metadata": {             "operationMetadataId": "4aa52270-616e-466f-b275-b7356f962ac5"           },           "type": "InitializeVariable",           "inputs": {             "variables": [               {                 "name": "releaseTag",                 "type": "string",                 "value": "@{triggerBody()['releaseTag_Value']}"               }             ]           }         }       }     }   },   "schemaVersion": "1.0.0.0" }
