{   "properties": {     "connectionReferences": {       "shared_commondataservice": {         "runtimeSource": "invoker",         "connection": {           "connectionReferenceLogicalName": "cat_CDSDevOps"         },         "api": {           "name": "shared_commondataservice"         }       }     },     "definition": {       "$schema": "https://schema.management.azure.com/providers/Microsoft.Logic/schemas/2016-06-01/workflowdefinition.json#",       "contentVersion": "1.0.0.0",       "parameters": {         "$connections": {           "defaultValue": {},           "type": "Object"         },         "$authentication": {           "defaultValue": {},           "type": "SecureObject"         }       },       "triggers": {         "manual": {           "metadata": {             "operationMetadataId": "3a160bf9-5dee-4964-85f0-15f48eafb741"           },           "type": "Request",           "kind": "PowerAppV2",           "inputs": {             "schema": {               "type": "object",               "properties": {                 "text": {                   "title": "Region Subdomain",                   "type": "string",                   "x-ms-dynamically-added": true,                   "description": "Region Subdomain",                   "x-ms-content-hint": "TEXT"                 },                 "text_1": {                   "title": "Environment Unique Name",                   "type": "string",                   "x-ms-dynamically-added": true,                   "description": "Please enter your input",                   "x-ms-content-hint": "TEXT"                 }               },               "required": [                 "text",                 "text_1"               ]             }           }         }       },       "actions": {         "Try": {           "actions": {             "List_rows_(legacy)": {               "runAfter": {},               "metadata": {                 "operationMetadataId": "5e0645bb-8092-4562-a008-c8e88db75bed"               },               "type": "OpenApiConnection",               "inputs": {                 "host": {                   "connectionName": "shared_commondataservice",                   "operationId": "GetItems_V2",                   "apiId": "/providers/Microsoft.PowerApps/apis/shared_commondataservice"                 },                 "parameters": {                   "dataset": "@{triggerBody()['text_1']}.@{triggerBody()['text']}",                   "table": "adx_websites",                   "$orderby": "adx_name"                 },                 "authentication": "@parameters('$authentication')"               }             },             "Set_variable": {               "runAfter": {                 "List_rows_(legacy)": [                   "Succeeded"                 ]               },               "metadata": {                 "operationMetadataId": "9cbc7ae9-aa75-418d-803e-05a08247b8c8"               },               "type": "SetVariable",               "inputs": {                 "name": "Websites",                 "value": "@outputs('List_rows_(legacy)')?['body/value']"               }             },             "Response": {               "runAfter": {                 "Set_variable": [                   "Succeeded"                 ]               },               "metadata": {                 "operationMetadataId": "bcd5e452-d790-4dce-9eb8-e9fe3312e284"               },               "type": "Response",               "kind": "Http",               "inputs": {                 "statusCode": 200,                 "body": "@variables('Websites')",                 "schema": {                   "type": "array",                   "items": {                     "type": "object",                     "properties": {                       "@@odata.id": {                         "type": "string"                       },                       "@@odata.etag": {                         "type": "string"                       },                       "ItemInternalId": {                         "type": "string"                       },                       "adx_websiteid": {                         "type": "string"                       },                       "_adx_headerwebtemplateid_value": {                         "type": "string"                       },                       "_adx_headerwebtemplateid_type": {                         "type": "string"                       },                       "_owningbusinessunit_value": {                         "type": "string"                       },                       "_owningbusinessunit_type": {                         "type": "string"                       },                       "adx_website_language": {                         "type": "integer"                       },                       "adx_name": {                         "type": "string"                       },                       "statecode": {                         "type": "integer"                       },                       "_statecode_label": {                         "type": "string"                       },                       "statuscode": {                         "type": "integer"                       },                       "_statuscode_label": {                         "type": "string"                       },                       "_adx_defaultlanguage_value": {                         "type": "string"                       },                       "_adx_defaultlanguage_type": {                         "type": "string"                       },                       "_ownerid_value": {                         "type": "string"                       },                       "_ownerid_type": {                         "type": "string"                       },                       "modifiedon": {                         "type": "string"                       },                       "adx_primarydomainname": {                         "type": "string"                       },                       "_modifiedby_value": {                         "type": "string"                       },                       "_modifiedby_type": {                         "type": "string"                       },                       "versionnumber": {                         "type": "integer"                       },                       "_adx_footerwebtemplateid_value": {                         "type": "string"                       },                       "_adx_footerwebtemplateid_type": {                         "type": "string"                       },                       "createdon": {                         "type": "string"                       },                       "_createdby_value": {                         "type": "string"                       },                       "_createdby_type": {                         "type": "string"                       }                     },                     "required": [                       "@@odata.id",                       "@@odata.etag",                       "ItemInternalId",                       "adx_websiteid",                       "_adx_headerwebtemplateid_value",                       "_adx_headerwebtemplateid_type",                       "_owningbusinessunit_value",                       "_owningbusinessunit_type",                       "adx_website_language",                       "adx_name",                       "statecode",                       "_statecode_label",                       "statuscode",                       "_statuscode_label",                       "_adx_defaultlanguage_value",                       "_adx_defaultlanguage_type",                       "_ownerid_value",                       "_ownerid_type",                       "modifiedon",                       "adx_primarydomainname",                       "_modifiedby_value",                       "_modifiedby_type",                       "versionnumber",                       "_adx_footerwebtemplateid_value",                       "_adx_footerwebtemplateid_type",                       "createdon",                       "_createdby_value",                       "_createdby_type"                     ]                   }                 }               }             }           },           "runAfter": {             "Initialize_variable": [               "Succeeded"             ]           },           "metadata": {             "operationMetadataId": "9acb410a-f6f6-461a-b7f0-5f22102be79d"           },           "type": "Scope"         },         "Catch": {           "actions": {             "Response_2": {               "runAfter": {},               "metadata": {                 "operationMetadataId": "bcd5e452-d790-4dce-9eb8-e9fe3312e284"               },               "type": "Response",               "kind": "Http",               "inputs": {                 "statusCode": 200,                 "body": "@variables('Websites')",                 "schema": {                   "type": "array",                   "items": {                     "type": "object",                     "properties": {                       "@@odata.id": {                         "type": "string"                       },                       "@@odata.etag": {                         "type": "string"                       },                       "ItemInternalId": {                         "type": "string"                       },                       "adx_websiteid": {                         "type": "string"                       },                       "_adx_headerwebtemplateid_value": {                         "type": "string"                       },                       "_adx_headerwebtemplateid_type": {                         "type": "string"                       },                       "_owningbusinessunit_value": {                         "type": "string"                       },                       "_owningbusinessunit_type": {                         "type": "string"                       },                       "adx_website_language": {                         "type": "integer"                       },                       "adx_name": {                         "type": "string"                       },                       "statecode": {                         "type": "integer"                       },                       "_statecode_label": {                         "type": "string"                       },                       "statuscode": {                         "type": "integer"                       },                       "_statuscode_label": {                         "type": "string"                       },                       "_adx_defaultlanguage_value": {                         "type": "string"                       },                       "_adx_defaultlanguage_type": {                         "type": "string"                       },                       "_ownerid_value": {                         "type": "string"                       },                       "_ownerid_type": {                         "type": "string"                       },                       "modifiedon": {                         "type": "string"                       },                       "adx_primarydomainname": {                         "type": "string"                       },                       "_modifiedby_value": {                         "type": "string"                       },                       "_modifiedby_type": {                         "type": "string"                       },                       "versionnumber": {                         "type": "integer"                       },                       "_adx_footerwebtemplateid_value": {                         "type": "string"                       },                       "_adx_footerwebtemplateid_type": {                         "type": "string"                       },                       "createdon": {                         "type": "string"                       },                       "_createdby_value": {                         "type": "string"                       },                       "_createdby_type": {                         "type": "string"                       }                     },                     "required": [                       "@@odata.id",                       "@@odata.etag",                       "ItemInternalId",                       "adx_websiteid",                       "_adx_headerwebtemplateid_value",                       "_adx_headerwebtemplateid_type",                       "_owningbusinessunit_value",                       "_owningbusinessunit_type",                       "adx_website_language",                       "adx_name",                       "statecode",                       "_statecode_label",                       "statuscode",                       "_statuscode_label",                       "_adx_defaultlanguage_value",                       "_adx_defaultlanguage_type",                       "_ownerid_value",                       "_ownerid_type",                       "modifiedon",                       "adx_primarydomainname",                       "_modifiedby_value",                       "_modifiedby_type",                       "versionnumber",                       "_adx_footerwebtemplateid_value",                       "_adx_footerwebtemplateid_type",                       "createdon",                       "_createdby_value",                       "_createdby_type"                     ]                   }                 }               }             }           },           "runAfter": {             "Try": [               "Failed"             ]           },           "metadata": {             "operationMetadataId": "bdb57345-0d06-4d8b-bda3-92343d90ac0c"           },           "type": "Scope"         },         "Initialize_variable": {           "runAfter": {},           "metadata": {             "operationMetadataId": "8ca920fb-d3c4-4c5d-a1ee-be88fae4f93b"           },           "type": "InitializeVariable",           "inputs": {             "variables": [               {                 "name": "Websites",                 "type": "array"               }             ]           }         }       }     }   },   "schemaVersion": "1.0.0.0" }
