{   "properties": {     "connectionReferences": {       "shared_commondataserviceforapps": {         "runtimeSource": "embedded",         "connection": {           "connectionReferenceLogicalName": "cat_sharedcommondataserviceforapps_76cb1"         },         "api": {           "name": "shared_commondataserviceforapps"         }       }     },     "definition": {       "$schema": "https://schema.management.azure.com/providers/Microsoft.Logic/schemas/2016-06-01/workflowdefinition.json#",       "contentVersion": "1.0.0.0",       "parameters": {         "$connections": {           "defaultValue": {},           "type": "Object"         },         "$authentication": {           "defaultValue": {},           "type": "SecureObject"         }       },       "triggers": {         "manual": {           "metadata": {             "operationMetadataId": "dfdcfff4-66df-46f2-95ef-bba07eba203f"           },           "type": "Request",           "kind": "Button",           "inputs": {             "schema": {               "type": "object",               "properties": {},               "required": []             }           }         }       },       "actions": {         "Initialize_variable": {           "runAfter": {},           "metadata": {             "operationMetadataId": "2d108a61-c723-4372-b47b-83c0b1534255"           },           "type": "InitializeVariable",           "inputs": {             "variables": [               {                 "name": "lastUpdate",                 "type": "string",                 "value": "2018-01-01"               }             ]           }         },         "List_rows": {           "runAfter": {             "Initialize_variable_3": [               "Succeeded"             ]           },           "metadata": {             "operationMetadataId": "57baadb6-7702-443e-abc4-e90c40365bf1"           },           "type": "OpenApiConnection",           "inputs": {             "host": {               "connectionName": "shared_commondataserviceforapps",               "operationId": "ListRecords",               "apiId": "/providers/Microsoft.PowerApps/apis/shared_commondataserviceforapps"             },             "parameters": {               "entityName": "cat_releasehistories",               "$orderby": "cat_published desc",               "$top": 1             },             "authentication": {               "type": "Raw",               "value": "@json(decodeBase64(triggerOutputs().headers['X-MS-APIM-Tokens']))['$ConnectionKey']"             }           }         },         "Condition": {           "actions": {             "Set_variable": {               "runAfter": {},               "metadata": {                 "operationMetadataId": "93c8455d-13cc-490e-896d-a062f85588cb"               },               "type": "SetVariable",               "inputs": {                 "name": "lastUpdate",                 "value": "@{first(outputs('List_rows')?['body/value'])?['cat_published']}"               }             }           },           "runAfter": {             "List_rows": [               "Succeeded"             ]           },           "expression": {             "greater": [               "@length(outputs('List_rows')?['body/value'])",               0             ]           },           "metadata": {             "operationMetadataId": "1a9f5044-710c-41d9-85a2-4e592599112c"           },           "type": "If"         },         "Parse_JSON": {           "runAfter": {             "HTTP": [               "Succeeded"             ]           },           "metadata": {             "operationMetadataId": "66e28607-76c0-4ebb-9da1-8b284b379335"           },           "type": "ParseJson",           "inputs": {             "content": "@body('HTTP')",             "schema": {               "type": "array",               "items": {                 "type": "object",                 "properties": {                   "url": {                     "type": "string"                   },                   "assets_url": {                     "type": "string"                   },                   "upload_url": {                     "type": "string"                   },                   "html_url": {                     "type": "string"                   },                   "id": {                     "type": "integer"                   },                   "author": {                     "type": "object",                     "properties": {                       "login": {                         "type": "string"                       },                       "id": {                         "type": "integer"                       },                       "node_id": {                         "type": "string"                       },                       "avatar_url": {                         "type": "string"                       },                       "gravatar_id": {                         "type": "string"                       },                       "url": {                         "type": "string"                       },                       "html_url": {                         "type": "string"                       },                       "followers_url": {                         "type": "string"                       },                       "following_url": {                         "type": "string"                       },                       "gists_url": {                         "type": "string"                       },                       "starred_url": {                         "type": "string"                       },                       "subscriptions_url": {                         "type": "string"                       },                       "organizations_url": {                         "type": "string"                       },                       "repos_url": {                         "type": "string"                       },                       "events_url": {                         "type": "string"                       },                       "received_events_url": {                         "type": "string"                       },                       "type": {                         "type": "string"                       },                       "site_admin": {                         "type": "boolean"                       }                     }                   },                   "node_id": {                     "type": "string"                   },                   "tag_name": {                     "type": "string"                   },                   "target_commitish": {                     "type": "string"                   },                   "name": {                     "type": "string"                   },                   "draft": {                     "type": "boolean"                   },                   "prerelease": {                     "type": "boolean"                   },                   "created_at": {                     "type": "string"                   },                   "published_at": {                     "type": "string"                   },                   "assets": {                     "type": "array"                   },                   "tarball_url": {                     "type": "string"                   },                   "zipball_url": {                     "type": "string"                   },                   "body": {                     "type": "string"                   }                 },                 "required": [                   "url",                   "assets_url",                   "upload_url",                   "html_url",                   "id",                   "author",                   "node_id",                   "tag_name",                   "target_commitish",                   "name",                   "draft",                   "prerelease",                   "created_at",                   "published_at",                   "assets",                   "tarball_url",                   "zipball_url",                   "body"                 ]               }             }           }         },         "Apply_to_each_4": {           "foreach": "@body('Parse_JSON')",           "actions": {             "Condition_3": {               "actions": {                 "Add_a_new_row_2": {                   "runAfter": {},                   "metadata": {                     "operationMetadataId": "826ab384-2d74-40f1-801c-d03c8a6e8f57"                   },                   "type": "OpenApiConnection",                   "inputs": {                     "host": {                       "connectionName": "shared_commondataserviceforapps",                       "operationId": "CreateRecord",                       "apiId": "/providers/Microsoft.PowerApps/apis/shared_commondataserviceforapps"                     },                     "parameters": {                       "entityName": "cat_releasehistories",                       "item/cat_name": "@items('Apply_to_each_4')['name']",                       "item/cat_body": "@items('Apply_to_each_4')['body']",                       "item/cat_published": "@items('Apply_to_each_4')['published_at']",                       "item/cat_releaseid": "@items('Apply_to_each_4')['id']",                       "item/cat_repository": "coe-alm-accelerator-templates",                       "item/cat_tag": "@items('Apply_to_each_4')['tag_name']",                       "item/cat_url": "@items('Apply_to_each_4')['url']"                     },                     "authentication": {                       "type": "Raw",                       "value": "@json(decodeBase64(triggerOutputs().headers['X-MS-APIM-Tokens']))['$ConnectionKey']"                     }                   }                 },                 "Set_variable_2": {                   "runAfter": {                     "Add_a_new_row_2": [                       "Succeeded"                     ]                   },                   "metadata": {                     "operationMetadataId": "2379e8f3-1d03-4169-96bb-f2d8b069a1f7"                   },                   "type": "SetVariable",                   "inputs": {                     "name": "newRelease",                     "value": true                   }                 }               },               "runAfter": {},               "expression": {                 "greater": [                   "@items('Apply_to_each_4')['published_at']",                   "@variables('lastUpdate')"                 ]               },               "metadata": {                 "operationMetadataId": "d1a06766-d5d0-4d7e-99d1-5a7784d2efaa"               },               "type": "If"             }           },           "runAfter": {             "Parse_JSON": [               "Succeeded"             ]           },           "metadata": {             "operationMetadataId": "8e6d275b-c57c-4209-b7e6-ea2d8ca3b2ec"           },           "type": "Foreach"         },         "Respond_to_a_PowerApp_or_flow": {           "runAfter": {             "Condition_2": [               "Succeeded"             ]           },           "metadata": {             "operationMetadataId": "24c2f3c6-250f-4013-a8f4-0b473435d1e1"           },           "type": "Response",           "kind": "PowerApp",           "inputs": {             "statusCode": 200,             "body": {},             "schema": {               "type": "object",               "properties": {}             }           }         },         "Initialize_variable_2": {           "runAfter": {             "Initialize_variable": [               "Succeeded"             ]           },           "metadata": {             "operationMetadataId": "7fb624f5-942c-4962-bda5-b2aa65746e02"           },           "type": "InitializeVariable",           "inputs": {             "variables": [               {                 "name": "newRelease",                 "type": "boolean",                 "value": false               }             ]           }         },         "Condition_2": {           "actions": {             "Get_latest_release_tag": {               "runAfter": {},               "metadata": {                 "operationMetadataId": "a841d303-2975-49df-a7c5-394c17385d39"               },               "type": "OpenApiConnection",               "inputs": {                 "host": {                   "connectionName": "shared_commondataserviceforapps",                   "operationId": "ListRecords",                   "apiId": "/providers/Microsoft.PowerApps/apis/shared_commondataserviceforapps"                 },                 "parameters": {                   "entityName": "cat_releasehistories",                   "$orderby": "cat_published desc",                   "$top": 1                 },                 "authentication": {                   "type": "Raw",                   "value": "@json(decodeBase64(triggerOutputs().headers['X-MS-APIM-Tokens']))['$ConnectionKey']"                 }               }             },             "Create_Notification_(New_release_(s))": {               "runAfter": {                 "Get_latest_release_tag": [                   "Succeeded"                 ]               },               "metadata": {                 "operationMetadataId": "66972af7-9f62-4987-901e-f0c95a5cf25c"               },               "type": "OpenApiConnection",               "inputs": {                 "host": {                   "connectionName": "shared_commondataserviceforapps",                   "operationId": "CreateRecord",                   "apiId": "/providers/Microsoft.PowerApps/apis/shared_commondataserviceforapps"                 },                 "parameters": {                   "entityName": "appnotifications",                   "item/title": "Release History has been updated",                   "item/body": "Latest release is @{first(outputs('Get_latest_release_tag')?['body/value'])?['cat_tag']}",                   "item/icontype": 100000001                 },                 "authentication": {                   "type": "Raw",                   "value": "@json(decodeBase64(triggerOutputs().headers['X-MS-APIM-Tokens']))['$ConnectionKey']"                 }               }             }           },           "runAfter": {             "Apply_to_each_4": [               "Succeeded"             ]           },           "expression": {             "equals": [               "@variables('newRelease')",               true             ]           },           "metadata": {             "operationMetadataId": "e0ea11c5-ed5c-4f93-bcdf-0293e79c9917"           },           "type": "If"         },         "Initialize_variable_3": {           "runAfter": {             "Initialize_variable_2": [               "Succeeded"             ]           },           "metadata": {             "operationMetadataId": "16d20cfe-07b4-44f6-953d-ae69ef20c524"           },           "type": "InitializeVariable",           "inputs": {             "variables": [               {                 "name": "latestReleaseTag",                 "type": "string"               }             ]           }         },         "HTTP": {           "runAfter": {             "Condition": [               "Succeeded"             ]           },           "metadata": {             "operationMetadataId": "570787b8-0626-4730-af9f-56f7bbdef16e"           },           "type": "Http",           "inputs": {             "method": "GET",             "uri": "https://api.github.com/repos/microsoft/coe-alm-accelerator-templates/releases"           }         }       }     }   },   "schemaVersion": "1.0.0.0" }
