{   "properties": {     "connectionReferences": {       "shared_commondataservice": {         "runtimeSource": "invoker",         "connection": {           "connectionReferenceLogicalName": "cat_CDSDevOps"         },         "api": {           "name": "shared_commondataservice"         }       }     },     "definition": {       "$schema": "https://schema.management.azure.com/providers/Microsoft.Logic/schemas/2016-06-01/workflowdefinition.json#",       "contentVersion": "1.0.0.0",       "parameters": {         "$connections": {           "defaultValue": {},           "type": "Object"         },         "$authentication": {           "defaultValue": {},           "type": "SecureObject"         }       },       "triggers": {         "manual": {           "metadata": {             "operationMetadataId": "4d1d6ef1-98e3-409c-91ed-e33e2ac33239"           },           "type": "Request",           "kind": "PowerAppV2",           "inputs": {             "schema": {               "type": "object",               "properties": {                 "text": {                   "description": "Please enter your input",                   "title": "Region Subdomain",                   "type": "string",                   "x-ms-content-hint": "TEXT",                   "x-ms-dynamically-added": true                 },                 "text_1": {                   "description": "Environment Unique Name",                   "title": "Environment Unique Name",                   "type": "string",                   "x-ms-content-hint": "TEXT",                   "x-ms-dynamically-added": true                 },                 "text_2": {                   "description": "ID of the Solution",                   "title": "Solution ID",                   "type": "string",                   "x-ms-content-hint": "TEXT",                   "x-ms-dynamically-added": true                 }               },               "required": [                 "text",                 "text_1",                 "text_2"               ]             }           }         }       },       "actions": {         "Check_if_there_are_any_components_returned": {           "actions": {             "No_Solution_Components_Found_Return_Empty_Array": {               "runAfter": {},               "metadata": {                 "operationMetadataId": "a491fd65-02e7-46ae-af74-ff836ffa77b7"               },               "type": "Response",               "kind": "Http",               "inputs": {                 "statusCode": 200,                 "body": [],                 "schema": {                   "items": {                     "properties": {                       "@@odata.etag": {                         "type": "string"                       },                       "@@odata.id": {                         "type": "string"                       },                       "ItemInternalId": {                         "type": "string"                       },                       "_componentstate_label": {                         "type": "string"                       },                       "_createdby_type": {                         "type": "string"                       },                       "_createdby_value": {                         "type": "string"                       },                       "_modifiedby_type": {                         "type": "string"                       },                       "_modifiedby_value": {                         "type": "string"                       },                       "_ownerid_type": {                         "type": "string"                       },                       "_ownerid_value": {                         "type": "string"                       },                       "_owningbusinessunit_type": {                         "type": "string"                       },                       "_owningbusinessunit_value": {                         "type": "string"                       },                       "_parentdefinitionid_type": {                         "type": "string"                       },                       "_parentdefinitionid_value": {                         "type": "string"                       },                       "_statecode_label": {                         "type": "string"                       },                       "_statuscode_label": {                         "type": "string"                       },                       "_type_label": {                         "type": "string"                       },                       "apiid": {                         "type": "string"                       },                       "componentstate": {                         "type": "integer"                       },                       "createdon": {                         "type": "string"                       },                       "displayname": {                         "type": "string"                       },                       "environmentvariabledefinitionid": {                         "type": "string"                       },                       "environmentvariabledefinitionidunique": {                         "type": "string"                       },                       "introducedversion": {                         "type": "string"                       },                       "iscustomizable": {                         "type": "boolean"                       },                       "ismanaged": {                         "type": "boolean"                       },                       "isrequired": {                         "type": "boolean"                       },                       "modifiedon": {                         "type": "string"                       },                       "overwritetime": {                         "type": "string"                       },                       "parameterkey": {                         "type": "string"                       },                       "schemaname": {                         "type": "string"                       },                       "solutionid": {                         "type": "string"                       },                       "statecode": {                         "type": "integer"                       },                       "statuscode": {                         "type": "integer"                       },                       "type": {                         "type": "integer"                       },                       "versionnumber": {                         "type": "integer"                       }                     },                     "required": [                       "@@odata.id",                       "@@odata.etag",                       "ItemInternalId",                       "statecode",                       "_statecode_label",                       "environmentvariabledefinitionid",                       "statuscode",                       "_statuscode_label",                       "createdon",                       "_ownerid_value",                       "_ownerid_type",                       "modifiedon",                       "solutionid",                       "ismanaged",                       "versionnumber",                       "environmentvariabledefinitionidunique",                       "introducedversion",                       "displayname",                       "_modifiedby_value",                       "_modifiedby_type",                       "overwritetime",                       "type",                       "_type_label",                       "componentstate",                       "_componentstate_label",                       "schemaname",                       "_createdby_value",                       "_createdby_type",                       "_owningbusinessunit_value",                       "_owningbusinessunit_type",                       "isrequired",                       "iscustomizable"                     ],                     "type": "object"                   },                   "type": "array"                 }               }             }           },           "runAfter": {             "Initialize_variable": [               "Succeeded"             ]           },           "else": {             "actions": {               "Append_to_Object_Ids": {                 "runAfter": {                   "Select_Object_IDs": [                     "Succeeded"                   ]                 },                 "metadata": {                   "operationMetadataId": "fea6d823-144f-44fa-94c7-9821df72c8d5"                 },                 "type": "AppendToStringVariable",                 "inputs": {                   "name": "ObjectIds",                   "value": "@concat(concat('(environmentvariabledefinitionid eq ''', replace(replace(replace(join(body('Select_Object_IDs'), ','), '{\"objectid\":\"', ''), '\"}', ''), ',', ''' or environmentvariabledefinitionid eq ''')), ''')')"                 }               },               "Response": {                 "runAfter": {                   "Retrieve_Environment_Variable_Definition_Records": [                     "Succeeded"                   ]                 },                 "metadata": {                   "operationMetadataId": "92eacaad-f273-464e-bf88-593be678633a"                 },                 "type": "Response",                 "kind": "Http",                 "inputs": {                   "statusCode": 200,                   "body": "@outputs('Retrieve_Environment_Variable_Definition_Records')?['body/value']",                   "schema": {                     "items": {                       "properties": {                         "@@odata.etag": {                           "type": "string"                         },                         "@@odata.id": {                           "type": "string"                         },                         "ItemInternalId": {                           "type": "string"                         },                         "_componentstate_label": {                           "type": "string"                         },                         "_createdby_type": {                           "type": "string"                         },                         "_createdby_value": {                           "type": "string"                         },                         "_modifiedby_type": {                           "type": "string"                         },                         "_modifiedby_value": {                           "type": "string"                         },                         "_ownerid_type": {                           "type": "string"                         },                         "_ownerid_value": {                           "type": "string"                         },                         "_owningbusinessunit_type": {                           "type": "string"                         },                         "_owningbusinessunit_value": {                           "type": "string"                         },                         "_parentdefinitionid_type": {                           "type": "string"                         },                         "_parentdefinitionid_value": {                           "type": "string"                         },                         "_statecode_label": {                           "type": "string"                         },                         "_statuscode_label": {                           "type": "string"                         },                         "_type_label": {                           "type": "string"                         },                         "apiid": {                           "type": "string"                         },                         "componentstate": {                           "type": "integer"                         },                         "createdon": {                           "type": "string"                         },                         "displayname": {                           "type": "string"                         },                         "environmentvariabledefinitionid": {                           "type": "string"                         },                         "environmentvariabledefinitionidunique": {                           "type": "string"                         },                         "introducedversion": {                           "type": "string"                         },                         "iscustomizable": {                           "type": "boolean"                         },                         "ismanaged": {                           "type": "boolean"                         },                         "isrequired": {                           "type": "boolean"                         },                         "modifiedon": {                           "type": "string"                         },                         "overwritetime": {                           "type": "string"                         },                         "parameterkey": {                           "type": "string"                         },                         "schemaname": {                           "type": "string"                         },                         "solutionid": {                           "type": "string"                         },                         "statecode": {                           "type": "integer"                         },                         "statuscode": {                           "type": "integer"                         },                         "type": {                           "type": "integer"                         },                         "versionnumber": {                           "type": "integer"                         }                       },                       "required": [                         "@@odata.id",                         "@@odata.etag",                         "ItemInternalId",                         "statecode",                         "_statecode_label",                         "environmentvariabledefinitionid",                         "statuscode",                         "_statuscode_label",                         "createdon",                         "_ownerid_value",                         "_ownerid_type",                         "modifiedon",                         "solutionid",                         "ismanaged",                         "versionnumber",                         "environmentvariabledefinitionidunique",                         "introducedversion",                         "displayname",                         "_modifiedby_value",                         "_modifiedby_type",                         "overwritetime",                         "type",                         "_type_label",                         "componentstate",                         "_componentstate_label",                         "schemaname",                         "_createdby_value",                         "_createdby_type",                         "_owningbusinessunit_value",                         "_owningbusinessunit_type",                         "isrequired",                         "iscustomizable"                       ],                       "type": "object"                     },                     "type": "array"                   }                 }               },               "Retrieve_Environment_Variable_Definition_Records": {                 "runAfter": {                   "Append_to_Object_Ids": [                     "Succeeded"                   ]                 },                 "metadata": {                   "operationMetadataId": "897af67e-27ff-46a2-a07a-0de8062106c3"                 },                 "type": "OpenApiConnection",                 "inputs": {                   "host": {                     "connectionName": "shared_commondataservice",                     "operationId": "GetItems_V2",                     "apiId": "/providers/Microsoft.PowerApps/apis/shared_commondataservice"                   },                   "parameters": {                     "dataset": "@{triggerBody()['text_1']}.@{triggerBody()['text']}",                     "table": "environmentvariabledefinitions",                     "$filter": "@variables('ObjectIds')",                     "$orderby": "type asc, createdon asc"                   },                   "authentication": "@parameters('$authentication')"                 }               },               "Select_Object_IDs": {                 "runAfter": {},                 "metadata": {                   "operationMetadataId": "c331b8f6-f156-4379-b075-b089f35b2e37"                 },                 "type": "Select",                 "inputs": {                   "from": "@outputs('Get_Solution_Components')?['body/value']",                   "select": {                     "objectid": "@item()['objectid']"                   }                 }               }             }           },           "expression": {             "equals": [               "@length(body('Get_Solution_Components')?['value'])",               0             ]           },           "metadata": {             "operationMetadataId": "5a58d6e6-5c2b-480b-a398-eb5e0993ab7f"           },           "type": "If"         },         "Get_Solution_Components": {           "runAfter": {},           "metadata": {             "operationMetadataId": "58d0e85e-c392-4c81-b0ed-6e0ab93c2655"           },           "type": "OpenApiConnection",           "inputs": {             "host": {               "connectionName": "shared_commondataservice",               "operationId": "GetItems_V2",               "apiId": "/providers/Microsoft.PowerApps/apis/shared_commondataservice"             },             "parameters": {               "dataset": "@{triggerBody()['text_1']}.@{triggerBody()['text']}",               "table": "solutioncomponents",               "$filter": "_solutionid_value eq '@{triggerBody()['text_2']}' and componenttype eq 380"             },             "authentication": "@parameters('$authentication')"           }         },         "Initialize_variable": {           "runAfter": {             "Get_Solution_Components": [               "Succeeded"             ]           },           "metadata": {             "operationMetadataId": "716439c1-3181-484e-9d89-f387830e6e05"           },           "type": "InitializeVariable",           "inputs": {             "variables": [               {                 "name": "ObjectIds",                 "type": "string"               }             ]           }         }       },       "outputs": {}     }   },   "schemaVersion": "1.0.0.0" }
