{   "properties": {     "connectionReferences": {       "shared_commondataservice": {         "runtimeSource": "invoker",         "connection": {           "connectionReferenceLogicalName": "cat_CDSDevOps"         },         "api": {           "name": "shared_commondataservice"         }       }     },     "definition": {       "$schema": "https://schema.management.azure.com/providers/Microsoft.Logic/schemas/2016-06-01/workflowdefinition.json#",       "contentVersion": "1.0.0.0",       "parameters": {         "$connections": {           "defaultValue": {},           "type": "Object"         },         "$authentication": {           "defaultValue": {},           "type": "SecureObject"         }       },       "triggers": {         "manual": {           "metadata": {             "operationMetadataId": "6bda2eca-cedc-44f0-8e0c-abe909a38907"           },           "type": "Request",           "kind": "PowerAppV2",           "inputs": {             "schema": {               "type": "object",               "properties": {                 "text": {                   "description": "Region Subdomain",                   "title": "Region Subdomain",                   "type": "string",                   "x-ms-content-hint": "TEXT",                   "x-ms-dynamically-added": true                 },                 "text_1": {                   "description": "Environment Unique Name",                   "title": "Environment Unique Name",                   "type": "string",                   "x-ms-content-hint": "TEXT",                   "x-ms-dynamically-added": true                 },                 "text_2": {                   "description": "ID of the Solution",                   "title": "Solution ID",                   "type": "string",                   "x-ms-content-hint": "TEXT",                   "x-ms-dynamically-added": true                 }               },               "required": [                 "text",                 "text_1",                 "text_2"               ]             }           }         }       },       "actions": {         "Check_if_any_results_came_back_in_Connection_References": {           "actions": {             "No_Connection_References_Found_Return_Empty_Array": {               "runAfter": {},               "metadata": {                 "operationMetadataId": "203d59b1-aa34-425f-a7d7-daf9ee3d017f"               },               "type": "Response",               "kind": "Http",               "inputs": {                 "statusCode": 200,                 "body": [],                 "schema": {                   "items": {                     "properties": {                       "@@odata.etag": {                         "type": "string"                       },                       "@@odata.id": {                         "type": "string"                       },                       "ItemInternalId": {                         "type": "string"                       },                       "_componentstate_label": {                         "type": "string"                       },                       "_createdby_type": {                         "type": "string"                       },                       "_createdby_value": {                         "type": "string"                       },                       "_modifiedby_type": {                         "type": "string"                       },                       "_modifiedby_value": {                         "type": "string"                       },                       "_ownerid_type": {                         "type": "string"                       },                       "_ownerid_value": {                         "type": "string"                       },                       "_owningbusinessunit_type": {                         "type": "string"                       },                       "_owningbusinessunit_value": {                         "type": "string"                       },                       "_statecode_label": {                         "type": "string"                       },                       "_statuscode_label": {                         "type": "string"                       },                       "componentidunique": {                         "type": "string"                       },                       "componentstate": {                         "type": "integer"                       },                       "connectionid": {                         "type": "string"                       },                       "connectionreferencedisplayname": {                         "type": "string"                       },                       "connectionreferenceid": {                         "type": "string"                       },                       "connectionreferencelogicalname": {                         "type": "string"                       },                       "connectorid": {                         "type": "string"                       },                       "createdon": {                         "type": "string"                       },                       "iscustomizable": {                         "type": "boolean"                       },                       "ismanaged": {                         "type": "boolean"                       },                       "modifiedon": {                         "type": "string"                       },                       "overwritetime": {                         "type": "string"                       },                       "solutionid": {                         "type": "string"                       },                       "statecode": {                         "type": "integer"                       },                       "statuscode": {                         "type": "integer"                       },                       "versionnumber": {                         "type": "integer"                       },                       "CustomConnectorId": {                         "type": "string"                       }                     },                     "required": [                       "@@odata.id",                       "@@odata.etag",                       "ItemInternalId",                       "overwritetime",                       "connectionreferencelogicalname",                       "ismanaged",                       "connectionreferencedisplayname",                       "solutionid",                       "componentidunique",                       "connectionreferenceid",                       "statecode",                       "_statecode_label",                       "connectionid",                       "statuscode",                       "_statuscode_label",                       "_createdby_value",                       "_createdby_type",                       "_ownerid_value",                       "_ownerid_type",                       "componentstate",                       "_componentstate_label",                       "modifiedon",                       "connectorid",                       "_modifiedby_value",                       "_modifiedby_type",                       "versionnumber",                       "createdon",                       "_owningbusinessunit_value",                       "_owningbusinessunit_type",                       "iscustomizable",                       "CustomConnectorId"                     ],                     "type": "object"                   },                   "type": "array"                 }               }             }           },           "runAfter": {             "Initialize_ObjectIds": [               "Succeeded"             ]           },           "else": {             "actions": {               "Append_to_ConnectionReferenceIds": {                 "runAfter": {},                 "metadata": {                   "operationMetadataId": "ac4f7870-c526-4766-89cc-84d1f3b3f37c"                 },                 "type": "AppendToStringVariable",                 "inputs": {                   "name": "ConnectionReferenceIds",                   "value": "@concat(concat('(objectid eq ''', replace(replace(replace(join(body('Select_Connection_Reference_IDs'), ','), '{\"connectionreferenceid\":\"', ''), '\"}', ''), ',', ''' or objectid eq ''')), ''')')"                 }               },               "Check_if_any_results_came_back_in_Solution_Components": {                 "actions": {                   "No_Solution_Components_Found_Return_Empty_Array": {                     "runAfter": {},                     "metadata": {                       "operationMetadataId": "64e3b081-f925-49c5-810f-2fb02d7d7542"                     },                     "type": "Response",                     "kind": "Http",                     "inputs": {                       "statusCode": 200,                       "body": [],                       "schema": {                         "items": {                           "properties": {                             "@@odata.etag": {                               "type": "string"                             },                             "@@odata.id": {                               "type": "string"                             },                             "ItemInternalId": {                               "type": "string"                             },                             "_componentstate_label": {                               "type": "string"                             },                             "_createdby_type": {                               "type": "string"                             },                             "_createdby_value": {                               "type": "string"                             },                             "_modifiedby_type": {                               "type": "string"                             },                             "_modifiedby_value": {                               "type": "string"                             },                             "_ownerid_type": {                               "type": "string"                             },                             "_ownerid_value": {                               "type": "string"                             },                             "_owningbusinessunit_type": {                               "type": "string"                             },                             "_owningbusinessunit_value": {                               "type": "string"                             },                             "_statecode_label": {                               "type": "string"                             },                             "_statuscode_label": {                               "type": "string"                             },                             "componentidunique": {                               "type": "string"                             },                             "componentstate": {                               "type": "integer"                             },                             "connectionid": {                               "type": "string"                             },                             "connectionreferencedisplayname": {                               "type": "string"                             },                             "connectionreferenceid": {                               "type": "string"                             },                             "connectionreferencelogicalname": {                               "type": "string"                             },                             "connectorid": {                               "type": "string"                             },                             "createdon": {                               "type": "string"                             },                             "iscustomizable": {                               "type": "boolean"                             },                             "ismanaged": {                               "type": "boolean"                             },                             "modifiedon": {                               "type": "string"                             },                             "overwritetime": {                               "type": "string"                             },                             "solutionid": {                               "type": "string"                             },                             "statecode": {                               "type": "integer"                             },                             "statuscode": {                               "type": "integer"                             },                             "versionnumber": {                               "type": "integer"                             },                             "CustomConnectorId": {                               "type": "string"                             }                           },                           "required": [                             "@@odata.id",                             "@@odata.etag",                             "ItemInternalId",                             "overwritetime",                             "connectionreferencelogicalname",                             "ismanaged",                             "connectionreferencedisplayname",                             "solutionid",                             "componentidunique",                             "connectionreferenceid",                             "statecode",                             "_statecode_label",                             "connectionid",                             "statuscode",                             "_statuscode_label",                             "_createdby_value",                             "_createdby_type",                             "_ownerid_value",                             "_ownerid_type",                             "componentstate",                             "_componentstate_label",                             "modifiedon",                             "connectorid",                             "_modifiedby_value",                             "_modifiedby_type",                             "versionnumber",                             "createdon",                             "_owningbusinessunit_value",                             "_owningbusinessunit_type",                             "iscustomizable",                             "CustomConnectorId"                           ],                           "type": "object"                         },                         "type": "array"                       }                     }                   }                 },                 "runAfter": {                   "Get_Solution_Components": [                     "Succeeded"                   ]                 },                 "else": {                   "actions": {                     "Append_to_ObjectIds": {                       "runAfter": {                         "Select_Object_IDs": [                           "Succeeded"                         ]                       },                       "metadata": {                         "operationMetadataId": "a25d5d19-8326-4517-a6ee-781661e4f496"                       },                       "type": "AppendToStringVariable",                       "inputs": {                         "name": "ObjectIds",                         "value": "@concat(concat('(connectionreferenceid eq ''', replace(replace(replace(join(body('Select_Object_IDs'), ','), '{\"objectid\":\"', ''), '\"}', ''), ',', ''' or connectionreferenceid eq ''')), ''')')"                       }                     },                     "Response": {                       "runAfter": {                         "Retrieve_the_Solution_Connection_References": [                           "Succeeded"                         ]                       },                       "metadata": {                         "operationMetadataId": "2272177a-a632-4ad2-b15f-4b799ca6b5e0"                       },                       "type": "Response",                       "kind": "Http",                       "inputs": {                         "statusCode": 200,                         "body": "@outputs('Retrieve_the_Solution_Connection_References')?['body/value']",                         "schema": {                           "items": {                             "properties": {                               "@@odata.etag": {                                 "type": "string"                               },                               "@@odata.id": {                                 "type": "string"                               },                               "ItemInternalId": {                                 "type": "string"                               },                               "_componentstate_label": {                                 "type": "string"                               },                               "_createdby_type": {                                 "type": "string"                               },                               "_createdby_value": {                                 "type": "string"                               },                               "_modifiedby_type": {                                 "type": "string"                               },                               "_modifiedby_value": {                                 "type": "string"                               },                               "_ownerid_type": {                                 "type": "string"                               },                               "_ownerid_value": {                                 "type": "string"                               },                               "_owningbusinessunit_type": {                                 "type": "string"                               },                               "_owningbusinessunit_value": {                                 "type": "string"                               },                               "_statecode_label": {                                 "type": "string"                               },                               "_statuscode_label": {                                 "type": "string"                               },                               "componentidunique": {                                 "type": "string"                               },                               "componentstate": {                                 "type": "integer"                               },                               "connectionid": {                                 "type": "string"                               },                               "connectionreferencedisplayname": {                                 "type": "string"                               },                               "connectionreferenceid": {                                 "type": "string"                               },                               "connectionreferencelogicalname": {                                 "type": "string"                               },                               "connectorid": {                                 "type": "string"                               },                               "createdon": {                                 "type": "string"                               },                               "iscustomizable": {                                 "type": "boolean"                               },                               "ismanaged": {                                 "type": "boolean"                               },                               "modifiedon": {                                 "type": "string"                               },                               "overwritetime": {                                 "type": "string"                               },                               "solutionid": {                                 "type": "string"                               },                               "statecode": {                                 "type": "integer"                               },                               "statuscode": {                                 "type": "integer"                               },                               "versionnumber": {                                 "type": "integer"                               },                               "CustomConnectorId": {                                 "type": "string"                               }                             },                             "required": [                               "@@odata.id",                               "@@odata.etag",                               "ItemInternalId",                               "overwritetime",                               "connectionreferencelogicalname",                               "ismanaged",                               "connectionreferencedisplayname",                               "solutionid",                               "componentidunique",                               "connectionreferenceid",                               "statecode",                               "_statecode_label",                               "connectionid",                               "statuscode",                               "_statuscode_label",                               "_createdby_value",                               "_createdby_type",                               "_ownerid_value",                               "_ownerid_type",                               "componentstate",                               "_componentstate_label",                               "modifiedon",                               "connectorid",                               "_modifiedby_value",                               "_modifiedby_type",                               "versionnumber",                               "createdon",                               "_owningbusinessunit_value",                               "_owningbusinessunit_type",                               "iscustomizable",                               "CustomConnectorId"                             ],                             "type": "object"                           },                           "type": "array"                         }                       }                     },                     "Retrieve_the_Solution_Connection_References": {                       "runAfter": {                         "Append_to_ObjectIds": [                           "Succeeded"                         ]                       },                       "metadata": {                         "operationMetadataId": "61d749ea-ce3a-46ac-af95-ed35ee8dcf4e"                       },                       "type": "OpenApiConnection",                       "inputs": {                         "host": {                           "connectionName": "shared_commondataservice",                           "operationId": "GetItems_V2",                           "apiId": "/providers/Microsoft.PowerApps/apis/shared_commondataservice"                         },                         "parameters": {                           "dataset": "@{triggerBody()['text_1']}.@{triggerBody()['text']}",                           "table": "connectionreferences",                           "$filter": "@variables('ObjectIds')",                           "$orderby": "connectionreferencedisplayname asc",                           "$expand": "CustomConnectorId($select=name)"                         },                         "authentication": "@parameters('$authentication')"                       }                     },                     "Select_Object_IDs": {                       "runAfter": {},                       "metadata": {                         "operationMetadataId": "ac2419b8-8fd2-41e3-9c3d-8f85420bba08"                       },                       "type": "Select",                       "inputs": {                         "from": "@outputs('Get_Solution_Components')?['body/value']",                         "select": {                           "objectid": "@item()['objectid']"                         }                       }                     }                   }                 },                 "expression": {                   "equals": [                     "@length(body('Get_Solution_Components')?['value'])",                     0                   ]                 },                 "metadata": {                   "operationMetadataId": "edc50ba2-3ec2-4826-a181-fde95999dcf1"                 },                 "type": "If"               },               "Get_Solution_Components": {                 "runAfter": {                   "Append_to_ConnectionReferenceIds": [                     "Succeeded"                   ]                 },                 "metadata": {                   "operationMetadataId": "f1b3dfcd-f2d8-42ca-810c-96167c7f5d42"                 },                 "type": "OpenApiConnection",                 "inputs": {                   "host": {                     "connectionName": "shared_commondataservice",                     "operationId": "GetItems_V2",                     "apiId": "/providers/Microsoft.PowerApps/apis/shared_commondataservice"                   },                   "parameters": {                     "dataset": "@{triggerBody()['text_1']}.@{triggerBody()['text']}",                     "table": "solutioncomponents",                     "$filter": "_solutionid_value eq '@{triggerBody()['text_2']}' and @{variables('ConnectionReferenceIds')}"                   },                   "authentication": "@parameters('$authentication')"                 }               }             }           },           "expression": {             "equals": [               "@length(body('Retrieve_All_Connection_References')?['value'])",               0             ]           },           "metadata": {             "operationMetadataId": "107b8f97-4818-402f-b130-75bc8f95e2f0"           },           "type": "If"         },         "Initialize_Connection_Reference_IDs": {           "runAfter": {             "Select_Connection_Reference_IDs": [               "Succeeded"             ]           },           "metadata": {             "operationMetadataId": "72d15614-2266-4bc1-ac46-2cf5b2a7d613"           },           "type": "InitializeVariable",           "inputs": {             "variables": [               {                 "name": "ConnectionReferenceIds",                 "type": "string"               }             ]           }         },         "Initialize_ObjectIds": {           "runAfter": {             "Initialize_Connection_Reference_IDs": [               "Succeeded"             ]           },           "metadata": {             "operationMetadataId": "73da2700-b21a-4304-a40e-e1add3849eae"           },           "type": "InitializeVariable",           "inputs": {             "variables": [               {                 "name": "ObjectIds",                 "type": "string"               }             ]           }         },         "Retrieve_All_Connection_References": {           "runAfter": {},           "metadata": {             "operationMetadataId": "eceb0998-b17c-4ade-ba5b-367d452c53b9"           },           "type": "OpenApiConnection",           "inputs": {             "host": {               "connectionName": "shared_commondataservice",               "operationId": "GetItems_V2",               "apiId": "/providers/Microsoft.PowerApps/apis/shared_commondataservice"             },             "parameters": {               "dataset": "@{triggerBody()['text_1']}.@{triggerBody()['text']}",               "table": "connectionreferences"             },             "authentication": "@parameters('$authentication')"           }         },         "Select_Connection_Reference_IDs": {           "runAfter": {             "Retrieve_All_Connection_References": [               "Succeeded"             ]           },           "metadata": {             "operationMetadataId": "5b277ef2-c938-4886-b573-bdb87ae4924c"           },           "type": "Select",           "inputs": {             "from": "@outputs('Retrieve_All_Connection_References')?['body/value']",             "select": {               "connectionreferenceid": "@item()['connectionreferenceid']"             }           }         }       },       "outputs": {}     }   },   "schemaVersion": "1.0.0.0" }
