{   "properties": {     "connectionReferences": {},     "definition": {       "$schema": "https://schema.management.azure.com/providers/Microsoft.Logic/schemas/2016-06-01/workflowdefinition.json#",       "contentVersion": "1.0.0.0",       "parameters": {         "$authentication": {           "defaultValue": {},           "type": "SecureObject"         }       },       "triggers": {         "manual": {           "metadata": {             "operationMetadataId": "986b138b-2eef-4a85-b3df-ddb9572532d7"           },           "type": "Request",           "kind": "PowerAppV2",           "inputs": {             "schema": {               "type": "object",               "properties": {                 "text": {                   "description": "Enter the Settings JSON",                   "title": "SettingsJson",                   "type": "string",                   "x-ms-content-hint": "TEXT",                   "x-ms-dynamically-added": true                 }               },               "required": [                 "text"               ]             }           }         }       },       "actions": {         "Response": {           "runAfter": {},           "metadata": {             "operationMetadataId": "616d8608-e77b-4cce-8a60-02f287537e1e"           },           "type": "Response",           "kind": "Http",           "inputs": {             "statusCode": 200,             "body": "@triggerBody()['text']",             "schema": {               "type": "array",               "items": {                 "type": "object",                 "properties": {                   "Data": {                     "type": "string"                   },                   "Name": {                     "type": "string"                   },                   "Value": {                     "type": "string"                   }                 },                 "required": [                   "Name",                   "Value"                 ]               }             }           }         }       },       "outputs": {}     }   },   "schemaVersion": "1.0.0.0" }
