{   "properties": {     "connectionReferences": {       "shared_commondataservice": {         "runtimeSource": "invoker",         "connection": {           "connectionReferenceLogicalName": "cat_CDSDevOps"         },         "api": {           "name": "shared_commondataservice"         }       }     },     "definition": {       "$schema": "https://schema.management.azure.com/providers/Microsoft.Logic/schemas/2016-06-01/workflowdefinition.json#",       "contentVersion": "1.0.0.0",       "parameters": {         "$connections": {           "defaultValue": {},           "type": "Object"         },         "$authentication": {           "defaultValue": {},           "type": "SecureObject"         }       },       "triggers": {         "manual": {           "metadata": {             "operationMetadataId": "431d27ae-1200-4c82-8b6c-2c2e3efab660"           },           "type": "Request",           "kind": "PowerAppV2",           "inputs": {             "schema": {               "type": "object",               "properties": {                 "text": {                   "description": "Please enter your input",                   "title": "Region Subdomain",                   "type": "string",                   "x-ms-content-hint": "TEXT",                   "x-ms-dynamically-added": true                 },                 "text_1": {                   "description": "Environment Unique Name",                   "title": "Environment Unique Name",                   "type": "string",                   "x-ms-content-hint": "TEXT",                   "x-ms-dynamically-added": true                 },                 "text_3": {                   "description": "Search Text",                   "title": "Search Text",                   "type": "string",                   "x-ms-content-hint": "TEXT",                   "x-ms-dynamically-added": true                 }               },               "required": [                 "text",                 "text_1"               ]             }           }         }       },       "actions": {         "Initialize_Connector_Response": {           "runAfter": {},           "metadata": {             "operationMetadataId": "ae2b09c0-14bf-4640-8d84-87e9931a5192"           },           "type": "InitializeVariable",           "inputs": {             "variables": [               {                 "name": "ConnectorResponse",                 "type": "array"               }             ]           }         },         "Response": {           "runAfter": {             "Check_if_SearchText_is_Empty": [               "Succeeded"             ]           },           "metadata": {             "operationMetadataId": "90518026-da76-4632-9dd7-8102888050d1"           },           "type": "Response",           "kind": "Http",           "inputs": {             "statusCode": 200,             "body": "@variables('ConnectorResponse')",             "schema": {               "type": "array",               "items": {                 "type": "object",                 "properties": {                   "@@odata.id": {                     "type": "string"                   },                   "@@odata.etag": {                     "type": "string"                   },                   "ItemInternalId": {                     "type": "string"                   },                   "statecode": {                     "type": "integer"                   },                   "_statecode_label": {                     "type": "string"                   },                   "description": {                     "type": "string"                   },                   "createdon": {                     "type": "string"                   },                   "connectorinternalid": {                     "type": "string"                   },                   "iconbrandcolor": {                     "type": "string"                   },                   "_ownerid_value": {                     "type": "string"                   },                   "_ownerid_type": {                     "type": "string"                   },                   "connectorid": {                     "type": "string"                   },                   "name": {                     "type": "string"                   },                   "iconblob": {                     "type": "string"                   },                   "solutionid": {                     "type": "string"                   },                   "ismanaged": {                     "type": "boolean"                   },                   "versionnumber": {                     "type": "integer"                   },                   "introducedversion": {                     "type": "string"                   },                   "displayname": {                     "type": "string"                   },                   "_modifiedby_value": {                     "type": "string"                   },                   "_modifiedby_type": {                     "type": "string"                   },                   "openapidefinition": {                     "type": "string"                   },                   "statuscode": {                     "type": "integer"                   },                   "_statuscode_label": {                     "type": "string"                   },                   "overwritetime": {                     "type": "string"                   },                   "modifiedon": {                     "type": "string"                   },                   "componentstate": {                     "type": "integer"                   },                   "_componentstate_label": {                     "type": "string"                   },                   "_createdby_value": {                     "type": "string"                   },                   "_createdby_type": {                     "type": "string"                   },                   "connectoridunique": {                     "type": "string"                   },                   "_owningbusinessunit_value": {                     "type": "string"                   },                   "_owningbusinessunit_type": {                     "type": "string"                   },                   "policytemplateinstances": {                     "type": "string"                   },                   "connectionparameters": {                     "type": "string"                   },                   "iconblobid": {                     "type": "string"                   },                   "connectortype": {                     "type": "integer"                   },                   "_connectortype_label": {                     "type": "string"                   },                   "iscustomizable": {                     "type": "boolean"                   }                 },                 "required": [                   "@@odata.id",                   "@@odata.etag",                   "ItemInternalId",                   "statecode",                   "_statecode_label",                   "description",                   "createdon",                   "connectorinternalid",                   "iconbrandcolor",                   "_ownerid_value",                   "_ownerid_type",                   "connectorid",                   "name",                   "iconblob",                   "solutionid",                   "ismanaged",                   "versionnumber",                   "introducedversion",                   "displayname",                   "_modifiedby_value",                   "_modifiedby_type",                   "openapidefinition",                   "statuscode",                   "_statuscode_label",                   "overwritetime",                   "modifiedon",                   "componentstate",                   "_componentstate_label",                   "_createdby_value",                   "_createdby_type",                   "connectoridunique",                   "_owningbusinessunit_value",                   "_owningbusinessunit_type",                   "policytemplateinstances",                   "connectionparameters",                   "iconblobid",                   "connectortype",                   "_connectortype_label",                   "iscustomizable"                 ]               }             }           }         },         "Check_if_SearchText_is_Empty": {           "actions": {             "Get_All_Connectors": {               "runAfter": {},               "metadata": {                 "operationMetadataId": "e17d03eb-ede1-4ba5-9caf-db5dbff950c5"               },               "type": "OpenApiConnection",               "inputs": {                 "host": {                   "connectionName": "shared_commondataservice",                   "operationId": "GetItems_V2",                   "apiId": "/providers/Microsoft.PowerApps/apis/shared_commondataservice"                 },                 "parameters": {                   "dataset": "@{triggerBody()['text_1']}.@{triggerBody()['text']}",                   "table": "connectors",                   "$orderby": "name",                   "$top": 150                 },                 "authentication": "@parameters('$authentication')"               }             },             "Set_User_Response_to_Get_All_Connectors": {               "runAfter": {                 "Get_All_Connectors": [                   "Succeeded"                 ]               },               "metadata": {                 "operationMetadataId": "66f54c05-28eb-434c-a0e2-a83c9ef451ed"               },               "type": "SetVariable",               "inputs": {                 "name": "ConnectorResponse",                 "value": "@outputs('Get_All_Connectors')?['body/value']"               }             }           },           "runAfter": {             "Initialize_Connector_Response": [               "Succeeded"             ]           },           "else": {             "actions": {               "Search_Connectors": {                 "runAfter": {},                 "metadata": {                   "operationMetadataId": "9047b422-d58f-447a-bb76-1a1bb21565cf"                 },                 "type": "OpenApiConnection",                 "inputs": {                   "host": {                     "connectionName": "shared_commondataservice",                     "operationId": "GetItems_V2",                     "apiId": "/providers/Microsoft.PowerApps/apis/shared_commondataservice"                   },                   "parameters": {                     "dataset": "@{triggerBody()['text_1']}.@{triggerBody()['text']}",                     "table": "connectors",                     "$filter": "name eq '@{triggerBody()['text_3']}'",                     "$orderby": "name"                   },                   "authentication": "@parameters('$authentication')"                 }               },               "Set_User_Response_to_Search_Connectors": {                 "runAfter": {                   "Search_Connectors": [                     "Succeeded"                   ]                 },                 "metadata": {                   "operationMetadataId": "d7e587f7-08c3-47f9-a7d6-e914bd28312b"                 },                 "type": "SetVariable",                 "inputs": {                   "name": "ConnectorResponse",                   "value": "@outputs('Search_Connectors')?['body/value']"                 }               }             }           },           "expression": {             "equals": [               "@length(triggerBody()['text_3'])",               0             ]           },           "metadata": {             "operationMetadataId": "5ec83859-fc8c-4ea4-ad9f-e5057e5b046a"           },           "type": "If"         }       },       "outputs": {}     }   },   "schemaVersion": "1.0.0.0" }
