{   "properties": {     "connectionReferences": {       "shared_webcontents_1": {         "api": {           "name": "shared_webcontents"         },         "connection": {           "connectionReferenceLogicalName": "cat_sharedwebcontents_0df3a"         },         "runtimeSource": "invoker"       }     },     "definition": {       "$schema": "https://schema.management.azure.com/providers/Microsoft.Logic/schemas/2016-06-01/workflowdefinition.json#",       "actions": {         "Check_if_CurrentValue_is_Empty": {           "actions": {             "Check_if_SearchText_and_CurrentValue_is_Empty": {               "actions": {                 "Search_Sites_Current_Value_Empty_SearchText_Empty": {                   "inputs": {                     "authentication": "@parameters('$authentication')",                     "host": {                       "apiId": "/providers/Microsoft.PowerApps/apis/shared_webcontents",                       "connectionName": "shared_webcontents_1",                       "operationId": "InvokeHttp"                     },                     "parameters": {                       "request/method": "GET",                       "request/url": "https://graph.microsoft.com/v1.0/sites?search=*&$select=displayName,webUrl,id,name&$top=150"                     }                   },                   "metadata": {                     "operationMetadataId": "fc005d39-2c22-4439-8fc6-7fbb352322d2"                   },                   "runAfter": {},                   "type": "OpenApiConnection"                 },                 "Set_Response_1": {                   "inputs": {                     "name": "Response",                     "value": "@body('Search_Sites_Current_Value_Empty_SearchText_Empty')"                   },                   "metadata": {                     "operationMetadataId": "c2e000d6-6788-4bae-8722-12da78e530b7"                   },                   "runAfter": {                     "Search_Sites_Current_Value_Empty_SearchText_Empty": [                       "Succeeded"                     ]                   },                   "type": "SetVariable"                 }               },               "else": {                 "actions": {                   "Search_AAD_Groups_Current_Value_Empty_SearchText_Not": {                     "inputs": {                       "authentication": "@parameters('$authentication')",                       "host": {                         "apiId": "/providers/Microsoft.PowerApps/apis/shared_webcontents",                         "connectionName": "shared_webcontents_1",                         "operationId": "InvokeHttp"                       },                       "parameters": {                         "request/method": "GET",                         "request/url": "https://graph.microsoft.com/v1.0/sites?search=@{triggerBody()['text']}&$select=displayName,webUrl,id,name&$top=150"                       }                     },                     "metadata": {                       "operationMetadataId": "c8050d00-2367-4f50-b6f3-84a164a648b2"                     },                     "runAfter": {},                     "type": "OpenApiConnection"                   },                   "Set_Response_2": {                     "inputs": {                       "name": "Response",                       "value": "@body('Search_AAD_Groups_Current_Value_Empty_SearchText_Not')"                     },                     "metadata": {                       "operationMetadataId": "29e1eb47-0681-44db-841c-7b42d5a33fe7"                     },                     "runAfter": {                       "Search_AAD_Groups_Current_Value_Empty_SearchText_Not": [                         "Succeeded"                       ]                     },                     "type": "SetVariable"                   }                 }               },               "expression": {                 "equals": [                   "@length(triggerBody()?['text'])",                   0                 ]               },               "metadata": {                 "operationMetadataId": "c5bca1da-9a3c-4e8d-b50c-065e740d63b8"               },               "runAfter": {},               "type": "If"             }           },           "else": {             "actions": {               "Check_if_SearchText_Empty_and_CurrentValue_is_Not_Empty": {                 "actions": {                   "Search_All_Sites": {                     "inputs": {                       "authentication": "@parameters('$authentication')",                       "host": {                         "apiId": "/providers/Microsoft.PowerApps/apis/shared_webcontents",                         "connectionName": "shared_webcontents_1",                         "operationId": "InvokeHttp"                       },                       "parameters": {                         "request/method": "GET",                         "request/url": "https://graph.microsoft.com/v1.0/sites?search=*&$select=displayName,webUrl,id,name&$top=150"                       }                     },                     "metadata": {                       "operationMetadataId": "82edeae3-3e64-4be4-9d19-5604fa421879"                     },                     "runAfter": {                       "Search_Site_Groups_Current_Value_Not_Empty_SearchText_Empty": [                         "Succeeded"                       ]                     },                     "type": "OpenApiConnection"                   },                   "Search_Site_Groups_Current_Value_Not_Empty_SearchText_Empty": {                     "inputs": {                       "authentication": "@parameters('$authentication')",                       "host": {                         "apiId": "/providers/Microsoft.PowerApps/apis/shared_webcontents",                         "connectionName": "shared_webcontents_1",                         "operationId": "InvokeHttp"                       },                       "parameters": {                         "request/method": "GET",                         "request/url": "https://graph.microsoft.com/v1.0/sites?search=@{triggerBody()['text_1']}&$select=displayName,webUrl,id,name"                       }                     },                     "metadata": {                       "operationMetadataId": "fc005d39-2c22-4439-8fc6-7fbb352322d2"                     },                     "runAfter": {},                     "type": "OpenApiConnection"                   },                   "Set_Response_3": {                     "inputs": {                       "name": "Response",                       "value": {                         "value": "@union(outputs('Search_Site_Groups_Current_Value_Not_Empty_SearchText_Empty')?['body']?['value'], outputs('Search_All_Sites')?['body']?['value'])"                       }                     },                     "metadata": {                       "operationMetadataId": "f4137b24-d745-4d1c-b1af-7414ab537b8e"                     },                     "runAfter": {                       "Search_All_Sites": [                         "Succeeded"                       ]                     },                     "type": "SetVariable"                   }                 },                 "else": {                   "actions": {                     "Search_AAD_Groups_Current_Value_Empty_SearchText_Not_2": {                       "inputs": {                         "authentication": "@parameters('$authentication')",                         "host": {                           "apiId": "/providers/Microsoft.PowerApps/apis/shared_webcontents",                           "connectionName": "shared_webcontents_1",                           "operationId": "InvokeHttp"                         },                         "parameters": {                           "request/method": "GET",                           "request/url": "https://graph.microsoft.com/v1.0/sites?search=@{triggerBody()['text']}&$select=displayName,webUrl,id,name&$top=150"                         }                       },                       "metadata": {                         "operationMetadataId": "db373fdb-a6be-4552-a824-de263dd4c8cf"                       },                       "runAfter": {                         "Search_Site_Groups_Current_Value_Not_Empty_SearchText_Empty_2": [                           "Succeeded"                         ]                       },                       "type": "OpenApiConnection"                     },                     "Search_Site_Groups_Current_Value_Not_Empty_SearchText_Empty_2": {                       "inputs": {                         "authentication": "@parameters('$authentication')",                         "host": {                           "apiId": "/providers/Microsoft.PowerApps/apis/shared_webcontents",                           "connectionName": "shared_webcontents_1",                           "operationId": "InvokeHttp"                         },                         "parameters": {                           "request/method": "GET",                           "request/url": "https://graph.microsoft.com/v1.0/sites?search=@{triggerBody()['text_1']}&$select=displayName,webUrl,id,name"                         }                       },                       "metadata": {                         "operationMetadataId": "fc005d39-2c22-4439-8fc6-7fbb352322d2"                       },                       "runAfter": {},                       "type": "OpenApiConnection"                     },                     "Set_Response_4": {                       "inputs": {                         "name": "Response",                         "value": {                           "value": "@union(outputs('Search_Site_Groups_Current_Value_Not_Empty_SearchText_Empty_2')?['body']?['value'], outputs('Search_AAD_Groups_Current_Value_Empty_SearchText_Not_2')?['body']?['value'])"                         }                       },                       "metadata": {                         "operationMetadataId": "41f23b06-16e1-4f61-aaf2-3f3c95c23f19"                       },                       "runAfter": {                         "Search_AAD_Groups_Current_Value_Empty_SearchText_Not_2": [                           "Succeeded"                         ]                       },                       "type": "SetVariable"                     }                   }                 },                 "expression": {                   "equals": [                     "@length(triggerBody()?['text'])",                     0                   ]                 },                 "metadata": {                   "operationMetadataId": "52605ba4-c316-43e1-a6b9-a07ef358d531"                 },                 "runAfter": {},                 "type": "If"               }             }           },           "expression": {             "equals": [               "@length(triggerBody()?['text_1'])",               0             ]           },           "metadata": {             "operationMetadataId": "e94f9ec5-2f98-4b01-bd5d-479061196511"           },           "runAfter": {             "Initialize_variable": [               "Succeeded"             ]           },           "type": "If"         },         "Initialize_variable": {           "inputs": {             "variables": [               {                 "name": "Response",                 "type": "object"               }             ]           },           "metadata": {             "operationMetadataId": "5b65c198-8ac7-48a8-a06b-d5fed1dcb0b9"           },           "runAfter": {},           "type": "InitializeVariable"         },         "Response": {           "inputs": {             "body": "@variables('Response')",             "schema": {               "properties": {                 "@@odata.context": {                   "type": "string"                 },                 "value": {                   "items": {                     "properties": {                       "displayName": {                         "type": "string"                       },                       "id": {                         "type": "string"                       },                       "name": {                         "type": "string"                       },                       "webUrl": {                         "type": "string"                       }                     },                     "required": [                       "id",                       "name",                       "webUrl"                     ],                     "type": "object"                   },                   "type": "array"                 }               },               "type": "object"             },             "statusCode": 200           },           "kind": "Http",           "metadata": {             "operationMetadataId": "cdc29c31-1b09-4196-aa75-2d590e535344"           },           "runAfter": {             "Check_if_CurrentValue_is_Empty": [               "Succeeded"             ]           },           "type": "Response"         }       },       "contentVersion": "1.0.0.0",       "outputs": {},       "parameters": {         "$authentication": {           "defaultValue": {},           "type": "SecureObject"         },         "$connections": {           "defaultValue": {},           "type": "Object"         }       },       "triggers": {         "manual": {           "inputs": {             "schema": {               "properties": {                 "text": {                   "description": "Please enter your input",                   "title": "SearchText",                   "type": "string",                   "x-ms-content-hint": "TEXT",                   "x-ms-dynamically-added": true                 },                 "text_1": {                   "description": "Please enter your input",                   "title": "CurrentSiteUrl",                   "type": "string",                   "x-ms-content-hint": "TEXT",                   "x-ms-dynamically-added": true                 }               },               "required": [],               "type": "object"             }           },           "kind": "PowerAppV2",           "metadata": {             "operationMetadataId": "b1c159be-c8b0-44d0-a919-6369a3a24d78"           },           "type": "Request"         }       }     }   },   "schemaVersion": "1.0.0.0" }
