{   "properties": {     "connectionReferences": {       "shared_commondataservice": {         "runtimeSource": "invoker",         "connection": {           "connectionReferenceLogicalName": "cat_sharedcommondataservice_b1aba"         },         "api": {           "name": "shared_commondataservice"         }       }     },     "definition": {       "$schema": "https://schema.management.azure.com/providers/Microsoft.Logic/schemas/2016-06-01/workflowdefinition.json#",       "contentVersion": "1.0.0.0",       "parameters": {         "$connections": {           "defaultValue": {},           "type": "Object"         },         "$authentication": {           "defaultValue": {},           "type": "SecureObject"         }       },       "triggers": {         "manual": {           "metadata": {             "operationMetadataId": "9ec65d4d-27d4-401d-94f6-c571a2ce1066"           },           "type": "Request",           "kind": "PowerAppV2",           "inputs": {             "schema": {               "type": "object",               "properties": {                 "text": {                   "title": "Region Subdomain",                   "type": "string",                   "x-ms-dynamically-added": true,                   "description": "Please enter your input",                   "x-ms-content-hint": "TEXT"                 },                 "text_1": {                   "title": "Environment Unique Name",                   "type": "string",                   "x-ms-dynamically-added": true,                   "description": "Please enter your input",                   "x-ms-content-hint": "TEXT"                 },                 "text_2": {                   "title": "Current Business Unit Name",                   "type": "string",                   "x-ms-dynamically-added": true,                   "description": "Please enter your input",                   "x-ms-content-hint": "TEXT"                 }               },               "required": [                 "text",                 "text_1",                 "text_2"               ]             }           }         }       },       "actions": {         "Initialize_variable": {           "runAfter": {},           "metadata": {             "operationMetadataId": "2dd3dd7a-9407-4b44-8b9b-c10f5f1e07f7"           },           "type": "InitializeVariable",           "inputs": {             "variables": [               {                 "name": "BusinessUnitResponse",                 "type": "array"               }             ]           }         },         "Check_if_Current_Value_is_Empty": {           "actions": {             "Get_All_Business_Units": {               "runAfter": {},               "metadata": {                 "operationMetadataId": "f7222bf6-38fc-42c8-a44b-a6a3c76c9a54"               },               "type": "OpenApiConnection",               "inputs": {                 "host": {                   "connectionName": "shared_commondataservice",                   "operationId": "GetItems_V2",                   "apiId": "/providers/Microsoft.PowerApps/apis/shared_commondataservice"                 },                 "parameters": {                   "dataset": "@{triggerBody()['text_1']}.@{triggerBody()['text']}",                   "table": "businessunits",                   "$orderby": "name"                 },                 "authentication": "@parameters('$authentication')"               }             },             "Set_User_Response_to_Get_All_Business_Units": {               "runAfter": {                 "Get_All_Business_Units": [                   "Succeeded"                 ]               },               "metadata": {                 "operationMetadataId": "9eaaa305-7ebd-4c4a-9cf7-1646c58754c3"               },               "type": "SetVariable",               "inputs": {                 "name": "BusinessUnitResponse",                 "value": "@outputs('Get_All_Business_Units')?['body/value']"               }             }           },           "runAfter": {             "Initialize_variable": [               "Succeeded"             ]           },           "else": {             "actions": {               "Current_Value_is_Not_Empty_and_SearchText_is_Empty": {                 "runAfter": {},                 "metadata": {                   "operationMetadataId": "9a71efdb-8356-477e-9756-5ba639c655b0"                 },                 "type": "OpenApiConnection",                 "inputs": {                   "host": {                     "connectionName": "shared_commondataservice",                     "operationId": "GetItems_V2",                     "apiId": "/providers/Microsoft.PowerApps/apis/shared_commondataservice"                   },                   "parameters": {                     "dataset": "@{triggerBody()['text_1']}.@{triggerBody()['text']}",                     "table": "businessunits",                     "$filter": "@triggerBody()['text_2']",                     "$orderby": "name"                   },                   "authentication": "@parameters('$authentication')"                 }               },               "Get_All_Business_Units_2": {                 "runAfter": {                   "Current_Value_is_Not_Empty_and_SearchText_is_Empty": [                     "Succeeded"                   ]                 },                 "metadata": {                   "operationMetadataId": "09503602-265e-4b1a-9f0b-f820ac39e3ba"                 },                 "type": "OpenApiConnection",                 "inputs": {                   "host": {                     "connectionName": "shared_commondataservice",                     "operationId": "GetItems_V2",                     "apiId": "/providers/Microsoft.PowerApps/apis/shared_commondataservice"                   },                   "parameters": {                     "dataset": "@{triggerBody()['text_1']}.@{triggerBody()['text']}",                     "table": "businessunits",                     "$orderby": "name"                   },                   "authentication": "@parameters('$authentication')"                 }               }             }           },           "expression": {             "equals": [               "@length(triggerBody()['text_2'])",               0             ]           },           "metadata": {             "operationMetadataId": "6a5ec403-bb16-4a25-85ee-080369157ead"           },           "type": "If"         },         "Response": {           "runAfter": {             "Check_if_Current_Value_is_Empty": [               "Succeeded"             ]           },           "metadata": {             "operationMetadataId": "0511c04c-1527-42fa-adaa-3589efdf93d4"           },           "type": "Response",           "kind": "Http",           "inputs": {             "statusCode": 200,             "body": "@variables('BusinessUnitResponse')",             "schema": {               "type": "array",               "items": {                 "type": "object",                 "properties": {                   "@@odata.id": {                     "type": "string"                   },                   "@@odata.etag": {                     "type": "string"                   },                   "ItemInternalId": {                     "type": "string"                   },                   "inheritancemask": {                     "type": "integer"                   },                   "modifiedon": {                     "type": "string"                   },                   "createdon": {                     "type": "string"                   },                   "versionnumber": {                     "type": "integer"                   },                   "isdisabled": {                     "type": "boolean"                   },                   "name": {                     "type": "string"                   },                   "_organizationid_value": {                     "type": "string"                   },                   "_organizationid_type": {                     "type": "string"                   },                   "businessunitid": {                     "type": "string"                   },                   "_address2_addresstypecode_label": {                     "type": "string"                   },                   "_address1_addresstypecode_label": {                     "type": "string"                   }                 },                 "required": [                   "@@odata.id",                   "@@odata.etag",                   "ItemInternalId",                   "inheritancemask",                   "modifiedon",                   "createdon",                   "versionnumber",                   "isdisabled",                   "name",                   "_organizationid_value",                   "_organizationid_type",                   "businessunitid",                   "_address2_addresstypecode_label",                   "_address1_addresstypecode_label"                 ]               }             }           }         }       }     }   },   "schemaVersion": "1.0.0.0" }
