{   "properties": {     "connectionReferences": {       "shared_commondataservice_1": {         "runtimeSource": "invoker",         "connection": {           "connectionReferenceLogicalName": "cat_CDSDevOps"         },         "api": {           "name": "shared_commondataservice"         }       }     },     "definition": {       "$schema": "https://schema.management.azure.com/providers/Microsoft.Logic/schemas/2016-06-01/workflowdefinition.json#",       "contentVersion": "1.0.0.0",       "parameters": {         "$connections": {           "defaultValue": {},           "type": "Object"         },         "$authentication": {           "defaultValue": {},           "type": "SecureObject"         }       },       "triggers": {         "manual": {           "metadata": {             "operationMetadataId": "431d27ae-1200-4c82-8b6c-2c2e3efab660"           },           "type": "Request",           "kind": "PowerAppV2",           "inputs": {             "schema": {               "type": "object",               "properties": {                 "text": {                   "description": "Please enter your input",                   "title": "Region Subdomain",                   "type": "string",                   "x-ms-content-hint": "TEXT",                   "x-ms-dynamically-added": true                 },                 "text_1": {                   "description": "Environment Unique Name",                   "title": "Environment Unique Name",                   "type": "string",                   "x-ms-content-hint": "TEXT",                   "x-ms-dynamically-added": true                 },                 "text_3": {                   "description": "Search Text",                   "title": "Search Text",                   "type": "string",                   "x-ms-content-hint": "TEXT",                   "x-ms-dynamically-added": true                 },                 "text_4": {                   "description": "Current Team Name",                   "title": "Current Team Name",                   "type": "string",                   "x-ms-content-hint": "TEXT",                   "x-ms-dynamically-added": true                 }               },               "required": [                 "text",                 "text_1"               ]             }           }         }       },       "actions": {         "Check_if_Current_Value_is_Empty": {           "actions": {             "Check_if_Current_Value_and_SearchText_is_Empty": {               "actions": {                 "Get_All_Teams": {                   "runAfter": {},                   "metadata": {                     "operationMetadataId": "e17d03eb-ede1-4ba5-9caf-db5dbff950c5"                   },                   "type": "OpenApiConnection",                   "inputs": {                     "host": {                       "connectionName": "shared_commondataservice_1",                       "operationId": "GetItems_V2",                       "apiId": "/providers/Microsoft.PowerApps/apis/shared_commondataservice"                     },                     "parameters": {                       "dataset": "@{triggerBody()['text_1']}.@{triggerBody()['text']}",                       "table": "teams",                       "$filter": "teamtype eq 2",                       "$orderby": "name",                       "$top": 150                     },                     "authentication": "@parameters('$authentication')"                   }                 },                 "Set_User_Response_to_Get_All_Teams": {                   "runAfter": {                     "Get_All_Teams": [                       "Succeeded"                     ]                   },                   "metadata": {                     "operationMetadataId": "66f54c05-28eb-434c-a0e2-a83c9ef451ed"                   },                   "type": "SetVariable",                   "inputs": {                     "name": "TeamResponse",                     "value": "@outputs('Get_All_Teams')?['body/value']"                   }                 }               },               "runAfter": {},               "else": {                 "actions": {                   "Search_Teams": {                     "runAfter": {},                     "metadata": {                       "operationMetadataId": "9047b422-d58f-447a-bb76-1a1bb21565cf"                     },                     "type": "OpenApiConnection",                     "inputs": {                       "host": {                         "connectionName": "shared_commondataservice_1",                         "operationId": "GetItems_V2",                         "apiId": "/providers/Microsoft.PowerApps/apis/shared_commondataservice"                       },                       "parameters": {                         "dataset": "@{triggerBody()['text_1']}.@{triggerBody()['text']}",                         "table": "teams",                         "$filter": "teamtype eq 2 and (startswith(name, '@{triggerBody()['text_3']}') )",                         "$orderby": "name",                         "$top": 150                       },                       "authentication": "@parameters('$authentication')"                     }                   },                   "Set_User_Response_to_Search_Teams": {                     "runAfter": {                       "Search_Teams": [                         "Succeeded"                       ]                     },                     "metadata": {                       "operationMetadataId": "d7e587f7-08c3-47f9-a7d6-e914bd28312b"                     },                     "type": "SetVariable",                     "inputs": {                       "name": "TeamResponse",                       "value": "@outputs('Search_Teams')?['body/value']"                     }                   }                 }               },               "expression": {                 "equals": [                   "@length(triggerBody()['text_3'])",                   0                 ]               },               "metadata": {                 "operationMetadataId": "5ec83859-fc8c-4ea4-ad9f-e5057e5b046a"               },               "type": "If"             }           },           "runAfter": {             "Initialize_Team_Response": [               "Succeeded"             ]           },           "else": {             "actions": {               "Check_if_Current_Value_is_Not_Empty_and_SearchText_is_Empty": {                 "actions": {                   "Current_Value_is_Not_Empty_and_SearchText_is_Empty": {                     "runAfter": {},                     "metadata": {                       "operationMetadataId": "e17d03eb-ede1-4ba5-9caf-db5dbff950c5"                     },                     "type": "OpenApiConnection",                     "inputs": {                       "host": {                         "connectionName": "shared_commondataservice_1",                         "operationId": "GetItems_V2",                         "apiId": "/providers/Microsoft.PowerApps/apis/shared_commondataservice"                       },                       "parameters": {                         "dataset": "@{triggerBody()['text_1']}.@{triggerBody()['text']}",                         "table": "teams",                         "$filter": "teamtype eq 2 and @{triggerBody()?['text_4']}",                         "$orderby": "name",                         "$top": 150                       },                       "authentication": "@parameters('$authentication')"                     }                   },                   "Get_All_Teams_2": {                     "runAfter": {                       "Current_Value_is_Not_Empty_and_SearchText_is_Empty": [                         "Succeeded"                       ]                     },                     "metadata": {                       "operationMetadataId": "e17d03eb-ede1-4ba5-9caf-db5dbff950c5"                     },                     "type": "OpenApiConnection",                     "inputs": {                       "host": {                         "connectionName": "shared_commondataservice_1",                         "operationId": "GetItems_V2",                         "apiId": "/providers/Microsoft.PowerApps/apis/shared_commondataservice"                       },                       "parameters": {                         "dataset": "@{triggerBody()['text_1']}.@{triggerBody()['text']}",                         "table": "teams",                         "$filter": "teamtype eq 2",                         "$orderby": "name",                         "$top": 150                       },                       "authentication": "@parameters('$authentication')"                     }                   },                   "Set_Team_Response_Current_Value_is_Not_Empty_and_SearchText_is_Empty": {                     "runAfter": {                       "Get_All_Teams_2": [                         "Succeeded"                       ]                     },                     "metadata": {                       "operationMetadataId": "66f54c05-28eb-434c-a0e2-a83c9ef451ed"                     },                     "type": "SetVariable",                     "inputs": {                       "name": "TeamResponse",                       "value": "@union(outputs('Current_Value_is_Not_Empty_and_SearchText_is_Empty')?['body/value'],outputs('Get_All_Teams_2')?['body/value'])"                     }                   }                 },                 "runAfter": {},                 "else": {                   "actions": {                     "Search_for_Current_Team(s)": {                       "runAfter": {},                       "metadata": {                         "operationMetadataId": "9047b422-d58f-447a-bb76-1a1bb21565cf"                       },                       "type": "OpenApiConnection",                       "inputs": {                         "host": {                           "connectionName": "shared_commondataservice_1",                           "operationId": "GetItems_V2",                           "apiId": "/providers/Microsoft.PowerApps/apis/shared_commondataservice"                         },                         "parameters": {                           "dataset": "@{triggerBody()['text_1']}.@{triggerBody()['text']}",                           "table": "teams",                           "$filter": "teamtype eq 2 and @{triggerBody()?['text_4']}",                           "$orderby": "name",                           "$top": 150                         },                         "authentication": "@parameters('$authentication')"                       }                     },                     "Search_for_Teams_based_on_SearchText": {                       "runAfter": {                         "Search_for_Current_Team(s)": [                           "Succeeded"                         ]                       },                       "metadata": {                         "operationMetadataId": "9047b422-d58f-447a-bb76-1a1bb21565cf"                       },                       "type": "OpenApiConnection",                       "inputs": {                         "host": {                           "connectionName": "shared_commondataservice_1",                           "operationId": "GetItems_V2",                           "apiId": "/providers/Microsoft.PowerApps/apis/shared_commondataservice"                         },                         "parameters": {                           "dataset": "@{triggerBody()['text_1']}.@{triggerBody()['text']}",                           "table": "teams",                           "$filter": "teamtype eq 2 and (startswith(name, '@{triggerBody()['text_3']}') )",                           "$orderby": "name",                           "$top": 150                         },                         "authentication": "@parameters('$authentication')"                       }                     },                     "Set_Team_Response_to_Search_Teams_for_SearchText_and_CurrentUser": {                       "runAfter": {                         "Search_for_Teams_based_on_SearchText": [                           "Succeeded"                         ]                       },                       "metadata": {                         "operationMetadataId": "d7e587f7-08c3-47f9-a7d6-e914bd28312b"                       },                       "type": "SetVariable",                       "inputs": {                         "name": "TeamResponse",                         "value": "@union(outputs('Search_for_Current_Team(s)')?['body/value'], outputs('Search_for_Teams_based_on_SearchText')?['body/value'])"                       }                     }                   }                 },                 "expression": {                   "equals": [                     "@length(triggerBody()['text_3'])",                     0                   ]                 },                 "metadata": {                   "operationMetadataId": "5ec83859-fc8c-4ea4-ad9f-e5057e5b046a"                 },                 "type": "If"               }             }           },           "expression": {             "equals": [               "@length(triggerBody()?['text_4'])",               0             ]           },           "metadata": {             "operationMetadataId": "5021dee1-f337-4d02-9d3b-a38020e765ed"           },           "type": "If"         },         "Initialize_Team_Response": {           "runAfter": {},           "metadata": {             "operationMetadataId": "ae2b09c0-14bf-4640-8d84-87e9931a5192"           },           "type": "InitializeVariable",           "inputs": {             "variables": [               {                 "name": "TeamResponse",                 "type": "array"               }             ]           }         },         "Response": {           "runAfter": {             "Check_if_Current_Value_is_Empty": [               "Succeeded"             ]           },           "metadata": {             "operationMetadataId": "90518026-da76-4632-9dd7-8102888050d1"           },           "type": "Response",           "kind": "Http",           "inputs": {             "statusCode": 200,             "body": "@variables('TeamResponse')",             "schema": {               "items": {                 "properties": {                   "@@odata.etag": {                     "type": "string"                   },                   "@@odata.id": {                     "type": "string"                   },                   "ItemInternalId": {                     "type": "string"                   },                   "_administratorid_type": {                     "type": "string"                   },                   "_administratorid_value": {                     "type": "string"                   },                   "_businessunitid_type": {                     "type": "string"                   },                   "_businessunitid_value": {                     "type": "string"                   },                   "_createdby_type": {                     "type": "string"                   },                   "_createdby_value": {                     "type": "string"                   },                   "_membershiptype_label": {                     "type": "string"                   },                   "_modifiedby_type": {                     "type": "string"                   },                   "_modifiedby_value": {                     "type": "string"                   },                   "_teamtype_label": {                     "type": "string"                   },                   "azureactivedirectoryobjectid": {                     "type": "string"                   },                   "createdon": {                     "type": "string"                   },                   "isdefault": {                     "type": "boolean"                   },                   "membershiptype": {                     "type": "integer"                   },                   "modifiedon": {                     "type": "string"                   },                   "name": {                     "type": "string"                   },                   "organizationid": {                     "type": "string"                   },                   "systemmanaged": {                     "type": "boolean"                   },                   "teamid": {                     "type": "string"                   },                   "teamtype": {                     "type": "integer"                   },                   "versionnumber": {                     "type": "integer"                   }                 },                 "required": [                   "@@odata.id",                   "@@odata.etag",                   "ItemInternalId",                   "organizationid",                   "_businessunitid_value",                   "_businessunitid_type",                   "azureactivedirectoryobjectid",                   "teamid",                   "_administratorid_value",                   "_administratorid_type",                   "systemmanaged",                   "isdefault",                   "teamtype",                   "_teamtype_label",                   "membershiptype",                   "_membershiptype_label",                   "modifiedon",                   "_modifiedby_value",                   "_modifiedby_type",                   "versionnumber",                   "createdon",                   "name",                   "_createdby_value",                   "_createdby_type"                 ],                 "type": "object"               },               "type": "array"             }           }         }       },       "outputs": {}     }   },   "schemaVersion": "1.0.0.0" }
