{   "properties": {     "connectionReferences": {},     "definition": {       "$schema": "https://schema.management.azure.com/providers/Microsoft.Logic/schemas/2016-06-01/workflowdefinition.json#",       "contentVersion": "1.0.0.0",       "parameters": {         "$authentication": {           "defaultValue": {},           "type": "SecureObject"         }       },       "triggers": {         "Recurrence": {           "recurrence": {             "frequency": "Day",             "interval": 1,             "schedule": {               "hours": [                 "10"               ]             }           },           "metadata": {             "operationMetadataId": "2946dccc-7e91-4faf-845d-7ac23812a42a"           },           "type": "Recurrence"         }       },       "actions": {         "Run_a_Child_Flow": {           "runAfter": {},           "metadata": {             "operationMetadataId": "28a9d7bc-7db9-4e6d-bee0-3e37a4b9543f"           },           "type": "Workflow",           "inputs": {             "host": {               "workflowReferenceName": "745e5d0d-f62e-ed11-9db1-000d3adabdfc"             }           }         }       }     }   },   "schemaVersion": "1.0.0.0" }
