{   "properties": {     "connectionReferences": {},     "definition": {       "$schema": "https://schema.management.azure.com/providers/Microsoft.Logic/schemas/2016-06-01/workflowdefinition.json#",       "contentVersion": "1.0.0.0",       "parameters": {         "$authentication": {           "defaultValue": {},           "type": "SecureObject"         }       },       "triggers": {         "manual": {           "metadata": {             "operationMetadataId": "a5c10cd6-7cbe-44c9-bc9c-5991025f66c6"           },           "type": "Request",           "kind": "PowerApp",           "inputs": {             "schema": {               "type": "object",               "properties": {},               "required": []             }           }         }       },       "actions": {         "Run_a_Child_Flow": {           "runAfter": {},           "metadata": {             "operationMetadataId": "5c011058-f3d5-439e-95b3-eea8a758d33f"           },           "type": "Workflow",           "inputs": {             "host": {               "workflowReferenceName": "745e5d0d-f62e-ed11-9db1-000d3adabdfc"             }           }         },         "Respond_to_a_PowerApp_or_flow": {           "runAfter": {             "Run_a_Child_Flow": [               "Succeeded"             ]           },           "metadata": {             "operationMetadataId": "bf57f180-42a6-4148-a60a-d4b2b413801f"           },           "type": "Response",           "kind": "PowerApp",           "inputs": {             "statusCode": 200,             "body": {},             "schema": {               "type": "object",               "properties": {}             }           }         }       }     }   },   "schemaVersion": "1.0.0.0" }
