<environmentvariabledefinition schemaname="admin_DeleteBrokenConnectionsAgeDays">
  <defaultvalue>30</defaultvalue>
  <description default="Delete Broken Connections this many days since they were modified">
    <label description="Delete Broken Connections this many days since they were modified" languagecode="1033" />
  </description>
  <displayname default="Delete Broken Connections Age (Days)">
    <label description="Delete Broken Connections Age (Days)" languagecode="1033" />
  </displayname>
  <introducedversion>2.17.1</introducedversion>
  <iscustomizable>1</iscustomizable>
  <isrequired>0</isrequired>
  <secretstore>0</secretstore>
  <type>100000001</type>
</environmentvariabledefinition>