<environmentvariabledefinition schemaname="admin_PowerPlatformMakeSecurityGroup">
  <description default="Enter the ID of the Microsoft 365 group which will contain all your Power Platform Makers.  It is needed to communicate and share apps with them.">
    <label description="Enter the ID of the Microsoft 365 group which will contain all your Power Platform Makers.  It is needed to communicate and share apps with them." languagecode="1033" />
  </description>
  <displayname default="Power Platform Maker Group ID">
    <label description="Power Platform Maker Group ID" languagecode="1033" />
  </displayname>
  <introducedversion>1.16</introducedversion>
  <iscustomizable>1</iscustomizable>
  <isrequired>0</isrequired>
  <secretstore>0</secretstore>
  <type>100000000</type>
</environmentvariabledefinition>