<ImportExportXml version="9.2.22081.182" SolutionPackageVersion="9.2" languagecode="1033" generatedBy="CrmLive" xmlns:xsi="http://www.w3.org/2001/XMLSchema-instance">
  <SolutionManifest>
    <UniqueName>CenterofExcellenceCoreComponentsTeams</UniqueName>
    <LocalizedNames>
      <LocalizedName description="Center of Excellence - Core Components for Teams" languagecode="1033" />
    </LocalizedNames>
    <Descriptions />
    <Version>3.26</Version>
    <Managed>1</Managed>
    <Publisher>
      <UniqueName>powerplatformadmin</UniqueName>
      <LocalizedNames>
        <LocalizedName description="Power Platform Admin" languagecode="1033" />
      </LocalizedNames>
      <Descriptions />
      <EMailAddress xsi:nil="true"></EMailAddress>
      <SupportingWebsiteUrl xsi:nil="true"></SupportingWebsiteUrl>
      <CustomizationPrefix>admin</CustomizationPrefix>
      <CustomizationOptionValuePrefix>59791</CustomizationOptionValuePrefix>
      <Addresses>
        <Address>
          <AddressNumber>1</AddressNumber>
          <AddressTypeCode>1</AddressTypeCode>
          <City xsi:nil="true"></City>
          <County xsi:nil="true"></County>
          <Country xsi:nil="true"></Country>
          <Fax xsi:nil="true"></Fax>
          <FreightTermsCode xsi:nil="true"></FreightTermsCode>
          <ImportSequenceNumber xsi:nil="true"></ImportSequenceNumber>
          <Latitude xsi:nil="true"></Latitude>
          <Line1 xsi:nil="true"></Line1>
          <Line2 xsi:nil="true"></Line2>
          <Line3 xsi:nil="true"></Line3>
          <Longitude xsi:nil="true"></Longitude>
          <Name xsi:nil="true"></Name>
          <PostalCode xsi:nil="true"></PostalCode>
          <PostOfficeBox xsi:nil="true"></PostOfficeBox>
          <PrimaryContactName xsi:nil="true"></PrimaryContactName>
          <ShippingMethodCode>1</ShippingMethodCode>
          <StateOrProvince xsi:nil="true"></StateOrProvince>
          <Telephone1 xsi:nil="true"></Telephone1>
          <Telephone2 xsi:nil="true"></Telephone2>
          <Telephone3 xsi:nil="true"></Telephone3>
          <TimeZoneRuleVersionNumber xsi:nil="true"></TimeZoneRuleVersionNumber>
          <UPSZone xsi:nil="true"></UPSZone>
          <UTCOffset xsi:nil="true"></UTCOffset>
          <UTCConversionTimeZoneCode xsi:nil="true"></UTCConversionTimeZoneCode>
        </Address>
        <Address>
          <AddressNumber>2</AddressNumber>
          <AddressTypeCode>1</AddressTypeCode>
          <City xsi:nil="true"></City>
          <County xsi:nil="true"></County>
          <Country xsi:nil="true"></Country>
          <Fax xsi:nil="true"></Fax>
          <FreightTermsCode xsi:nil="true"></FreightTermsCode>
          <ImportSequenceNumber xsi:nil="true"></ImportSequenceNumber>
          <Latitude xsi:nil="true"></Latitude>
          <Line1 xsi:nil="true"></Line1>
          <Line2 xsi:nil="true"></Line2>
          <Line3 xsi:nil="true"></Line3>
          <Longitude xsi:nil="true"></Longitude>
          <Name xsi:nil="true"></Name>
          <PostalCode xsi:nil="true"></PostalCode>
          <PostOfficeBox xsi:nil="true"></PostOfficeBox>
          <PrimaryContactName xsi:nil="true"></PrimaryContactName>
          <ShippingMethodCode>1</ShippingMethodCode>
          <StateOrProvince xsi:nil="true"></StateOrProvince>
          <Telephone1 xsi:nil="true"></Telephone1>
          <Telephone2 xsi:nil="true"></Telephone2>
          <Telephone3 xsi:nil="true"></Telephone3>
          <TimeZoneRuleVersionNumber xsi:nil="true"></TimeZoneRuleVersionNumber>
          <UPSZone xsi:nil="true"></UPSZone>
          <UTCOffset xsi:nil="true"></UTCOffset>
          <UTCConversionTimeZoneCode xsi:nil="true"></UTCConversionTimeZoneCode>
        </Address>
      </Addresses>
    </Publisher>
    <RootComponents>
      <RootComponent type="1" schemaName="admin_app" behavior="0" />
      <RootComponent type="1" schemaName="admin_appcatalogfeedback" behavior="0" />
      <RootComponent type="1" schemaName="admin_archiveapproval" behavior="0" />
      <RootComponent type="1" schemaName="admin_auditlog" behavior="0" />
      <RootComponent type="1" schemaName="admin_businessprocessflows" behavior="0" />
      <RootComponent type="1" schemaName="admin_coesettings" behavior="0" />
      <RootComponent type="1" schemaName="admin_coesolutionmetadata" behavior="0" />
      <RootComponent type="1" schemaName="admin_commandcenterconfig" behavior="0" />
      <RootComponent type="1" schemaName="admin_connectionreference" behavior="0" />
      <RootComponent type="1" schemaName="admin_connectionreferenceidentity" behavior="0" />
      <RootComponent type="1" schemaName="admin_connector" behavior="0" />
      <RootComponent type="1" schemaName="admin_customizedemail" behavior="0" />
      <RootComponent type="1" schemaName="admin_dlppolicy" behavior="0" />
      <RootComponent type="1" schemaName="admin_environment" behavior="0" />
      <RootComponent type="1" schemaName="admin_environmentaddons" behavior="0" />
      <RootComponent type="1" schemaName="admin_environmentbusinessarea" behavior="0" />
      <RootComponent type="1" schemaName="admin_environmentcapacity" behavior="0" />
      <RootComponent type="1" schemaName="admin_flow" behavior="0" />
      <RootComponent type="1" schemaName="admin_flowactiondetail" behavior="0" />
      <RootComponent type="1" schemaName="admin_flowresource" behavior="0" />
      <RootComponent type="1" schemaName="admin_maker" behavior="0" />
      <RootComponent type="1" schemaName="admin_portal" behavior="0" />
      <RootComponent type="1" schemaName="admin_powerplatformuser" behavior="0" />
      <RootComponent type="1" schemaName="admin_powerplatformuserrole" behavior="0" />
      <RootComponent type="1" schemaName="admin_pva" behavior="0" />
      <RootComponent type="1" schemaName="admin_pvacomponent" behavior="0" />
      <RootComponent type="1" schemaName="admin_pvacomponentflowlookup" behavior="0" />
      <RootComponent type="1" schemaName="admin_rpa" behavior="0" />
      <RootComponent type="1" schemaName="admin_rpasessions" behavior="0" />
      <RootComponent type="1" schemaName="admin_solution" behavior="0" />
      <RootComponent type="1" schemaName="admin_syncflowerrors" behavior="0" />
      <RootComponent type="1" schemaName="coe_dlppolicychangerequest" behavior="0" />
      <RootComponent type="1" schemaName="coe_environmentcreationrequest" behavior="0" />
      <RootComponent type="9" schemaName="admin_adminrequirementriskassessmentstate" behavior="0" />
      <RootComponent type="9" schemaName="admin_approvalstatus" behavior="0" />
      <RootComponent type="9" schemaName="admin_businessimpact" behavior="0" />
      <RootComponent type="9" schemaName="admin_category" behavior="0" />
      <RootComponent type="9" schemaName="admin_coeobjecttypechoice" behavior="0" />
      <RootComponent type="9" schemaName="admin_coesolutionareaoptions" behavior="0" />
      <RootComponent type="9" schemaName="admin_coesolutionoptions" behavior="0" />
      <RootComponent type="9" schemaName="admin_dataclassification" behavior="0" />
      <RootComponent type="9" schemaName="admin_envallocationtype" behavior="0" />
      <RootComponent type="9" schemaName="admin_powerappstype" behavior="0" />
      <RootComponent type="9" schemaName="admin_resourcetype" behavior="0" />
      <RootComponent type="9" schemaName="admin_riskassessment" behavior="0" />
      <RootComponent type="9" schemaName="admin_teamsenvstatus" behavior="0" />
      <RootComponent type="9" schemaName="coe_envsku" behavior="0" />
      <RootComponent type="9" schemaName="cr5d5_archivalitemtype" behavior="0" />
      <RootComponent type="29" id="{043d28d9-9288-eb11-a812-000d3a573ecc}" behavior="0" />
      <RootComponent type="29" id="{04b5f2be-08f7-ec11-bb3d-000d3a10bc1d}" behavior="0" />
      <RootComponent type="29" id="{0ad4fe7a-6a5f-ec11-8f8f-0022481d6e1e}" behavior="0" />
      <RootComponent type="29" id="{0ca18fdb-ac43-ec11-8c62-00224829b4c1}" behavior="0" />
      <RootComponent type="29" id="{0d504ee6-70fb-eb11-94ef-002248237d7d}" behavior="0" />
      <RootComponent type="29" id="{108a99ef-b08c-eb11-a812-000d3a1f6308}" behavior="0" />
      <RootComponent type="29" id="{1f3f24ff-c717-ec11-b6e6-000d3a1c26f9}" behavior="0" />
      <RootComponent type="29" id="{1f5dba85-7d32-ec11-b6e5-000d3a582a55}" behavior="0" />
      <RootComponent type="29" id="{21a5c4f1-5080-ec11-8d21-002248320bcd}" behavior="0" />
      <RootComponent type="29" id="{2617d7a7-2c3b-eb11-a813-000d3a1bb495}" behavior="0" />
      <RootComponent type="29" id="{2e6ae3e2-8afb-eb11-94ef-002248237d7d}" behavior="0" />
      <RootComponent type="29" id="{2fc7b51e-b7d9-eb11-bacb-000d3a17efe1}" behavior="0" />
      <RootComponent type="29" id="{309dccc8-a76b-ec11-8943-00224828fb29}" behavior="0" />
      <RootComponent type="29" id="{3acddf40-8d5e-ec11-8f8f-0022481d6e1e}" behavior="0" />
      <RootComponent type="29" id="{40a1aac1-ddde-eb11-bacb-000d3a55a7c8}" behavior="0" />
      <RootComponent type="29" id="{41263d72-4dea-eb11-bacb-000d3a5786fb}" behavior="0" />
      <RootComponent type="29" id="{41419923-ab44-eb11-a813-000d3a8f4ad6}" behavior="0" />
      <RootComponent type="29" id="{4259a982-eb6c-ec11-8943-002248266489}" behavior="0" />
      <RootComponent type="29" id="{5625768c-bd3d-ec11-8c63-00224829720b}" behavior="0" />
      <RootComponent type="29" id="{6093b58a-4fea-eb11-bacb-000d3a578f6c}" behavior="0" />
      <RootComponent type="29" id="{69c0077e-df40-eb11-a813-000d3a8f4ad6}" behavior="0" />
      <RootComponent type="29" id="{6bd20554-9bfb-eb11-94ef-002248237d7d}" behavior="0" />
      <RootComponent type="29" id="{6d77f624-a761-ec11-8f8f-000d3a13d289}" behavior="0" />
      <RootComponent type="29" id="{6fda1b2d-3904-ec11-94ef-00224826a4d2}" behavior="0" />
      <RootComponent type="29" id="{7deee377-b0d1-ec11-a7b5-002248250ae2}" behavior="0" />
      <RootComponent type="29" id="{7e1ddb35-613d-eb11-a813-000d3a8f4ad6}" behavior="0" />
      <RootComponent type="29" id="{7ebb10a6-5041-eb11-a813-000d3a8f4ad6}" behavior="0" />
      <RootComponent type="29" id="{8091a1f0-1042-eb11-a813-000d3a8f4ad6}" behavior="0" />
      <RootComponent type="29" id="{81ea7ac4-910a-ec11-b6e6-000d3a8c225c}" behavior="0" />
      <RootComponent type="29" id="{9301f01a-cb40-ec11-8c62-00224829b4c1}" behavior="0" />
      <RootComponent type="29" id="{9a470548-58fc-eb11-94ef-002248237f74}" behavior="0" />
      <RootComponent type="29" id="{9cc88b7b-4968-ec11-8f8f-000d3a13d289}" behavior="0" />
      <RootComponent type="29" id="{9e9fff08-a643-eb11-a813-000d3a1bb495}" behavior="0" />
      <RootComponent type="29" id="{a3b69137-40e3-eb11-bacb-000d3a99e2c3}" behavior="0" />
      <RootComponent type="29" id="{a3f8f6e9-82ed-ec11-bb3d-000d3a8fbe6e}" behavior="0" />
      <RootComponent type="29" id="{ae1ef367-1b3e-eb11-a813-000d3a8f4ad6}" behavior="0" />
      <RootComponent type="29" id="{b0edf614-ad0f-eb11-a814-000d3a1bb7bb}" behavior="0" />
      <RootComponent type="29" id="{b1404de5-6444-eb11-a813-000d3a8f4ad6}" behavior="0" />
      <RootComponent type="29" id="{b38b49ee-41fc-eb11-94ef-002248237d7d}" behavior="0" />
      <RootComponent type="29" id="{b3f4f0d4-cb1b-ec11-b6e6-00224828c7b0}" behavior="0" />
      <RootComponent type="29" id="{b94b3718-c23f-eb11-a813-000d3a8f4ad6}" behavior="0" />
      <RootComponent type="29" id="{bc9de9b5-a8ed-ec11-bb3d-000d3a8fbe6e}" behavior="0" />
      <RootComponent type="29" id="{c41e6337-aa28-ed11-9db1-0022481ff2d8}" behavior="0" />
      <RootComponent type="29" id="{ccf69c24-e160-eb11-a812-000d3a9a8a99}" behavior="0" />
      <RootComponent type="29" id="{d264b64d-d3ef-eb11-bacb-000d3a10f3ed}" behavior="0" />
      <RootComponent type="29" id="{d753f10f-f03e-eb11-a813-000d3a8f4ad6}" behavior="0" />
      <RootComponent type="29" id="{d9f8df64-c838-eb11-a813-000d3a1bb495}" behavior="0" />
      <RootComponent type="29" id="{e05cfb27-740d-eb11-a814-000d3a1bb7bb}" behavior="0" />
      <RootComponent type="29" id="{e1c9b288-f98c-eb11-a812-000d3a1f6a72}" behavior="0" />
      <RootComponent type="29" id="{e55e412f-bf69-ec11-8943-002248266489}" behavior="0" />
      <RootComponent type="29" id="{ee5e288e-42f2-ec11-bb3d-000d3a1342bf}" behavior="0" />
      <RootComponent type="29" id="{f67e1e35-4cd5-ec11-a7b5-0022482783b7}" behavior="0" />
      <RootComponent type="29" id="{f75822c8-c4b4-eb11-8236-000d3a15f3cc}" behavior="0" />
      <RootComponent type="29" id="{f98071ee-73a6-eb11-b1ac-000d3a19e1b0}" behavior="0" />
      <RootComponent type="29" id="{ffd82928-64fc-eb11-94ef-002248237d7d}" behavior="0" />
      <RootComponent type="300" schemaName="admin_adminaccessthisapp_3a757" behavior="0" />
      <RootComponent type="300" schemaName="admin_adminaccessthisflow_886fb" behavior="0" />
      <RootComponent type="300" schemaName="admin_admincommandcenter_78913" behavior="0" />
      <RootComponent type="300" schemaName="admin_appcatalog_90b40" behavior="0" />
      <RootComponent type="300" schemaName="admin_developercompliancecenterteamsversion_65ff0" behavior="0" />
      <RootComponent type="300" schemaName="admin_dlpeditorv2_fcf06" behavior="0" />
      <RootComponent type="300" schemaName="admin_makercommandcenter_af559" behavior="0" />
      <RootComponent type="300" schemaName="admin_powerplatformadminview_4f3be" behavior="0" />
      <RootComponent type="300" schemaName="admin_setflowpermissions_ce2bb" behavior="0" />
      <RootComponent type="300" schemaName="admin_setnewappowner_2ac35" behavior="0" />
      <RootComponent type="300" schemaName="coe_environmentcreationrequest_bbe9d" behavior="0" />
      <RootComponent type="300" schemaName="coe_environmentrequestappadmin_58e3b" behavior="0" />
      <RootComponent type="431" schemaName="admin_maker admin_photoobject" behavior="0" />
      <RootComponent type="431" schemaName="admin_powerplatformuser admin_photoobject" behavior="0" />
      <RootComponent type="432" schemaName="admin_maker" behavior="0" />
      <RootComponent type="432" schemaName="admin_powerplatformuser" behavior="0" />
    </RootComponents>
    <MissingDependencies>
      <MissingDependency>
        <Required type="1" schemaName="connectionreference" displayName="Connection Reference" solution="PowerPlatformConnectionReferences (1.2.7.0)">
          <package>PowerPlatformConnectionReferencesAnchor (1.2.5.0)</package>
        </Required>
        <Dependent type="300" schemaName="admin_developercompliancecenterteamsversion_65ff0" displayName="Developer Compliance Center (Teams version)" />
      </MissingDependency>
      <MissingDependency>
        <Required type="1" schemaName="environmentvariabledefinition" displayName="Environment Variable Definition" solution="EnvironmentVariables (1.0.2.128)" />
        <Dependent type="29" displayName="Command Center App &gt;  Get M365 Service Messages" id="{b38b49ee-41fc-eb11-94ef-002248237d7d}" />
      </MissingDependency>
      <MissingDependency>
        <Required type="1" schemaName="environmentvariabledefinition" displayName="Environment Variable Definition" solution="EnvironmentVariables (1.0.2.128)" />
        <Dependent type="300" schemaName="admin_admincommandcenter_78913" displayName="Admin - Command Center" />
      </MissingDependency>
      <MissingDependency>
        <Required type="1" schemaName="environmentvariabledefinition" displayName="Environment Variable Definition" solution="EnvironmentVariables (1.0.2.128)" />
        <Dependent type="300" schemaName="admin_appcatalog_90b40" displayName="App Catalog" />
      </MissingDependency>
      <MissingDependency>
        <Required type="1" schemaName="environmentvariabledefinition" displayName="Environment Variable Definition" solution="EnvironmentVariables (1.0.2.128)" />
        <Dependent type="300" schemaName="admin_developercompliancecenterteamsversion_65ff0" displayName="Developer Compliance Center (Teams version)" />
      </MissingDependency>
      <MissingDependency>
        <Required type="1" schemaName="environmentvariabledefinition" displayName="Environment Variable Definition" solution="EnvironmentVariables (1.0.2.128)" />
        <Dependent type="300" schemaName="admin_setflowpermissions_ce2bb" displayName="Set Flow Permissions" />
      </MissingDependency>
      <MissingDependency>
        <Required type="1" schemaName="environmentvariabledefinition" displayName="Environment Variable Definition" solution="EnvironmentVariables (1.0.2.128)" />
        <Dependent type="300" schemaName="admin_setnewappowner_2ac35" displayName="Set App Permissions" />
      </MissingDependency>
      <MissingDependency>
        <Required type="1" schemaName="environmentvariabledefinition" displayName="Environment Variable Definition" solution="EnvironmentVariables (1.0.2.128)" />
        <Dependent type="300" schemaName="coe_environmentcreationrequest_bbe9d" displayName="Maker - Environment Request" />
      </MissingDependency>
      <MissingDependency>
        <Required type="1" schemaName="environmentvariabledefinition" displayName="Environment Variable Definition" solution="EnvironmentVariables (1.0.2.128)" />
        <Dependent type="300" schemaName="coe_environmentrequestappadmin_58e3b" displayName="Admin - Environment Request" />
      </MissingDependency>
      <MissingDependency>
        <Required type="1" schemaName="environmentvariablevalue" displayName="Environment Variable Value" solution="EnvironmentVariables (1.0.2.128)" />
        <Dependent type="29" displayName="Command Center App &gt;  Get M365 Service Messages" id="{b38b49ee-41fc-eb11-94ef-002248237d7d}" />
      </MissingDependency>
      <MissingDependency>
        <Required type="1" schemaName="environmentvariablevalue" displayName="Environment Variable Value" solution="EnvironmentVariables (1.0.2.128)" />
        <Dependent type="300" schemaName="admin_admincommandcenter_78913" displayName="Admin - Command Center" />
      </MissingDependency>
      <MissingDependency>
        <Required type="1" schemaName="environmentvariablevalue" displayName="Environment Variable Value" solution="EnvironmentVariables (1.0.2.128)" />
        <Dependent type="300" schemaName="admin_appcatalog_90b40" displayName="App Catalog" />
      </MissingDependency>
      <MissingDependency>
        <Required type="1" schemaName="environmentvariablevalue" displayName="Environment Variable Value" solution="EnvironmentVariables (1.0.2.128)" />
        <Dependent type="300" schemaName="admin_developercompliancecenterteamsversion_65ff0" displayName="Developer Compliance Center (Teams version)" />
      </MissingDependency>
      <MissingDependency>
        <Required type="1" schemaName="environmentvariablevalue" displayName="Environment Variable Value" solution="EnvironmentVariables (1.0.2.128)" />
        <Dependent type="300" schemaName="admin_setflowpermissions_ce2bb" displayName="Set Flow Permissions" />
      </MissingDependency>
      <MissingDependency>
        <Required type="1" schemaName="environmentvariablevalue" displayName="Environment Variable Value" solution="EnvironmentVariables (1.0.2.128)" />
        <Dependent type="300" schemaName="admin_setnewappowner_2ac35" displayName="Set App Permissions" />
      </MissingDependency>
      <MissingDependency>
        <Required type="1" schemaName="environmentvariablevalue" displayName="Environment Variable Value" solution="EnvironmentVariables (1.0.2.128)" />
        <Dependent type="300" schemaName="coe_environmentcreationrequest_bbe9d" displayName="Maker - Environment Request" />
      </MissingDependency>
      <MissingDependency>
        <Required type="1" schemaName="environmentvariablevalue" displayName="Environment Variable Value" solution="EnvironmentVariables (1.0.2.128)" />
        <Dependent type="300" schemaName="coe_environmentrequestappadmin_58e3b" displayName="Admin - Environment Request" />
      </MissingDependency>
      <MissingDependency>
        <Required type="66" schemaName="MscrmControls.FlipSwitch.FlipSwitchControl" displayName="MscrmControls.FlipSwitch.FlipSwitchControl" solution="CustomControlsCore (9.2.22081.00182)" />
        <Dependent type="60" displayName="App Main Form" parentDisplayName="PowerApps App" id="{6dad0a69-1879-4f73-94ad-3b40ff425429}" />
      </MissingDependency>
      <MissingDependency>
        <Required type="66" schemaName="MscrmControls.ModelForm.ModelFormControl" displayName="MscrmControls.ModelForm.ModelFormControl" solution="BaseCustomControlsCore (9.0.2208.1009)" />
        <Dependent type="60" displayName="Information" parentDisplayName="Archive Approval " id="{5467ed9f-589e-4209-864b-782b41ba2f9e}" />
      </MissingDependency>
      <MissingDependency>
        <Required type="66" schemaName="MscrmControls.OptionSet.OptionSetControl" displayName="MscrmControls.OptionSet.OptionSetControl" solution="CustomControlsCore (9.2.22081.00182)" />
        <Dependent type="60" displayName="App Main Form" parentDisplayName="PowerApps App" id="{6dad0a69-1879-4f73-94ad-3b40ff425429}" />
      </MissingDependency>
    </MissingDependencies>
  </SolutionManifest>
</ImportExportXml>